-- MySQL dump 10.13  Distrib 5.7.19, for Linux (aarch64)
--
-- Host: 127.0.0.1    Database: pdp
-- ------------------------------------------------------
-- Server version	5.7.19

/*!40101 SET @OLD_CHARACTER_SET_CLIENT=@@CHARACTER_SET_CLIENT */;
/*!40101 SET @OLD_CHARACTER_SET_RESULTS=@@CHARACTER_SET_RESULTS */;
/*!40101 SET @OLD_COLLATION_CONNECTION=@@COLLATION_CONNECTION */;
/*!40101 SET NAMES utf8 */;
/*!40103 SET @OLD_TIME_ZONE=@@TIME_ZONE */;
/*!40103 SET TIME_ZONE='+00:00' */;
/*!40014 SET @OLD_UNIQUE_CHECKS=@@UNIQUE_CHECKS, UNIQUE_CHECKS=0 */;
/*!40014 SET @OLD_FOREIGN_KEY_CHECKS=@@FOREIGN_KEY_CHECKS, FOREIGN_KEY_CHECKS=0 */;
/*!40101 SET @OLD_SQL_MODE=@@SQL_MODE, SQL_MODE='NO_AUTO_VALUE_ON_ZERO' */;
/*!40111 SET @OLD_SQL_NOTES=@@SQL_NOTES, SQL_NOTES=0 */;

--
-- Table structure for table `comment`
--

DROP TABLE IF EXISTS `comment`;
/*!40101 SET @saved_cs_client     = @@character_set_client */;
/*!40101 SET character_set_client = utf8 */;
CREATE TABLE `comment` (
  `id` int(10) unsigned NOT NULL AUTO_INCREMENT,
  `content` mediumtext NOT NULL,
  `from_uid` smallint(5) unsigned NOT NULL,
  `testcase_exec_id` int(10) unsigned NOT NULL,
  `comment_time` timestamp NOT NULL DEFAULT CURRENT_TIMESTAMP ON UPDATE CURRENT_TIMESTAMP,
  PRIMARY KEY (`id`),
  KEY `fk_comment_user` (`from_uid`),
  KEY `fk_comment_testcase_exec` (`testcase_exec_id`),
  CONSTRAINT `fk_comment_testcase_exec` FOREIGN KEY (`testcase_exec_id`) REFERENCES `testcase_execution` (`id`) ON DELETE CASCADE ON UPDATE CASCADE,
  CONSTRAINT `fk_comment_user` FOREIGN KEY (`from_uid`) REFERENCES `user` (`id`) ON UPDATE CASCADE
) ENGINE=InnoDB AUTO_INCREMENT=84 DEFAULT CHARSET=utf8;
/*!40101 SET character_set_client = @saved_cs_client */;

--
-- Dumping data for table `comment`
--

LOCK TABLES `comment` WRITE;
/*!40000 ALTER TABLE `comment` DISABLE KEYS */;
INSERT INTO `comment` VALUES (1,'update',6,253,'2019-04-03 06:58:52'),(2,'Testing 320',7,253,'2019-04-03 05:51:32'),(3,'Testing',10,253,'2019-04-03 05:51:59'),(4,'Testing-264',10,264,'2019-04-03 06:52:48'),(6,'Testing-264',10,268,'2019-04-03 11:04:25'),(7,'Testing-264',10,280,'2019-04-03 11:04:25'),(8,'Testing-264',10,286,'2019-04-03 11:04:25'),(9,'Testing-264',10,287,'2019-04-03 11:04:25'),(11,'Testing-264',10,216,'2019-04-03 11:04:25'),(12,'Testing-264',10,213,'2019-04-03 11:04:25'),(13,'Testing-264',10,203,'2019-04-03 11:04:25'),(14,'Testing-264',10,225,'2019-04-03 11:04:25'),(15,'Testing-264',10,222,'2019-04-03 11:04:25'),(17,'Testing-264',10,275,'2019-04-03 11:05:02'),(18,'Testing-264',10,288,'2019-04-03 11:05:02'),(19,'Testing-264',10,305,'2019-04-03 11:05:02'),(20,'Testing-264',10,293,'2019-04-03 11:05:02'),(21,'Testing-264',10,218,'2019-04-03 11:05:02'),(22,'Testing-264',10,210,'2019-04-03 11:05:02'),(23,'Testing-264',10,206,'2019-04-03 11:05:02'),(24,'Testing-264',10,226,'2019-04-03 11:05:02'),(25,'Testing-264',10,265,'2019-04-03 11:05:02'),(26,'Testing-264',10,273,'2019-04-03 11:05:10'),(27,'Testing-264',10,290,'2019-04-03 11:05:10'),(28,'Testing-264',10,215,'2019-04-03 11:05:10'),(29,'Testing-264',10,224,'2019-04-03 11:05:10'),(30,'Testing-264',10,220,'2019-04-03 11:05:10'),(31,'Testing-264',10,272,'2019-04-03 11:05:16'),(32,'Testing-264',10,309,'2019-04-03 11:05:16'),(33,'Testing-264',10,303,'2019-04-03 11:05:16'),(34,'Testing-264',10,302,'2019-04-03 11:05:16'),(35,'Testing-264',10,301,'2019-04-03 11:05:16'),(36,'Testing-264',10,300,'2019-04-03 11:05:16'),(37,'Testing-264',10,296,'2019-04-03 11:05:16'),(38,'Testing-264',10,295,'2019-04-03 11:05:16'),(39,'Testing-264',10,214,'2019-04-03 11:05:16'),(40,'Testing-264',10,223,'2019-04-03 11:05:16'),(41,'Testing-264',10,283,'2019-04-03 11:06:43'),(42,'Testing-264',10,285,'2019-04-03 11:06:43'),(43,'Testing-264',10,261,'2019-04-03 11:06:43'),(44,'Testing-264',10,307,'2019-04-03 11:06:43'),(45,'Testing-264',10,306,'2019-04-03 11:06:43'),(46,'Testing-264',10,258,'2019-04-03 11:06:43'),(47,'Testing-264',10,255,'2019-04-03 11:06:43'),(48,'Testing-264',10,252,'2019-04-03 11:06:43'),(49,'Testing-264',10,248,'2019-04-03 11:06:43'),(50,'Testing-264',10,266,'2019-04-03 11:06:51'),(51,'Testing-264',10,281,'2019-04-03 11:06:51'),(52,'Testing-264',10,284,'2019-04-03 11:06:51'),(53,'Testing-264',10,260,'2019-04-03 11:06:51'),(54,'Testing-264',10,311,'2019-04-03 11:06:51'),(55,'Testing-264',10,310,'2019-04-03 11:06:51'),(56,'Testing-264',10,308,'2019-04-03 11:06:51'),(57,'Testing-264',10,259,'2019-04-03 11:06:51'),(58,'Testing-264',10,257,'2019-04-03 11:06:51'),(59,'Testing-264',10,253,'2019-04-03 11:06:51'),(61,'hehehe',7,292,'2019-04-04 02:00:41'),(71,' wqw',7,268,'2019-04-04 03:14:32'),(73,' wqw',7,280,'2019-04-04 03:16:29'),(79,' wq',7,305,'2019-04-04 03:28:13'),(80,' wqw',7,305,'2019-04-04 03:28:57'),(82,' haha',7,305,'2019-04-04 06:49:07'),(83,' New comment by Chi Xu',10,292,'2019-04-04 06:54:02');
/*!40000 ALTER TABLE `comment` ENABLE KEYS */;
UNLOCK TABLES;

--
-- Table structure for table `download`
--

DROP TABLE IF EXISTS `download`;
/*!40101 SET @saved_cs_client     = @@character_set_client */;
/*!40101 SET character_set_client = utf8 */;
CREATE TABLE `download` (
  `id` int(10) unsigned NOT NULL AUTO_INCREMENT,
  `user_id` smallint(5) unsigned NOT NULL,
  `filename` varchar(128) NOT NULL,
  `last_update` timestamp NOT NULL DEFAULT CURRENT_TIMESTAMP ON UPDATE CURRENT_TIMESTAMP,
  PRIMARY KEY (`id`),
  KEY `fk_user_download` (`user_id`),
  CONSTRAINT `fk_user_download` FOREIGN KEY (`user_id`) REFERENCES `user` (`id`) ON UPDATE CASCADE
) ENGINE=InnoDB DEFAULT CHARSET=latin1;
/*!40101 SET character_set_client = @saved_cs_client */;

--
-- Dumping data for table `download`
--

LOCK TABLES `download` WRITE;
/*!40000 ALTER TABLE `download` DISABLE KEYS */;
/*!40000 ALTER TABLE `download` ENABLE KEYS */;
UNLOCK TABLES;

--
-- Table structure for table `filter_time`
--

DROP TABLE IF EXISTS `filter_time`;
/*!40101 SET @saved_cs_client     = @@character_set_client */;
/*!40101 SET character_set_client = utf8 */;
CREATE TABLE `filter_time` (
  `id` tinyint(3) unsigned NOT NULL AUTO_INCREMENT,
  `value` varchar(32) NOT NULL,
  `display` varchar(32) NOT NULL,
  PRIMARY KEY (`id`)
) ENGINE=InnoDB AUTO_INCREMENT=9 DEFAULT CHARSET=latin1;
/*!40101 SET character_set_client = @saved_cs_client */;

--
-- Dumping data for table `filter_time`
--

LOCK TABLES `filter_time` WRITE;
/*!40000 ALTER TABLE `filter_time` DISABLE KEYS */;
INSERT INTO `filter_time` VALUES (1,'1 day','One Day'),(2,'2 day','Two Days'),(3,'5 day','Five Days'),(4,'1 week','One Week'),(5,'2 week','Two Weeks'),(6,'3 week','Three Weeks'),(7,'1 month','One Month'),(8,'2 month','Two Months');
/*!40000 ALTER TABLE `filter_time` ENABLE KEYS */;
UNLOCK TABLES;

--
-- Temporary table structure for view `filter_view`
--

DROP TABLE IF EXISTS `filter_view`;
/*!50001 DROP VIEW IF EXISTS `filter_view`*/;
SET @saved_cs_client     = @@character_set_client;
SET character_set_client = utf8;
/*!50001 CREATE VIEW `filter_view` AS SELECT 
 1 AS `id`,
 1 AS `testcase_name`,
 1 AS `version`,
 1 AS `board_type`,
 1 AS `cpu_type`,
 1 AS `total_threads`,
 1 AS `os`,
 1 AS `kernel`,
 1 AS `gcc`,
 1 AS `username`,
 1 AS `last_update`*/;
SET character_set_client = @saved_cs_client;

--
-- Table structure for table `fio`
--

DROP TABLE IF EXISTS `fio`;
/*!40101 SET @saved_cs_client     = @@character_set_client */;
/*!40101 SET character_set_client = utf8 */;
CREATE TABLE `fio` (
  `id` int(10) unsigned NOT NULL AUTO_INCREMENT,
  `testcase_execution_id` int(10) unsigned NOT NULL,
  `disk_type` enum('SSD','HDD','NVMe') NOT NULL,
  `ioengine` varchar(16) NOT NULL,
  `iodepth` varchar(4) NOT NULL,
  `mode` varchar(12) NOT NULL,
  `block_size` varchar(8) NOT NULL,
  `threads` varchar(6) NOT NULL,
  `bandwidth` decimal(16,4) NOT NULL,
  `iops` decimal(16,4) NOT NULL,
  `latency` decimal(16,4) DEFAULT NULL,
  PRIMARY KEY (`id`),
  KEY `fk_fio_testcase_execution` (`testcase_execution_id`),
  CONSTRAINT `fk_fio_testcase_execution` FOREIGN KEY (`testcase_execution_id`) REFERENCES `testcase_execution` (`id`) ON DELETE CASCADE ON UPDATE CASCADE
) ENGINE=InnoDB AUTO_INCREMENT=801 DEFAULT CHARSET=latin1;
/*!40101 SET character_set_client = @saved_cs_client */;

--
-- Dumping data for table `fio`
--

LOCK TABLES `fio` WRITE;
/*!40000 ALTER TABLE `fio` DISABLE KEYS */;
INSERT INTO `fio` VALUES (701,253,'NVMe','libaio','128','read','128k','1',3286.0000,-1.0000,-1.0000),(702,253,'NVMe','libaio','128','write','128k','1',2659.0000,-1.0000,-1.0000),(703,253,'NVMe','libaio','256','randread','4k','8',-1.0000,683.0000,-1.0000),(704,253,'NVMe','libaio','256','randwrite','4k','8',-1.0000,116.0000,-1.0000),(705,253,'SSD','libaio','32','read','128k','1',553.0000,-1.0000,-1.0000),(706,253,'SSD','libaio','32','write','128k','1',525.0000,-1.0000,-1.0000),(707,253,'SSD','libaio','32','randread','4k','1',-1.0000,81.6000,-1.0000),(708,253,'SSD','libaio','32','randwrite','4k','1',-1.0000,52.4000,-1.0000),(717,257,'NVMe','libaio','128','read','128k','1',3366.0000,-1.0000,-1.0000),(718,257,'NVMe','libaio','128','write','128k','1',2689.0000,-1.0000,-1.0000),(719,257,'NVMe','libaio','256','randread','4k','8',-1.0000,683.0000,-1.0000),(720,257,'NVMe','libaio','256','randwrite','4k','8',-1.0000,118.0000,-1.0000),(721,257,'SSD','libaio','32','read','128k','1',563.0000,-1.0000,-1.0000),(722,257,'SSD','libaio','32','write','128k','1',534.0000,-1.0000,-1.0000),(723,257,'SSD','libaio','32','randread','4k','1',-1.0000,83.3000,-1.0000),(724,257,'SSD','libaio','32','randwrite','4k','1',-1.0000,39.2000,-1.0000),(725,259,'NVMe','libaio','128','read','128k','1',3189.0000,-1.0000,-1.0000),(726,259,'NVMe','libaio','128','write','128k','1',2645.0000,-1.0000,-1.0000),(727,259,'NVMe','libaio','256','randread','4k','8',-1.0000,682.0000,-1.0000),(728,259,'NVMe','libaio','256','randwrite','4k','8',-1.0000,110.0000,-1.0000),(729,259,'SSD','libaio','32','read','128k','1',543.0000,-1.0000,-1.0000),(730,259,'SSD','libaio','32','write','128k','1',487.0000,-1.0000,-1.0000),(731,259,'SSD','libaio','32','randread','4k','1',-1.0000,80.6000,-1.0000),(732,259,'SSD','libaio','32','randwrite','4k','1',-1.0000,24.9000,-1.0000),(733,260,'SSD','libaio','32','read','128k','1',543.0000,-1.0000,-1.0000),(734,260,'SSD','libaio','32','write','128k','1',483.0000,-1.0000,-1.0000),(735,260,'SSD','libaio','32','randread','4k','1',-1.0000,81.8000,-1.0000),(736,260,'SSD','libaio','32','randwrite','4k','1',-1.0000,24.2000,-1.0000),(737,260,'NVMe','libaio','128','read','128k','1',3313.0000,-1.0000,-1.0000),(738,260,'NVMe','libaio','128','write','128k','1',2631.0000,-1.0000,-1.0000),(739,260,'NVMe','libaio','256','randread','4k','8',-1.0000,682.0000,-1.0000),(740,260,'NVMe','libaio','256','randwrite','4k','8',-1.0000,113.0000,-1.0000),(741,266,'NVMe','libaio','128','read','128k','1',3276.0000,-1.0000,-1.0000),(742,266,'NVMe','libaio','128','write','128k','1',2666.0000,-1.0000,-1.0000),(743,266,'NVMe','libaio','256','randread','4k','8',-1.0000,683.0000,-1.0000),(744,266,'NVMe','libaio','256','randwrite','4k','8',-1.0000,117.0000,-1.0000),(761,281,'SSD','libaio','32','read','128k','1',543.0000,-1.0000,-1.0000),(762,281,'SSD','libaio','32','write','128k','1',486.0000,-1.0000,-1.0000),(763,281,'SSD','libaio','32','randread','4k','1',-1.0000,80.0000,-1.0000),(764,281,'SSD','libaio','32','randwrite','4k','1',-1.0000,26.0000,-1.0000),(765,281,'NVMe','libaio','128','read','128k','1',3353.0000,-1.0000,-1.0000),(766,281,'NVMe','libaio','128','write','128k','1',2648.0000,-1.0000,-1.0000),(767,281,'NVMe','libaio','256','randread','4k','8',-1.0000,682.0000,-1.0000),(768,281,'NVMe','libaio','256','randwrite','4k','8',-1.0000,114.0000,-1.0000),(769,284,'SSD','libaio','32','read','128k','1',543.0000,-1.0000,-1.0000),(770,284,'SSD','libaio','32','write','128k','1',487.0000,-1.0000,-1.0000),(771,284,'SSD','libaio','32','randread','4k','1',-1.0000,80.4000,-1.0000),(772,284,'SSD','libaio','32','randwrite','4k','1',-1.0000,24.3000,-1.0000),(773,284,'NVMe','libaio','128','read','128k','1',3284.0000,-1.0000,-1.0000),(774,284,'NVMe','libaio','128','write','128k','1',2644.0000,-1.0000,-1.0000),(775,284,'NVMe','libaio','256','randread','4k','8',-1.0000,682.0000,-1.0000),(776,284,'NVMe','libaio','256','randwrite','4k','8',-1.0000,117.0000,-1.0000),(777,308,'SSD','libaio','32','read','128k','1',543.0000,-1.0000,-1.0000),(778,308,'SSD','libaio','32','write','128k','1',483.0000,-1.0000,-1.0000),(779,308,'SSD','libaio','32','randread','4k','1',-1.0000,81.8000,-1.0000),(780,308,'SSD','libaio','32','randwrite','4k','1',-1.0000,24.2000,-1.0000),(781,308,'NVMe','libaio','128','read','128k','1',3313.0000,-1.0000,-1.0000),(782,308,'NVMe','libaio','128','write','128k','1',2631.0000,-1.0000,-1.0000),(783,308,'NVMe','libaio','256','randread','4k','8',-1.0000,682.0000,-1.0000),(784,308,'NVMe','libaio','256','randwrite','4k','8',-1.0000,113.0000,-1.0000),(785,310,'SSD','libaio','32','read','128k','1',543.0000,-1.0000,-1.0000),(786,310,'SSD','libaio','32','write','128k','1',483.0000,-1.0000,-1.0000),(787,310,'SSD','libaio','32','randread','4k','1',-1.0000,81.8000,-1.0000),(788,310,'SSD','libaio','32','randwrite','4k','1',-1.0000,24.2000,-1.0000),(789,310,'NVMe','libaio','128','read','128k','1',3313.0000,-1.0000,-1.0000),(790,310,'NVMe','libaio','128','write','128k','1',2631.0000,-1.0000,-1.0000),(791,310,'NVMe','libaio','256','randread','4k','8',-1.0000,682.0000,-1.0000),(792,310,'NVMe','libaio','256','randwrite','4k','8',-1.0000,113.0000,-1.0000),(793,311,'SSD','libaio','32','read','128k','1',543.0000,-1.0000,-1.0000),(794,311,'SSD','libaio','32','write','128k','1',483.0000,-1.0000,-1.0000),(795,311,'SSD','libaio','32','randread','4k','1',-1.0000,81.8000,-1.0000),(796,311,'SSD','libaio','32','randwrite','4k','1',-1.0000,24.2000,-1.0000),(797,311,'NVMe','libaio','128','read','128k','1',3313.0000,-1.0000,-1.0000),(798,311,'NVMe','libaio','128','write','128k','1',2631.0000,-1.0000,-1.0000),(799,311,'NVMe','libaio','256','randread','4k','8',-1.0000,682.0000,-1.0000),(800,311,'NVMe','libaio','256','randwrite','4k','8',-1.0000,113.0000,-1.0000);
/*!40000 ALTER TABLE `fio` ENABLE KEYS */;
UNLOCK TABLES;

--
-- Table structure for table `hardware_conf`
--

DROP TABLE IF EXISTS `hardware_conf`;
/*!40101 SET @saved_cs_client     = @@character_set_client */;
/*!40101 SET character_set_client = utf8 */;
CREATE TABLE `hardware_conf` (
  `id` int(10) unsigned NOT NULL AUTO_INCREMENT,
  `board_type` varchar(24) NOT NULL,
  `cpu_type` varchar(24) NOT NULL,
  `total_socket` varchar(2) NOT NULL,
  `cores_per_socket` varchar(4) NOT NULL,
  `threads_per_core` varchar(2) NOT NULL,
  `total_threads` varchar(4) NOT NULL,
  `cpu_frequency` varchar(12) NOT NULL,
  `cpu_max_frequency` varchar(12) NOT NULL,
  `cpu_min_frequency` varchar(12) NOT NULL,
  `l1_cache_size` varchar(12) NOT NULL,
  `l2_cache_size` varchar(12) NOT NULL,
  `l3_cache_size` varchar(12) NOT NULL,
  `memory_total_size` varchar(12) NOT NULL,
  `total_memory` tinyint(4) NOT NULL,
  `memory_speed` varchar(12) NOT NULL,
  `memory_configured_clock` varchar(12) NOT NULL,
  `netcard_info` varchar(4096) NOT NULL,
  `disk_info` varchar(4096) NOT NULL,
  `pci_info` varchar(2048) NOT NULL,
  PRIMARY KEY (`id`)
) ENGINE=InnoDB AUTO_INCREMENT=320 DEFAULT CHARSET=latin1;
/*!40101 SET character_set_client = @saved_cs_client */;

--
-- Dumping data for table `hardware_conf`
--

LOCK TABLES `hardware_conf` WRITE;
/*!40000 ALTER TABLE `hardware_conf` DISABLE KEYS */;
INSERT INTO `hardware_conf` VALUES (211,'REP2','AW2.2','1','40','1','40','2500.00','','','32K/64K','512K','61440K','192G',6,'2666MHz','1333MHz','enP3p1s0,100G,mlx5_core,Mellanox,0003:01:00.0;','sdb,480G,SSD,SATA,noop,samsung;nvme0n1,900G,SSD,NVMe,noop,toshiba;','0000:00:00.0 PCI bridge: Qualcomm Datacenter Technologies QDF2400 PCI Express Root Port;0000:01:00.0 Serial Attached SCSI controller: Adaptec Device 028f (rev 01);0001:00:00.0 PCI bridge: Qualcomm Datacenter Technologies QDF2400 PCI Express Root Port;0002:00:00.0 PCI bridge: Qualcomm Datacenter Technologies QDF2400 PCI Express Root Port;0002:01:00.0 PCI bridge: ASPEED Technology, Inc. AST1150 PCI-to-PCI Bridge (rev 04);0002:02:00.0 VGA compatible controller: ASPEED Technology, Inc. ASPEED Graphics Family (rev 41);0003:00:00.0 PCI bridge: Qualcomm Datacenter Technologies QDF2400 PCI Express Root Port;0003:01:00.0 Ethernet controller: Mellanox Technologies MT27800 Family [ConnectX-5];'),(214,'REP2','AW2.2','1','40','1','40','2500.00','','','32K/64K','512K','61440K','192G',6,'2666MHz','1333MHz','enP3p1s0,100G,mlx5_core,Mellanox,0003:01:00.0;','sdb,480G,SSD,SATA,noop,samsung;nvme0n1,900G,SSD,NVMe,noop,toshiba;','0000:00:00.0 PCI bridge: Qualcomm Datacenter Technologies QDF2400 PCI Express Root Port;0000:01:00.0 Serial Attached SCSI controller: Adaptec Device 028f (rev 01);0001:00:00.0 PCI bridge: Qualcomm Datacenter Technologies QDF2400 PCI Express Root Port;0002:00:00.0 PCI bridge: Qualcomm Datacenter Technologies QDF2400 PCI Express Root Port;0002:01:00.0 PCI bridge: ASPEED Technology, Inc. AST1150 PCI-to-PCI Bridge (rev 04);0002:02:00.0 VGA compatible controller: ASPEED Technology, Inc. ASPEED Graphics Family (rev 41);0003:00:00.0 PCI bridge: Qualcomm Datacenter Technologies QDF2400 PCI Express Root Port;0003:01:00.0 Ethernet controller: Mellanox Technologies MT27800 Family [ConnectX-5];'),(218,'REP2','HXT1.1','1','40','1','40','2600.00','','','32K/64K','512K','61440K','192G',6,'2666MHz','1333MHz','enP3p1s0,100G,mlx5_core,Mellanox,0003:01:00.0;','sdb,480G,SSD,SATA,noop,samsung;nvme0n1,900G,SSD,NVMe,noop,toshiba;','0000:00:00.0 PCI bridge: Qualcomm Datacenter Technologies QDF2400 PCI Express Root Port;0000:01:00.0 Serial Attached SCSI controller: Adaptec Device 028f (rev 01);0001:00:00.0 PCI bridge: Qualcomm Datacenter Technologies QDF2400 PCI Express Root Port;0002:00:00.0 PCI bridge: Qualcomm Datacenter Technologies QDF2400 PCI Express Root Port;0002:01:00.0 PCI bridge: ASPEED Technology, Inc. AST1150 PCI-to-PCI Bridge (rev 04);0002:02:00.0 VGA compatible controller: ASPEED Technology, Inc. ASPEED Graphics Family (rev 41);0003:00:00.0 PCI bridge: Qualcomm Datacenter Technologies QDF2400 PCI Express Root Port;0003:01:00.0 Ethernet controller: Mellanox Technologies MT27800 Family [ConnectX-5];'),(221,'REP2','HXT1.1','1','40','1','40','2600.00','','','32K/64K','512K','61440K','192G',6,'2666MHz','1333MHz','enP3p1s0,100G,mlx5_core,Mellanox,0003:01:00.0;','sdb,480G,SSD,SATA,noop,samsung;nvme0n1,900G,SSD,NVMe,noop,toshiba;','0000:00:00.0 PCI bridge: Qualcomm Datacenter Technologies QDF2400 PCI Express Root Port;0000:01:00.0 Serial Attached SCSI controller: Adaptec Device 028f (rev 01);0001:00:00.0 PCI bridge: Qualcomm Datacenter Technologies QDF2400 PCI Express Root Port;0002:00:00.0 PCI bridge: Qualcomm Datacenter Technologies QDF2400 PCI Express Root Port;0002:01:00.0 PCI bridge: ASPEED Technology, Inc. AST1150 PCI-to-PCI Bridge (rev 04);0002:02:00.0 VGA compatible controller: ASPEED Technology, Inc. ASPEED Graphics Family (rev 41);0003:00:00.0 PCI bridge: Qualcomm Datacenter Technologies QDF2400 PCI Express Root Port;0003:01:00.0 Ethernet controller: Mellanox Technologies MT27800 Family [ConnectX-5];'),(222,'REP2','HXT1.1','1','48','1','48','2600.00','','','32K/64K','512K','61440K','192G',6,'2666MHz','1333MHz','eth0,<speed>,<driver>,<vendor>,<PCI_Bus>;eth1,<speed>,<driver>,<vendor>,<PCI_Bus>;enP3p1s0,100G,mlx5_core,Mellanox,0003:01:00.0;','sda,<size>,<type>,<interface>,<io_scheduler>,<vendor>;sdb,<size>,<type>,<interface>,<io_scheduler>,<vendor>;sdb,480G,SSD,SATA,noop,samsung;nvme0n1,900G,SSD,NVMe,noop,toshiba;','0000:00:00.0 PCI bridge: Guizhou Huaxintong Semiconductor Technology Co.,Ltd StarDragon4800 PCI Express Root Port;0000:01:00.0 Serial Attached SCSI controller: Adaptec Device 028f (rev 01);0001:00:00.0 PCI bridge: Guizhou Huaxintong Semiconductor Technology Co.,Ltd StarDragon4800 PCI Express Root Port;0002:00:00.0 PCI bridge: Guizhou Huaxintong Semiconductor Technology Co.,Ltd StarDragon4800 PCI Express Root Port;0002:01:00.0 PCI bridge: ASPEED Technology, Inc. AST1150 PCI-to-PCI Bridge (rev 04);0002:02:00.0 VGA compatible controller: ASPEED Technology, Inc. ASPEED Graphics Family (rev 41);0003:00:00.0 PCI bridge: Guizhou Huaxintong Semiconductor Technology Co.,Ltd StarDragon4800 PCI Express Root Port;0003:01:00.0 Ethernet controller: Mellanox Technologies MT27800 Family [ConnectX-5];'),(223,'REP2','HXT1.1','1','48','1','48','2600.00','','','32K/64K','512K','61440K','192G',6,'2666MHz','1333MHz','eth0,<speed>,<driver>,<vendor>,<PCI_Bus>;eth1,<speed>,<driver>,<vendor>,<PCI_Bus>;enP3p1s0,100G,mlx5_core,Mellanox,0003:01:00.0;','sda,<size>,<type>,<interface>,<io_scheduler>,<vendor>;sdb,<size>,<type>,<interface>,<io_scheduler>,<vendor>;sdb,480G,SSD,SATA,noop,samsung;nvme0n1,900G,SSD,NVMe,noop,toshiba;','0000:00:00.0 PCI bridge: Guizhou Huaxintong Semiconductor Technology Co.,Ltd StarDragon4800 PCI Express Root Port;0000:01:00.0 Serial Attached SCSI controller: Adaptec Device 028f (rev 01);0001:00:00.0 PCI bridge: Guizhou Huaxintong Semiconductor Technology Co.,Ltd StarDragon4800 PCI Express Root Port;0002:00:00.0 PCI bridge: Guizhou Huaxintong Semiconductor Technology Co.,Ltd StarDragon4800 PCI Express Root Port;0002:01:00.0 PCI bridge: ASPEED Technology, Inc. AST1150 PCI-to-PCI Bridge (rev 04);0002:02:00.0 VGA compatible controller: ASPEED Technology, Inc. ASPEED Graphics Family (rev 41);0003:00:00.0 PCI bridge: Guizhou Huaxintong Semiconductor Technology Co.,Ltd StarDragon4800 PCI Express Root Port;0003:01:00.0 Ethernet controller: Mellanox Technologies MT27800 Family [ConnectX-5];'),(224,'REP2','HXT1.1','1','48','1','48','2600.00','','','32K/64K','512K','61440K','192G',6,'2666MHz','1333MHz','eth0,<speed>,<driver>,<vendor>,<PCI_Bus>;eth1,<speed>,<driver>,<vendor>,<PCI_Bus>;enP3p1s0,100G,mlx5_core,Mellanox,0003:01:00.0;','sda,<size>,<type>,<interface>,<io_scheduler>,<vendor>;sdb,<size>,<type>,<interface>,<io_scheduler>,<vendor>;sdb,480G,SSD,SATA,noop,samsung;nvme0n1,900G,SSD,NVMe,noop,toshiba;','0000:00:00.0 PCI bridge: Guizhou Huaxintong Semiconductor Technology Co.,Ltd StarDragon4800 PCI Express Root Port;0000:01:00.0 Serial Attached SCSI controller: Adaptec Device 028f (rev 01);0001:00:00.0 PCI bridge: Guizhou Huaxintong Semiconductor Technology Co.,Ltd StarDragon4800 PCI Express Root Port;0002:00:00.0 PCI bridge: Guizhou Huaxintong Semiconductor Technology Co.,Ltd StarDragon4800 PCI Express Root Port;0002:01:00.0 PCI bridge: ASPEED Technology, Inc. AST1150 PCI-to-PCI Bridge (rev 04);0002:02:00.0 VGA compatible controller: ASPEED Technology, Inc. ASPEED Graphics Family (rev 41);0003:00:00.0 PCI bridge: Guizhou Huaxintong Semiconductor Technology Co.,Ltd StarDragon4800 PCI Express Root Port;0003:01:00.0 Ethernet controller: Mellanox Technologies MT27800 Family [ConnectX-5];'),(226,'REP2','HXT1.1','1','48','1','48','2600.00','','','32K/64K','512K','61440K','192G',6,'2666MHz','1333MHz','eth0,<speed>,<driver>,<vendor>,<PCI_Bus>;eth1,<speed>,<driver>,<vendor>,<PCI_Bus>;enP3p1s0,100G,mlx5_core,Mellanox,0003:01:00.0;','sda,<size>,<type>,<interface>,<io_scheduler>,<vendor>;sdb,<size>,<type>,<interface>,<io_scheduler>,<vendor>;sdb,480G,SSD,SATA,noop,samsung;nvme0n1,900G,SSD,NVMe,noop,toshiba;','0000:00:00.0 PCI bridge: Guizhou Huaxintong Semiconductor Technology Co.,Ltd StarDragon4800 PCI Express Root Port;0000:01:00.0 Serial Attached SCSI controller: Adaptec Device 028f (rev 01);0001:00:00.0 PCI bridge: Guizhou Huaxintong Semiconductor Technology Co.,Ltd StarDragon4800 PCI Express Root Port;0002:00:00.0 PCI bridge: Guizhou Huaxintong Semiconductor Technology Co.,Ltd StarDragon4800 PCI Express Root Port;0002:01:00.0 PCI bridge: ASPEED Technology, Inc. AST1150 PCI-to-PCI Bridge (rev 04);0002:02:00.0 VGA compatible controller: ASPEED Technology, Inc. ASPEED Graphics Family (rev 41);0003:00:00.0 PCI bridge: Guizhou Huaxintong Semiconductor Technology Co.,Ltd StarDragon4800 PCI Express Root Port;0003:01:00.0 Ethernet controller: Mellanox Technologies MT27800 Family [ConnectX-5];'),(227,'REP2','AW2.1','1','46','1','46','2600.00','2600.00','600.00','32K/64K','512K','61440K','192G',6,'2666MHz','1333MHz','enP3p1s0,100G,mlx5_core,Mellanox,0003:01:00.0;','sdb,480G,SSD,SATA,noop,samsung;nvme0n1,900G,SSD,NVMe,noop,toshiba;','0000:00:00.0 PCI bridge: Guizhou Huaxintong Semiconductor Technology Co.,Ltd StarDragon4800 PCI Express Root Port;0000:01:00.0 Serial Attached SCSI controller: Adaptec Device 028f (rev 01);0001:00:00.0 PCI bridge: Guizhou Huaxintong Semiconductor Technology Co.,Ltd StarDragon4800 PCI Express Root Port;0002:00:00.0 PCI bridge: Guizhou Huaxintong Semiconductor Technology Co.,Ltd StarDragon4800 PCI Express Root Port;0002:01:00.0 PCI bridge: ASPEED Technology, Inc. AST1150 PCI-to-PCI Bridge (rev 04);0002:02:00.0 VGA compatible controller: ASPEED Technology, Inc. ASPEED Graphics Family (rev 41);0003:00:00.0 PCI bridge: Guizhou Huaxintong Semiconductor Technology Co.,Ltd StarDragon4800 PCI Express Root Port;0003:01:00.0 Ethernet controller: Mellanox Technologies MT27800 Family [ConnectX-5];'),(228,'REP2','AW2.1','1','46','1','46','2600.00','2600.00','600.00','32K/64K','512K','61440K','192G',6,'2666MHz','1333MHz','enP3p1s0,100G,mlx5_core,Mellanox,0003:01:00.0;','sdb,480G,SSD,SATA,noop,samsung;nvme0n1,900G,SSD,NVMe,noop,toshiba;','0000:00:00.0 PCI bridge: Guizhou Huaxintong Semiconductor Technology Co.,Ltd StarDragon4800 PCI Express Root Port;0000:01:00.0 Serial Attached SCSI controller: Adaptec Device 028f (rev 01);0001:00:00.0 PCI bridge: Guizhou Huaxintong Semiconductor Technology Co.,Ltd StarDragon4800 PCI Express Root Port;0002:00:00.0 PCI bridge: Guizhou Huaxintong Semiconductor Technology Co.,Ltd StarDragon4800 PCI Express Root Port;0002:01:00.0 PCI bridge: ASPEED Technology, Inc. AST1150 PCI-to-PCI Bridge (rev 04);0002:02:00.0 VGA compatible controller: ASPEED Technology, Inc. ASPEED Graphics Family (rev 41);0003:00:00.0 PCI bridge: Guizhou Huaxintong Semiconductor Technology Co.,Ltd StarDragon4800 PCI Express Root Port;0003:01:00.0 Ethernet controller: Mellanox Technologies MT27800 Family [ConnectX-5];'),(230,'REP2','AW2.1','1','46','1','46','2600.00','2600.00','600.00','32K/64K','512K','61440K','192G',6,'2666MHz','1333MHz','enP3p1s0,100G,mlx5_core,Mellanox,0003:01:00.0;','sdb,480G,SSD,SATA,noop,samsung;nvme0n1,900G,SSD,NVMe,noop,toshiba;','0000:00:00.0 PCI bridge: Guizhou Huaxintong Semiconductor Technology Co.,Ltd StarDragon4800 PCI Express Root Port;0000:01:00.0 Serial Attached SCSI controller: Adaptec Device 028f (rev 01);0001:00:00.0 PCI bridge: Guizhou Huaxintong Semiconductor Technology Co.,Ltd StarDragon4800 PCI Express Root Port;0002:00:00.0 PCI bridge: Guizhou Huaxintong Semiconductor Technology Co.,Ltd StarDragon4800 PCI Express Root Port;0002:01:00.0 PCI bridge: ASPEED Technology, Inc. AST1150 PCI-to-PCI Bridge (rev 04);0002:02:00.0 VGA compatible controller: ASPEED Technology, Inc. ASPEED Graphics Family (rev 41);0003:00:00.0 PCI bridge: Guizhou Huaxintong Semiconductor Technology Co.,Ltd StarDragon4800 PCI Express Root Port;0003:01:00.0 Ethernet controller: Mellanox Technologies MT27800 Family [ConnectX-5];'),(231,'REP2','HXT1.0','1','48','1','48','2600.00','2600.00','600.00','32K/64K','512K','61440K','192G',6,'2666MHz','1333MHz','enP3p1s0,100G,mlx5_core,Mellanox,0003:01:00.0;','sdb,480G,SSD,SATA,noop,samsung;nvme0n1,900G,SSD,NVMe,noop,toshiba;','0000:00:00.0 PCI bridge: Guizhou Huaxintong Semiconductor Technology Co.,Ltd StarDragon4800 PCI Express Root Port;0000:01:00.0 Serial Attached SCSI controller: Adaptec Device 028f (rev 01);0001:00:00.0 PCI bridge: Guizhou Huaxintong Semiconductor Technology Co.,Ltd StarDragon4800 PCI Express Root Port;0002:00:00.0 PCI bridge: Guizhou Huaxintong Semiconductor Technology Co.,Ltd StarDragon4800 PCI Express Root Port;0002:01:00.0 PCI bridge: ASPEED Technology, Inc. AST1150 PCI-to-PCI Bridge (rev 04);0002:02:00.0 VGA compatible controller: ASPEED Technology, Inc. ASPEED Graphics Family (rev 41);0003:00:00.0 PCI bridge: Guizhou Huaxintong Semiconductor Technology Co.,Ltd StarDragon4800 PCI Express Root Port;0003:01:00.0 Ethernet controller: Mellanox Technologies MT27800 Family [ConnectX-5];'),(232,'REP2','HXT1.0','1','48','1','48','2600.00','2600.00','600.00','32K/64K','512K','61440K','192G',6,'2666MHz','1333MHz','enP3p1s0,100G,mlx5_core,Mellanox,0003:01:00.0;','sdb,480G,SSD,SATA,noop,samsung;nvme0n1,900G,SSD,NVMe,noop,toshiba;','0000:00:00.0 PCI bridge: Guizhou Huaxintong Semiconductor Technology Co.,Ltd StarDragon4800 PCI Express Root Port;0000:01:00.0 Serial Attached SCSI controller: Adaptec Device 028f (rev 01);0001:00:00.0 PCI bridge: Guizhou Huaxintong Semiconductor Technology Co.,Ltd StarDragon4800 PCI Express Root Port;0002:00:00.0 PCI bridge: Guizhou Huaxintong Semiconductor Technology Co.,Ltd StarDragon4800 PCI Express Root Port;0002:01:00.0 PCI bridge: ASPEED Technology, Inc. AST1150 PCI-to-PCI Bridge (rev 04);0002:02:00.0 VGA compatible controller: ASPEED Technology, Inc. ASPEED Graphics Family (rev 41);0003:00:00.0 PCI bridge: Guizhou Huaxintong Semiconductor Technology Co.,Ltd StarDragon4800 PCI Express Root Port;0003:01:00.0 Ethernet controller: Mellanox Technologies MT27800 Family [ConnectX-5];'),(233,'REP2','HXT1.0','1','48','1','48','2600.00','2600.00','600.00','32K/64K','512K','61440K','192G',6,'2666MHz','1333MHz','enP3p1s0,100G,mlx5_core,Mellanox,0003:01:00.0;','sdb,480G,SSD,SATA,noop,samsung;nvme0n1,900G,SSD,NVMe,noop,toshiba;','0000:00:00.0 PCI bridge: Guizhou Huaxintong Semiconductor Technology Co.,Ltd StarDragon4800 PCI Express Root Port;0000:01:00.0 Serial Attached SCSI controller: Adaptec Device 028f (rev 01);0001:00:00.0 PCI bridge: Guizhou Huaxintong Semiconductor Technology Co.,Ltd StarDragon4800 PCI Express Root Port;0002:00:00.0 PCI bridge: Guizhou Huaxintong Semiconductor Technology Co.,Ltd StarDragon4800 PCI Express Root Port;0002:01:00.0 PCI bridge: ASPEED Technology, Inc. AST1150 PCI-to-PCI Bridge (rev 04);0002:02:00.0 VGA compatible controller: ASPEED Technology, Inc. ASPEED Graphics Family (rev 41);0003:00:00.0 PCI bridge: Guizhou Huaxintong Semiconductor Technology Co.,Ltd StarDragon4800 PCI Express Root Port;0003:01:00.0 Ethernet controller: Mellanox Technologies MT27800 Family [ConnectX-5];'),(234,'REP2','HXT1.0','1','48','1','48','2600.00','2600.00','600.00','32K/64K','512K','61440K','192G',6,'2666MHz','1333MHz','enP3p1s0,100G,mlx5_core,Mellanox,0003:01:00.0;','sdb,480G,SSD,SATA,noop,samsung;nvme0n1,900G,SSD,NVMe,noop,toshiba;','0000:00:00.0 PCI bridge: Guizhou Huaxintong Semiconductor Technology Co.,Ltd StarDragon4800 PCI Express Root Port;0000:01:00.0 Serial Attached SCSI controller: Adaptec Device 028f (rev 01);0001:00:00.0 PCI bridge: Guizhou Huaxintong Semiconductor Technology Co.,Ltd StarDragon4800 PCI Express Root Port;0002:00:00.0 PCI bridge: Guizhou Huaxintong Semiconductor Technology Co.,Ltd StarDragon4800 PCI Express Root Port;0002:01:00.0 PCI bridge: ASPEED Technology, Inc. AST1150 PCI-to-PCI Bridge (rev 04);0002:02:00.0 VGA compatible controller: ASPEED Technology, Inc. ASPEED Graphics Family (rev 41);0003:00:00.0 PCI bridge: Guizhou Huaxintong Semiconductor Technology Co.,Ltd StarDragon4800 PCI Express Root Port;0003:01:00.0 Ethernet controller: Mellanox Technologies MT27800 Family [ConnectX-5];'),(240,'REP1','HXT1.0','1','48','1','48','2500.00','2500.00','600.00','32K/64K','512K','61440K','192G',6,'2666MHz','1333MHz','enP3p1s0,56G,mlx5_core,Mellanox,0004:01:00.0;','sdb,480G,SSD,SATA,noop,toshiba;nvme0n1,900G,SSD,NVMe,noop,toshiba;','0000:00:00.0 PCI bridge: Qualcomm Datacenter Technologies QDF2400 PCI Express Root Port;0004:00:00.0 PCI bridge: Qualcomm Datacenter Technologies QDF2400 PCI Express Root Port;0004:01:00.0 Ethernet controller: Mellanox Technologies MT27700 Family [ConnectX-4];0005:00:00.0 PCI bridge: Qualcomm Datacenter Technologies QDF2400 PCI Express Root Port;'),(242,'REP1','HXT1.0','1','48','1','48','2500.00','2500.00','600.00','32K/64K','512K','61440K','192G',6,'2666MHz','1333MHz','enP3p1s0,56G,mlx5_core,Mellanox,0004:01:00.0;','sdb,480G,SSD,SATA,noop,toshiba;nvme0n1,900G,SSD,NVMe,noop,toshiba;','0000:00:00.0 PCI bridge: Qualcomm Datacenter Technologies QDF2400 PCI Express Root Port;0004:00:00.0 PCI bridge: Qualcomm Datacenter Technologies QDF2400 PCI Express Root Port;0004:01:00.0 Ethernet controller: Mellanox Technologies MT27700 Family [ConnectX-4];0005:00:00.0 PCI bridge: Qualcomm Datacenter Technologies QDF2400 PCI Express Root Port;'),(245,'REP1','AW2.0','1','40','1','40','2500.00','2500.00','600.00','32K/64K','512K','61440K','192G',6,'2666MHz','1333MHz','enP3p1s0,56G,mlx5_core,Mellanox,0004:01:00.0;','sdb,480G,SSD,SATA,noop,toshiba;nvme0n1,900G,SSD,NVMe,noop,toshiba;','0000:00:00.0 PCI bridge: Qualcomm Datacenter Technologies QDF2400 PCI Express Root Port;0004:00:00.0 PCI bridge: Qualcomm Datacenter Technologies QDF2400 PCI Express Root Port;0004:01:00.0 Ethernet controller: Mellanox Technologies MT27700 Family [ConnectX-4];0005:00:00.0 PCI bridge: Qualcomm Datacenter Technologies QDF2400 PCI Express Root Port;'),(249,'REP1','AW2.0','1','46','1','46','2600.00','2600.00','600.00','32K/64K','512K','61440K','192G',6,'2666MHz','1333MHz','enP3p1s0,56G,mlx5_core,Mellanox,0004:01:00.0;','sdb,480G,SSD,SATA,noop,toshiba;nvme0n1,900G,SSD,NVMe,noop,toshiba;','0000:00:00.0 PCI bridge: Qualcomm Datacenter Technologies QDF2400 PCI Express Root Port;0004:00:00.0 PCI bridge: Qualcomm Datacenter Technologies QDF2400 PCI Express Root Port;0004:01:00.0 Ethernet controller: Mellanox Technologies MT27700 Family [ConnectX-4];0005:00:00.0 PCI bridge: Qualcomm Datacenter Technologies QDF2400 PCI Express Root Port;'),(251,'REP1','AW2.0','1','46','1','46','2600.00','2600.00','600.00','32K/64K','512K','61440K','192G',6,'2666MHz','1333MHz','enP3p1s0,56G,mlx5_core,Mellanox,0004:01:00.0;','sdb,480G,SSD,SATA,noop,toshiba;nvme0n1,900G,SSD,NVMe,noop,toshiba;','0000:00:00.0 PCI bridge: Qualcomm Datacenter Technologies QDF2400 PCI Express Root Port;0004:00:00.0 PCI bridge: Qualcomm Datacenter Technologies QDF2400 PCI Express Root Port;0004:01:00.0 Ethernet controller: Mellanox Technologies MT27700 Family [ConnectX-4];0005:00:00.0 PCI bridge: Qualcomm Datacenter Technologies QDF2400 PCI Express Root Port;'),(256,'REP1','AW2.0','1','46','1','46','2600.00','2600.00','600.00','32K/64K','512K','61440K','192G',6,'2666MHz','1333MHz','enP3p1s0,56G,mlx5_core,Mellanox,0004:01:00.0;','sdb,480G,SSD,SATA,noop,toshiba;nvme0n1,900G,SSD,NVMe,noop,toshiba;','0000:00:00.0 PCI bridge: Qualcomm Datacenter Technologies QDF2400 PCI Express Root Port;0004:00:00.0 PCI bridge: Qualcomm Datacenter Technologies QDF2400 PCI Express Root Port;0004:01:00.0 Ethernet controller: Mellanox Technologies MT27700 Family [ConnectX-4];0005:00:00.0 PCI bridge: Qualcomm Datacenter Technologies QDF2400 PCI Express Root Port;'),(260,'REP1','HXT1.0','1','48','1','48','2500.00','2500.00','600.00','32K/64K','512K','61440K','192G',6,'2666MHz','1333MHz','enP3p1s0,56G,mlx5_core,Mellanox,0004:01:00.0;','sdb,480G,SSD,SATA,noop,toshiba;nvme0n1,900G,SSD,NVMe,noop,toshiba;','0000:00:00.0 PCI bridge: Qualcomm Datacenter Technologies QDF2400 PCI Express Root Port;0004:00:00.0 PCI bridge: Qualcomm Datacenter Technologies QDF2400 PCI Express Root Port;0004:01:00.0 Ethernet controller: Mellanox Technologies MT27700 Family [ConnectX-4];0005:00:00.0 PCI bridge: Qualcomm Datacenter Technologies QDF2400 PCI Express Root Port;'),(261,'REP2','HXT1.0','1','48','1','48','2600.00','2600.00','600.00','32K/64K','512K','61440K','192G',6,'2666MHz','1333MHz','enP3p1s0,100G,mlx5_core,Mellanox,0003:01:00.0;','sdb,480G,SSD,SATA,noop,samsung;nvme0n1,900G,SSD,NVMe,noop,toshiba;','0000:00:00.0 PCI bridge: Guizhou Huaxintong Semiconductor Technology Co.,Ltd StarDragon4800 PCI Express Root Port;0000:01:00.0 Serial Attached SCSI controller: Adaptec Device 028f (rev 01);0001:00:00.0 PCI bridge: Guizhou Huaxintong Semiconductor Technology Co.,Ltd StarDragon4800 PCI Express Root Port;0002:00:00.0 PCI bridge: Guizhou Huaxintong Semiconductor Technology Co.,Ltd StarDragon4800 PCI Express Root Port;0002:01:00.0 PCI bridge: ASPEED Technology, Inc. AST1150 PCI-to-PCI Bridge (rev 04);0002:02:00.0 VGA compatible controller: ASPEED Technology, Inc. ASPEED Graphics Family (rev 41);0003:00:00.0 PCI bridge: Guizhou Huaxintong Semiconductor Technology Co.,Ltd StarDragon4800 PCI Express Root Port;0003:01:00.0 Ethernet controller: Mellanox Technologies MT27800 Family [ConnectX-5];'),(263,'REP2','HXT1.0','1','48','1','48','2600.00','2600.00','600.00','32K/64K','512K','61440K','192G',6,'2666MHz','1333MHz','enP3p1s0,100G,mlx5_core,Mellanox,0003:01:00.0;','sdb,480G,SSD,SATA,noop,samsung;nvme0n1,900G,SSD,NVMe,noop,toshiba;','0000:00:00.0 PCI bridge: Guizhou Huaxintong Semiconductor Technology Co.,Ltd StarDragon4800 PCI Express Root Port;0000:01:00.0 Serial Attached SCSI controller: Adaptec Device 028f (rev 01);0001:00:00.0 PCI bridge: Guizhou Huaxintong Semiconductor Technology Co.,Ltd StarDragon4800 PCI Express Root Port;0002:00:00.0 PCI bridge: Guizhou Huaxintong Semiconductor Technology Co.,Ltd StarDragon4800 PCI Express Root Port;0002:01:00.0 PCI bridge: ASPEED Technology, Inc. AST1150 PCI-to-PCI Bridge (rev 04);0002:02:00.0 VGA compatible controller: ASPEED Technology, Inc. ASPEED Graphics Family (rev 41);0003:00:00.0 PCI bridge: Guizhou Huaxintong Semiconductor Technology Co.,Ltd StarDragon4800 PCI Express Root Port;0003:01:00.0 Ethernet controller: Mellanox Technologies MT27800 Family [ConnectX-5];'),(265,'REP2','HXT1.0','1','48','1','48','2600.00','2600.00','600.00','32K/64K','512K','61440K','192G',6,'2666MHz','1333MHz','enP3p1s0,100G,mlx5_core,Mellanox,0003:01:00.0;','sdb,480G,SSD,SATA,noop,samsung;nvme0n1,900G,SSD,NVMe,noop,toshiba;','0000:00:00.0 PCI bridge: Guizhou Huaxintong Semiconductor Technology Co.,Ltd StarDragon4800 PCI Express Root Port;0000:01:00.0 Serial Attached SCSI controller: Adaptec Device 028f (rev 01);0001:00:00.0 PCI bridge: Guizhou Huaxintong Semiconductor Technology Co.,Ltd StarDragon4800 PCI Express Root Port;0002:00:00.0 PCI bridge: Guizhou Huaxintong Semiconductor Technology Co.,Ltd StarDragon4800 PCI Express Root Port;0002:01:00.0 PCI bridge: ASPEED Technology, Inc. AST1150 PCI-to-PCI Bridge (rev 04);0002:02:00.0 VGA compatible controller: ASPEED Technology, Inc. ASPEED Graphics Family (rev 41);0003:00:00.0 PCI bridge: Guizhou Huaxintong Semiconductor Technology Co.,Ltd StarDragon4800 PCI Express Root Port;0003:01:00.0 Ethernet controller: Mellanox Technologies MT27800 Family [ConnectX-5];'),(266,'REP2','HXT1.0','1','48','1','48','2600.00','2600.00','600.00','32K/64K','512K','61440K','192G',6,'2666MHz','1333MHz','enP3p1s0,100G,mlx5_core,Mellanox,0003:01:00.0;','sdb,480G,SSD,SATA,noop,samsung;nvme0n1,900G,SSD,NVMe,noop,toshiba;','0000:00:00.0 PCI bridge: Guizhou Huaxintong Semiconductor Technology Co.,Ltd StarDragon4800 PCI Express Root Port;0000:01:00.0 Serial Attached SCSI controller: Adaptec Device 028f (rev 01);0001:00:00.0 PCI bridge: Guizhou Huaxintong Semiconductor Technology Co.,Ltd StarDragon4800 PCI Express Root Port;0002:00:00.0 PCI bridge: Guizhou Huaxintong Semiconductor Technology Co.,Ltd StarDragon4800 PCI Express Root Port;0002:01:00.0 PCI bridge: ASPEED Technology, Inc. AST1150 PCI-to-PCI Bridge (rev 04);0002:02:00.0 VGA compatible controller: ASPEED Technology, Inc. ASPEED Graphics Family (rev 41);0003:00:00.0 PCI bridge: Guizhou Huaxintong Semiconductor Technology Co.,Ltd StarDragon4800 PCI Express Root Port;0003:01:00.0 Ethernet controller: Mellanox Technologies MT27800 Family [ConnectX-5];'),(267,'REP1','HXT1.1','1','48','1','48','2600.00','','','32K/64K','512K','61440K','96G',6,'2666MHz','1333MHz','eth0,<speed>,<driver>,<vendor>,<PCI_Bus>;eth1,<speed>,<driver>,<vendor>,<PCI_Bus>;enP3p1s0,100G,mlx5_core,Mellanox,0003:01:00.0;','sda,<size>,<type>,<interface>,<io_scheduler>,<vendor>;sdb,<size>,<type>,<interface>,<io_scheduler>,<vendor>;sdb,480G,SSD,SATA,noop,samsung;nvme0n1,900G,SSD,NVMe,noop,toshiba;','0000:00:00.0 PCI bridge: Guizhou Huaxintong Semiconductor Technology Co.,Ltd StarDragon4800 PCI Express Root Port;0000:01:00.0 Serial Attached SCSI controller: Adaptec Device 028f (rev 01);0001:00:00.0 PCI bridge: Guizhou Huaxintong Semiconductor Technology Co.,Ltd StarDragon4800 PCI Express Root Port;0002:00:00.0 PCI bridge: Guizhou Huaxintong Semiconductor Technology Co.,Ltd StarDragon4800 PCI Express Root Port;0002:01:00.0 PCI bridge: ASPEED Technology, Inc. AST1150 PCI-to-PCI Bridge (rev 04);0002:02:00.0 VGA compatible controller: ASPEED Technology, Inc. ASPEED Graphics Family (rev 41);0003:00:00.0 PCI bridge: Guizhou Huaxintong Semiconductor Technology Co.,Ltd StarDragon4800 PCI Express Root Port;0003:01:00.0 Ethernet controller: Mellanox Technologies MT27800 Family [ConnectX-5];'),(268,'REP2','HXT1.1','1','48','1','48','2600.00','','','32K/64K','512K','61440K','192G',6,'2666MHz','1333MHz','eth0,<speed>,<driver>,<vendor>,<PCI_Bus>;eth1,<speed>,<driver>,<vendor>,<PCI_Bus>;enP3p1s0,100G,mlx5_core,Mellanox,0003:01:00.0;','sda,<size>,<type>,<interface>,<io_scheduler>,<vendor>;sdb,<size>,<type>,<interface>,<io_scheduler>,<vendor>;sdb,480G,SSD,SATA,noop,samsung;nvme0n1,900G,SSD,NVMe,noop,toshiba;','0000:00:00.0 PCI bridge: Guizhou Huaxintong Semiconductor Technology Co.,Ltd StarDragon4800 PCI Express Root Port;0000:01:00.0 Serial Attached SCSI controller: Adaptec Device 028f (rev 01);0001:00:00.0 PCI bridge: Guizhou Huaxintong Semiconductor Technology Co.,Ltd StarDragon4800 PCI Express Root Port;0002:00:00.0 PCI bridge: Guizhou Huaxintong Semiconductor Technology Co.,Ltd StarDragon4800 PCI Express Root Port;0002:01:00.0 PCI bridge: ASPEED Technology, Inc. AST1150 PCI-to-PCI Bridge (rev 04);0002:02:00.0 VGA compatible controller: ASPEED Technology, Inc. ASPEED Graphics Family (rev 41);0003:00:00.0 PCI bridge: Guizhou Huaxintong Semiconductor Technology Co.,Ltd StarDragon4800 PCI Express Root Port;0003:01:00.0 Ethernet controller: Mellanox Technologies MT27800 Family [ConnectX-5];'),(269,'REP2','HXT1.1','1','48','1','48','2600.00','','','32K/64K','512K','61440K','192G',6,'2666MHz','1333MHz','eth0,<speed>,<driver>,<vendor>,<PCI_Bus>;eth1,<speed>,<driver>,<vendor>,<PCI_Bus>;enP3p1s0,100G,mlx5_core,Mellanox,0003:01:00.0;','sda,<size>,<type>,<interface>,<io_scheduler>,<vendor>;sdb,<size>,<type>,<interface>,<io_scheduler>,<vendor>;sdb,480G,SSD,SATA,noop,samsung;nvme0n1,900G,SSD,NVMe,noop,toshiba;','0000:00:00.0 PCI bridge: Guizhou Huaxintong Semiconductor Technology Co.,Ltd StarDragon4800 PCI Express Root Port;0000:01:00.0 Serial Attached SCSI controller: Adaptec Device 028f (rev 01);0001:00:00.0 PCI bridge: Guizhou Huaxintong Semiconductor Technology Co.,Ltd StarDragon4800 PCI Express Root Port;0002:00:00.0 PCI bridge: Guizhou Huaxintong Semiconductor Technology Co.,Ltd StarDragon4800 PCI Express Root Port;0002:01:00.0 PCI bridge: ASPEED Technology, Inc. AST1150 PCI-to-PCI Bridge (rev 04);0002:02:00.0 VGA compatible controller: ASPEED Technology, Inc. ASPEED Graphics Family (rev 41);0003:00:00.0 PCI bridge: Guizhou Huaxintong Semiconductor Technology Co.,Ltd StarDragon4800 PCI Express Root Port;0003:01:00.0 Ethernet controller: Mellanox Technologies MT27800 Family [ConnectX-5];'),(270,'REP2','HXT1.0','1','48','1','48','2600.00','2600.00','600.00','32K/64K','512K','61440K','192G',6,'2666MHz','1333MHz','enP3p1s0,100G,mlx5_core,Mellanox,0003:01:00.0;','sdb,480G,SSD,SATA,noop,samsung;nvme0n1,900G,SSD,NVMe,noop,toshiba;','0000:00:00.0 PCI bridge: Guizhou Huaxintong Semiconductor Technology Co.,Ltd StarDragon4800 PCI Express Root Port;0000:01:00.0 Serial Attached SCSI controller: Adaptec Device 028f (rev 01);0001:00:00.0 PCI bridge: Guizhou Huaxintong Semiconductor Technology Co.,Ltd StarDragon4800 PCI Express Root Port;0002:00:00.0 PCI bridge: Guizhou Huaxintong Semiconductor Technology Co.,Ltd StarDragon4800 PCI Express Root Port;0002:01:00.0 PCI bridge: ASPEED Technology, Inc. AST1150 PCI-to-PCI Bridge (rev 04);0002:02:00.0 VGA compatible controller: ASPEED Technology, Inc. ASPEED Graphics Family (rev 41);0003:00:00.0 PCI bridge: Guizhou Huaxintong Semiconductor Technology Co.,Ltd StarDragon4800 PCI Express Root Port;0003:01:00.0 Ethernet controller: Mellanox Technologies MT27800 Family [ConnectX-5];'),(272,'REP2','HXT1.0','1','48','1','48','2600.00','2600.00','600.00','32K/64K','512K','61440K','192G',6,'2666MHz','1333MHz','enP3p1s0,100G,mlx5_core,Mellanox,0003:01:00.0;','sdb,480G,SSD,SATA,noop,samsung;nvme0n1,900G,SSD,NVMe,noop,toshiba;','0000:00:00.0 PCI bridge: Guizhou Huaxintong Semiconductor Technology Co.,Ltd StarDragon4800 PCI Express Root Port;0000:01:00.0 Serial Attached SCSI controller: Adaptec Device 028f (rev 01);0001:00:00.0 PCI bridge: Guizhou Huaxintong Semiconductor Technology Co.,Ltd StarDragon4800 PCI Express Root Port;0002:00:00.0 PCI bridge: Guizhou Huaxintong Semiconductor Technology Co.,Ltd StarDragon4800 PCI Express Root Port;0002:01:00.0 PCI bridge: ASPEED Technology, Inc. AST1150 PCI-to-PCI Bridge (rev 04);0002:02:00.0 VGA compatible controller: ASPEED Technology, Inc. ASPEED Graphics Family (rev 41);0003:00:00.0 PCI bridge: Guizhou Huaxintong Semiconductor Technology Co.,Ltd StarDragon4800 PCI Express Root Port;0003:01:00.0 Ethernet controller: Mellanox Technologies MT27800 Family [ConnectX-5];'),(273,'REP2','HXT1.0','1','48','1','48','2600.00','2600.00','600.00','32K/64K','512K','61440K','192G',6,'2666MHz','1333MHz','enP3p1s0,100G,mlx5_core,Mellanox,0003:01:00.0;','sdb,480G,SSD,SATA,noop,samsung;nvme0n1,900G,SSD,NVMe,noop,toshiba;','0000:00:00.0 PCI bridge: Guizhou Huaxintong Semiconductor Technology Co.,Ltd StarDragon4800 PCI Express Root Port;0000:01:00.0 Serial Attached SCSI controller: Adaptec Device 028f (rev 01);0001:00:00.0 PCI bridge: Guizhou Huaxintong Semiconductor Technology Co.,Ltd StarDragon4800 PCI Express Root Port;0002:00:00.0 PCI bridge: Guizhou Huaxintong Semiconductor Technology Co.,Ltd StarDragon4800 PCI Express Root Port;0002:01:00.0 PCI bridge: ASPEED Technology, Inc. AST1150 PCI-to-PCI Bridge (rev 04);0002:02:00.0 VGA compatible controller: ASPEED Technology, Inc. ASPEED Graphics Family (rev 41);0003:00:00.0 PCI bridge: Guizhou Huaxintong Semiconductor Technology Co.,Ltd StarDragon4800 PCI Express Root Port;0003:01:00.0 Ethernet controller: Mellanox Technologies MT27800 Family [ConnectX-5];'),(274,'DELL_R740','XEON_GOLD_5118','2','12','2','48','2300','3200','','384k/384k','12M','16.5M','192G',6,'2666MHz','1333MHz','enP3p1s0,100G,mlx5_core,Mellanox,0003:01:00.0;','sdb,480G,SSD,SATA,noop,samsung;nvme0n1,900G,SSD,NVMe,noop,toshiba;','0003:01:00.0 Ethernet controller: Mellanox Technologies MT27800 Family [ConnectX-5];'),(276,'DELL_R740','XEON_GOLD_5118','2','12','2','48','2300','3200','','384k/384k','12M','16.5M','192G',6,'2666MHz','1333MHz','enP3p1s0,100G,mlx5_core,Mellanox,0003:01:00.0;','sdb,480G,SSD,SATA,noop,samsung;nvme0n1,900G,SSD,NVMe,noop,toshiba;','0003:01:00.0 Ethernet controller: Mellanox Technologies MT27800 Family [ConnectX-5];'),(277,'DELL_R740','XEON_GOLD_5118','2','12','2','48','2300','3200','','384k/384k','12M','16.5M','192G',6,'2666MHz','1333MHz','enP3p1s0,100G,mlx5_core,Mellanox,0003:01:00.0;','sdb,480G,SSD,SATA,noop,samsung;nvme0n1,900G,SSD,NVMe,noop,toshiba;','0003:01:00.0 Ethernet controller: Mellanox Technologies MT27800 Family [ConnectX-5];'),(280,'REP2','HXT1.1','1','48','1','48','2600.00','','','32K/64K','512K','61440K','192G',6,'2666MHz','1333MHz','eth0,<speed>,<driver>,<vendor>,<PCI_Bus>;eth1,<speed>,<driver>,<vendor>,<PCI_Bus>;enP3p1s0,100G,mlx5_core,Mellanox,0003:01:00.0;','sda,<size>,<type>,<interface>,<io_scheduler>,<vendor>;sdb,<size>,<type>,<interface>,<io_scheduler>,<vendor>;sdb,480G,SSD,SATA,noop,samsung;nvme0n1,900G,SSD,NVMe,noop,toshiba;','0000:00:00.0 PCI bridge: Guizhou Huaxintong Semiconductor Technology Co.,Ltd StarDragon4800 PCI Express Root Port;0000:01:00.0 Serial Attached SCSI controller: Adaptec Device 028f (rev 01);0001:00:00.0 PCI bridge: Guizhou Huaxintong Semiconductor Technology Co.,Ltd StarDragon4800 PCI Express Root Port;0002:00:00.0 PCI bridge: Guizhou Huaxintong Semiconductor Technology Co.,Ltd StarDragon4800 PCI Express Root Port;0002:01:00.0 PCI bridge: ASPEED Technology, Inc. AST1150 PCI-to-PCI Bridge (rev 04);0002:02:00.0 VGA compatible controller: ASPEED Technology, Inc. ASPEED Graphics Family (rev 41);0003:00:00.0 PCI bridge: Guizhou Huaxintong Semiconductor Technology Co.,Ltd StarDragon4800 PCI Express Root Port;0003:01:00.0 Ethernet controller: Mellanox Technologies MT27800 Family [ConnectX-5];'),(281,'REP2','HXT1.1','1','48','1','48','2600.00','','','32K/64K','512K','61440K','192G',6,'2666MHz','1333MHz','eth0,<speed>,<driver>,<vendor>,<PCI_Bus>;eth1,<speed>,<driver>,<vendor>,<PCI_Bus>;enP3p1s0,100G,mlx5_core,Mellanox,0003:01:00.0;','sda,<size>,<type>,<interface>,<io_scheduler>,<vendor>;sdb,<size>,<type>,<interface>,<io_scheduler>,<vendor>;sdb,480G,SSD,SATA,noop,samsung;nvme0n1,900G,SSD,NVMe,noop,toshiba;','0000:00:00.0 PCI bridge: Guizhou Huaxintong Semiconductor Technology Co.,Ltd StarDragon4800 PCI Express Root Port;0000:01:00.0 Serial Attached SCSI controller: Adaptec Device 028f (rev 01);0001:00:00.0 PCI bridge: Guizhou Huaxintong Semiconductor Technology Co.,Ltd StarDragon4800 PCI Express Root Port;0002:00:00.0 PCI bridge: Guizhou Huaxintong Semiconductor Technology Co.,Ltd StarDragon4800 PCI Express Root Port;0002:01:00.0 PCI bridge: ASPEED Technology, Inc. AST1150 PCI-to-PCI Bridge (rev 04);0002:02:00.0 VGA compatible controller: ASPEED Technology, Inc. ASPEED Graphics Family (rev 41);0003:00:00.0 PCI bridge: Guizhou Huaxintong Semiconductor Technology Co.,Ltd StarDragon4800 PCI Express Root Port;0003:01:00.0 Ethernet controller: Mellanox Technologies MT27800 Family [ConnectX-5];'),(283,'REP2','HXT1.1','1','48','1','48','2600.00','','','32K/64K','512K','61440K','192G',6,'2666MHz','1333MHz','eth0,<speed>,<driver>,<vendor>,<PCI_Bus>;eth1,<speed>,<driver>,<vendor>,<PCI_Bus>;enP3p1s0,100G,mlx5_core,Mellanox,0003:01:00.0;','sda,<size>,<type>,<interface>,<io_scheduler>,<vendor>;sdb,<size>,<type>,<interface>,<io_scheduler>,<vendor>;sdb,480G,SSD,SATA,noop,samsung;nvme0n1,900G,SSD,NVMe,noop,toshiba;','0000:00:00.0 PCI bridge: Guizhou Huaxintong Semiconductor Technology Co.,Ltd StarDragon4800 PCI Express Root Port;0000:01:00.0 Serial Attached SCSI controller: Adaptec Device 028f (rev 01);0001:00:00.0 PCI bridge: Guizhou Huaxintong Semiconductor Technology Co.,Ltd StarDragon4800 PCI Express Root Port;0002:00:00.0 PCI bridge: Guizhou Huaxintong Semiconductor Technology Co.,Ltd StarDragon4800 PCI Express Root Port;0002:01:00.0 PCI bridge: ASPEED Technology, Inc. AST1150 PCI-to-PCI Bridge (rev 04);0002:02:00.0 VGA compatible controller: ASPEED Technology, Inc. ASPEED Graphics Family (rev 41);0003:00:00.0 PCI bridge: Guizhou Huaxintong Semiconductor Technology Co.,Ltd StarDragon4800 PCI Express Root Port;0003:01:00.0 Ethernet controller: Mellanox Technologies MT27800 Family [ConnectX-5];'),(288,'REP2','HXT1.1','1','48','1','48','2600.00','','','32K/64K','512K','61440K','192G',6,'2666MHz','1333MHz','eth0,<speed>,<driver>,<vendor>,<PCI_Bus>;eth1,<speed>,<driver>,<vendor>,<PCI_Bus>;enP3p1s0,100G,mlx5_core,Mellanox,0003:01:00.0;','sda,<size>,<type>,<interface>,<io_scheduler>,<vendor>;sdb,<size>,<type>,<interface>,<io_scheduler>,<vendor>;sdb,480G,SSD,SATA,noop,samsung;nvme0n1,900G,SSD,NVMe,noop,toshiba;','0000:00:00.0 PCI bridge: Guizhou Huaxintong Semiconductor Technology Co.,Ltd StarDragon4800 PCI Express Root Port;0000:01:00.0 Serial Attached SCSI controller: Adaptec Device 028f (rev 01);0001:00:00.0 PCI bridge: Guizhou Huaxintong Semiconductor Technology Co.,Ltd StarDragon4800 PCI Express Root Port;0002:00:00.0 PCI bridge: Guizhou Huaxintong Semiconductor Technology Co.,Ltd StarDragon4800 PCI Express Root Port;0002:01:00.0 PCI bridge: ASPEED Technology, Inc. AST1150 PCI-to-PCI Bridge (rev 04);0002:02:00.0 VGA compatible controller: ASPEED Technology, Inc. ASPEED Graphics Family (rev 41);0003:00:00.0 PCI bridge: Guizhou Huaxintong Semiconductor Technology Co.,Ltd StarDragon4800 PCI Express Root Port;0003:01:00.0 Ethernet controller: Mellanox Technologies MT27800 Family [ConnectX-5];'),(289,'REP2','HXT1.1','1','48','1','48','2600.00','','','32K/64K','512K','61440K','192G',6,'2666MHz','1333MHz','eth0,<speed>,<driver>,<vendor>,<PCI_Bus>;eth1,<speed>,<driver>,<vendor>,<PCI_Bus>;enP3p1s0,100G,mlx5_core,Mellanox,0003:01:00.0;','sda,<size>,<type>,<interface>,<io_scheduler>,<vendor>;sdb,<size>,<type>,<interface>,<io_scheduler>,<vendor>;sdb,480G,SSD,SATA,noop,samsung;nvme0n1,900G,SSD,NVMe,noop,toshiba;','0000:00:00.0 PCI bridge: Guizhou Huaxintong Semiconductor Technology Co.,Ltd StarDragon4800 PCI Express Root Port;0000:01:00.0 Serial Attached SCSI controller: Adaptec Device 028f (rev 01);0001:00:00.0 PCI bridge: Guizhou Huaxintong Semiconductor Technology Co.,Ltd StarDragon4800 PCI Express Root Port;0002:00:00.0 PCI bridge: Guizhou Huaxintong Semiconductor Technology Co.,Ltd StarDragon4800 PCI Express Root Port;0002:01:00.0 PCI bridge: ASPEED Technology, Inc. AST1150 PCI-to-PCI Bridge (rev 04);0002:02:00.0 VGA compatible controller: ASPEED Technology, Inc. ASPEED Graphics Family (rev 41);0003:00:00.0 PCI bridge: Guizhou Huaxintong Semiconductor Technology Co.,Ltd StarDragon4800 PCI Express Root Port;0003:01:00.0 Ethernet controller: Mellanox Technologies MT27800 Family [ConnectX-5];'),(291,'REP2','HXT1.1','1','48','1','48','2600.00','','','32K/64K','512K','61440K','192G',6,'2666MHz','1333MHz','eth0,<speed>,<driver>,<vendor>,<PCI_Bus>;eth1,<speed>,<driver>,<vendor>,<PCI_Bus>;enP3p1s0,100G,mlx5_core,Mellanox,0003:01:00.0;','sda,<size>,<type>,<interface>,<io_scheduler>,<vendor>;sdb,<size>,<type>,<interface>,<io_scheduler>,<vendor>;sdb,480G,SSD,SATA,noop,samsung;nvme0n1,900G,SSD,NVMe,noop,toshiba;','0000:00:00.0 PCI bridge: Guizhou Huaxintong Semiconductor Technology Co.,Ltd StarDragon4800 PCI Express Root Port;0000:01:00.0 Serial Attached SCSI controller: Adaptec Device 028f (rev 01);0001:00:00.0 PCI bridge: Guizhou Huaxintong Semiconductor Technology Co.,Ltd StarDragon4800 PCI Express Root Port;0002:00:00.0 PCI bridge: Guizhou Huaxintong Semiconductor Technology Co.,Ltd StarDragon4800 PCI Express Root Port;0002:01:00.0 PCI bridge: ASPEED Technology, Inc. AST1150 PCI-to-PCI Bridge (rev 04);0002:02:00.0 VGA compatible controller: ASPEED Technology, Inc. ASPEED Graphics Family (rev 41);0003:00:00.0 PCI bridge: Guizhou Huaxintong Semiconductor Technology Co.,Ltd StarDragon4800 PCI Express Root Port;0003:01:00.0 Ethernet controller: Mellanox Technologies MT27800 Family [ConnectX-5];'),(292,'REP2','HXT1.1','1','46','1','46','2600.00','','','32K/64K','512K','61440K','192G',6,'2666MHz','1333MHz','eth0,<speed>,<driver>,<vendor>,<PCI_Bus>;eth1,<speed>,<driver>,<vendor>,<PCI_Bus>;enP3p1s0,100G,mlx5_core,Mellanox,0003:01:00.0;','sda,<size>,<type>,<interface>,<io_scheduler>,<vendor>;sdb,<size>,<type>,<interface>,<io_scheduler>,<vendor>;sdb,480G,SSD,SATA,noop,samsung;nvme0n1,900G,SSD,NVMe,noop,toshiba;','0000:00:00.0 PCI bridge: Guizhou Huaxintong Semiconductor Technology Co.,Ltd StarDragon4800 PCI Express Root Port;0000:01:00.0 Serial Attached SCSI controller: Adaptec Device 028f (rev 01);0001:00:00.0 PCI bridge: Guizhou Huaxintong Semiconductor Technology Co.,Ltd StarDragon4800 PCI Express Root Port;0002:00:00.0 PCI bridge: Guizhou Huaxintong Semiconductor Technology Co.,Ltd StarDragon4800 PCI Express Root Port;0002:01:00.0 PCI bridge: ASPEED Technology, Inc. AST1150 PCI-to-PCI Bridge (rev 04);0002:02:00.0 VGA compatible controller: ASPEED Technology, Inc. ASPEED Graphics Family (rev 41);0003:00:00.0 PCI bridge: Guizhou Huaxintong Semiconductor Technology Co.,Ltd StarDragon4800 PCI Express Root Port;0003:01:00.0 Ethernet controller: Mellanox Technologies MT27800 Family [ConnectX-5];'),(293,'REP2','HXT1.1','1','46','1','46','2600.00','','','32K/64K','512K','61440K','192G',6,'2666MHz','1333MHz','eth0,<speed>,<driver>,<vendor>,<PCI_Bus>;eth1,<speed>,<driver>,<vendor>,<PCI_Bus>;enP3p1s0,100G,mlx5_core,Mellanox,0003:01:00.0;','sda,<size>,<type>,<interface>,<io_scheduler>,<vendor>;sdb,<size>,<type>,<interface>,<io_scheduler>,<vendor>;sdb,480G,SSD,SATA,noop,samsung;nvme0n1,900G,SSD,NVMe,noop,toshiba;','0000:00:00.0 PCI bridge: Guizhou Huaxintong Semiconductor Technology Co.,Ltd StarDragon4800 PCI Express Root Port;0000:01:00.0 Serial Attached SCSI controller: Adaptec Device 028f (rev 01);0001:00:00.0 PCI bridge: Guizhou Huaxintong Semiconductor Technology Co.,Ltd StarDragon4800 PCI Express Root Port;0002:00:00.0 PCI bridge: Guizhou Huaxintong Semiconductor Technology Co.,Ltd StarDragon4800 PCI Express Root Port;0002:01:00.0 PCI bridge: ASPEED Technology, Inc. AST1150 PCI-to-PCI Bridge (rev 04);0002:02:00.0 VGA compatible controller: ASPEED Technology, Inc. ASPEED Graphics Family (rev 41);0003:00:00.0 PCI bridge: Guizhou Huaxintong Semiconductor Technology Co.,Ltd StarDragon4800 PCI Express Root Port;0003:01:00.0 Ethernet controller: Mellanox Technologies MT27800 Family [ConnectX-5];'),(294,'REP2','HXT1.1','1','46','1','46','2600.00','','','32K/64K','512K','61440K','192G',6,'2666MHz','1333MHz','eth0,<speed>,<driver>,<vendor>,<PCI_Bus>;eth1,<speed>,<driver>,<vendor>,<PCI_Bus>;enP3p1s0,100G,mlx5_core,Mellanox,0003:01:00.0;','sda,<size>,<type>,<interface>,<io_scheduler>,<vendor>;sdb,<size>,<type>,<interface>,<io_scheduler>,<vendor>;sdb,480G,SSD,SATA,noop,samsung;nvme0n1,900G,SSD,NVMe,noop,toshiba;','0000:00:00.0 PCI bridge: Guizhou Huaxintong Semiconductor Technology Co.,Ltd StarDragon4800 PCI Express Root Port;0000:01:00.0 Serial Attached SCSI controller: Adaptec Device 028f (rev 01);0001:00:00.0 PCI bridge: Guizhou Huaxintong Semiconductor Technology Co.,Ltd StarDragon4800 PCI Express Root Port;0002:00:00.0 PCI bridge: Guizhou Huaxintong Semiconductor Technology Co.,Ltd StarDragon4800 PCI Express Root Port;0002:01:00.0 PCI bridge: ASPEED Technology, Inc. AST1150 PCI-to-PCI Bridge (rev 04);0002:02:00.0 VGA compatible controller: ASPEED Technology, Inc. ASPEED Graphics Family (rev 41);0003:00:00.0 PCI bridge: Guizhou Huaxintong Semiconductor Technology Co.,Ltd StarDragon4800 PCI Express Root Port;0003:01:00.0 Ethernet controller: Mellanox Technologies MT27800 Family [ConnectX-5];'),(295,'REP2','HXT1.1','1','40','1','40','2600.00','','','32K/64K','512K','40960k','192G',6,'2666MHz','1333MHz','eth0,<speed>,<driver>,<vendor>,<PCI_Bus>;eth1,<speed>,<driver>,<vendor>,<PCI_Bus>;enP3p1s0,100G,mlx5_core,Mellanox,0003:01:00.0;','sda,<size>,<type>,<interface>,<io_scheduler>,<vendor>;sdb,<size>,<type>,<interface>,<io_scheduler>,<vendor>;sdb,480G,SSD,SATA,noop,samsung;nvme0n1,900G,SSD,NVMe,noop,toshiba;','0000:00:00.0 PCI bridge: Guizhou Huaxintong Semiconductor Technology Co.,Ltd StarDragon4800 PCI Express Root Port;0000:01:00.0 Serial Attached SCSI controller: Adaptec Device 028f (rev 01);0001:00:00.0 PCI bridge: Guizhou Huaxintong Semiconductor Technology Co.,Ltd StarDragon4800 PCI Express Root Port;0002:00:00.0 PCI bridge: Guizhou Huaxintong Semiconductor Technology Co.,Ltd StarDragon4800 PCI Express Root Port;0002:01:00.0 PCI bridge: ASPEED Technology, Inc. AST1150 PCI-to-PCI Bridge (rev 04);0002:02:00.0 VGA compatible controller: ASPEED Technology, Inc. ASPEED Graphics Family (rev 41);0003:00:00.0 PCI bridge: Guizhou Huaxintong Semiconductor Technology Co.,Ltd StarDragon4800 PCI Express Root Port;0003:01:00.0 Ethernet controller: Mellanox Technologies MT27800 Family [ConnectX-5];'),(296,'REP2','HXT1.1','1','40','1','40','2600.00','','','32K/64K','512K','40960k','192G',6,'2666MHz','1333MHz','eth0,<speed>,<driver>,<vendor>,<PCI_Bus>;eth1,<speed>,<driver>,<vendor>,<PCI_Bus>;enP3p1s0,100G,mlx5_core,Mellanox,0003:01:00.0;','sda,<size>,<type>,<interface>,<io_scheduler>,<vendor>;sdb,<size>,<type>,<interface>,<io_scheduler>,<vendor>;sdb,480G,SSD,SATA,noop,samsung;nvme0n1,900G,SSD,NVMe,noop,toshiba;','0000:00:00.0 PCI bridge: Guizhou Huaxintong Semiconductor Technology Co.,Ltd StarDragon4800 PCI Express Root Port;0000:01:00.0 Serial Attached SCSI controller: Adaptec Device 028f (rev 01);0001:00:00.0 PCI bridge: Guizhou Huaxintong Semiconductor Technology Co.,Ltd StarDragon4800 PCI Express Root Port;0002:00:00.0 PCI bridge: Guizhou Huaxintong Semiconductor Technology Co.,Ltd StarDragon4800 PCI Express Root Port;0002:01:00.0 PCI bridge: ASPEED Technology, Inc. AST1150 PCI-to-PCI Bridge (rev 04);0002:02:00.0 VGA compatible controller: ASPEED Technology, Inc. ASPEED Graphics Family (rev 41);0003:00:00.0 PCI bridge: Guizhou Huaxintong Semiconductor Technology Co.,Ltd StarDragon4800 PCI Express Root Port;0003:01:00.0 Ethernet controller: Mellanox Technologies MT27800 Family [ConnectX-5];'),(298,'REP1','HXT1.1','1','48','1','48','2600.00','','','32K/64K','512K','61440K','192G',6,'2666MHz','1333MHz','eth0,<speed>,<driver>,<vendor>,<PCI_Bus>;eth1,<speed>,<driver>,<vendor>,<PCI_Bus>;enP3p1s0,100G,mlx5_core,Mellanox,0003:01:00.0;','sda,<size>,<type>,<interface>,<io_scheduler>,<vendor>;sdb,<size>,<type>,<interface>,<io_scheduler>,<vendor>;sdb,480G,SSD,SATA,noop,samsung;nvme0n1,900G,SSD,NVMe,noop,toshiba;','0000:00:00.0 PCI bridge: Guizhou Huaxintong Semiconductor Technology Co.,Ltd StarDragon4800 PCI Express Root Port;0000:01:00.0 Serial Attached SCSI controller: Adaptec Device 028f (rev 01);0001:00:00.0 PCI bridge: Guizhou Huaxintong Semiconductor Technology Co.,Ltd StarDragon4800 PCI Express Root Port;0002:00:00.0 PCI bridge: Guizhou Huaxintong Semiconductor Technology Co.,Ltd StarDragon4800 PCI Express Root Port;0002:01:00.0 PCI bridge: ASPEED Technology, Inc. AST1150 PCI-to-PCI Bridge (rev 04);0002:02:00.0 VGA compatible controller: ASPEED Technology, Inc. ASPEED Graphics Family (rev 41);0003:00:00.0 PCI bridge: Guizhou Huaxintong Semiconductor Technology Co.,Ltd StarDragon4800 PCI Express Root Port;0003:01:00.0 Ethernet controller: Mellanox Technologies MT27800 Family [ConnectX-5];'),(300,'REP2','AW2.2','1','40','1','40','2500.00','','','32K/64K','512K','40960k','192G',6,'2666MHz','1333MHz','eth0,<speed>,<driver>,<vendor>,<PCI_Bus>;eth1,<speed>,<driver>,<vendor>,<PCI_Bus>;enP3p1s0,100G,mlx5_core,Mellanox,0003:01:00.0;','sda,<size>,<type>,<interface>,<io_scheduler>,<vendor>;sdb,<size>,<type>,<interface>,<io_scheduler>,<vendor>;sdb,480G,SSD,SATA,noop,samsung;nvme0n1,900G,SSD,NVMe,noop,toshiba;','0000:00:00.0 PCI bridge: Guizhou Huaxintong Semiconductor Technology Co.,Ltd StarDragon4800 PCI Express Root Port;0000:01:00.0 Serial Attached SCSI controller: Adaptec Device 028f (rev 01);0001:00:00.0 PCI bridge: Guizhou Huaxintong Semiconductor Technology Co.,Ltd StarDragon4800 PCI Express Root Port;0002:00:00.0 PCI bridge: Guizhou Huaxintong Semiconductor Technology Co.,Ltd StarDragon4800 PCI Express Root Port;0002:01:00.0 PCI bridge: ASPEED Technology, Inc. AST1150 PCI-to-PCI Bridge (rev 04);0002:02:00.0 VGA compatible controller: ASPEED Technology, Inc. ASPEED Graphics Family (rev 41);0003:00:00.0 PCI bridge: Guizhou Huaxintong Semiconductor Technology Co.,Ltd StarDragon4800 PCI Express Root Port;0003:01:00.0 Ethernet controller: Mellanox Technologies MT27800 Family [ConnectX-5];'),(301,'REP2','AW2.2','1','40','1','40','2500.00','','','32K/64K','512K','40960k','192G',6,'2666MHz','1333MHz','eth0,<speed>,<driver>,<vendor>,<PCI_Bus>;eth1,<speed>,<driver>,<vendor>,<PCI_Bus>;enP3p1s0,100G,mlx5_core,Mellanox,0003:01:00.0;','sda,<size>,<type>,<interface>,<io_scheduler>,<vendor>;sdb,<size>,<type>,<interface>,<io_scheduler>,<vendor>;sdb,480G,SSD,SATA,noop,samsung;nvme0n1,900G,SSD,NVMe,noop,toshiba;','0000:00:00.0 PCI bridge: Guizhou Huaxintong Semiconductor Technology Co.,Ltd StarDragon4800 PCI Express Root Port;0000:01:00.0 Serial Attached SCSI controller: Adaptec Device 028f (rev 01);0001:00:00.0 PCI bridge: Guizhou Huaxintong Semiconductor Technology Co.,Ltd StarDragon4800 PCI Express Root Port;0002:00:00.0 PCI bridge: Guizhou Huaxintong Semiconductor Technology Co.,Ltd StarDragon4800 PCI Express Root Port;0002:01:00.0 PCI bridge: ASPEED Technology, Inc. AST1150 PCI-to-PCI Bridge (rev 04);0002:02:00.0 VGA compatible controller: ASPEED Technology, Inc. ASPEED Graphics Family (rev 41);0003:00:00.0 PCI bridge: Guizhou Huaxintong Semiconductor Technology Co.,Ltd StarDragon4800 PCI Express Root Port;0003:01:00.0 Ethernet controller: Mellanox Technologies MT27800 Family [ConnectX-5];'),(303,'REP1','HXT1.1','1','48','1','48','2600.00','','','32K/64K','512K','61440K','192G',6,'2666MHz','1333MHz','eth0,<speed>,<driver>,<vendor>,<PCI_Bus>;eth1,<speed>,<driver>,<vendor>,<PCI_Bus>;enP3p1s0,100G,mlx5_core,Mellanox,0003:01:00.0;','sda,<size>,<type>,<interface>,<io_scheduler>,<vendor>;sdb,<size>,<type>,<interface>,<io_scheduler>,<vendor>;sdb,480G,SSD,SATA,noop,samsung;nvme0n1,900G,SSD,NVMe,noop,toshiba;','0000:00:00.0 PCI bridge: Guizhou Huaxintong Semiconductor Technology Co.,Ltd StarDragon4800 PCI Express Root Port;0000:01:00.0 Serial Attached SCSI controller: Adaptec Device 028f (rev 01);0001:00:00.0 PCI bridge: Guizhou Huaxintong Semiconductor Technology Co.,Ltd StarDragon4800 PCI Express Root Port;0002:00:00.0 PCI bridge: Guizhou Huaxintong Semiconductor Technology Co.,Ltd StarDragon4800 PCI Express Root Port;0002:01:00.0 PCI bridge: ASPEED Technology, Inc. AST1150 PCI-to-PCI Bridge (rev 04);0002:02:00.0 VGA compatible controller: ASPEED Technology, Inc. ASPEED Graphics Family (rev 41);0003:00:00.0 PCI bridge: Guizhou Huaxintong Semiconductor Technology Co.,Ltd StarDragon4800 PCI Express Root Port;0003:01:00.0 Ethernet controller: Mellanox Technologies MT27800 Family [ConnectX-5];'),(304,'REP1','HXT1.1','1','48','1','48','2600.00','','','32K/64K','512K','61440K','192G',6,'2666MHz','1333MHz','eth0,<speed>,<driver>,<vendor>,<PCI_Bus>;eth1,<speed>,<driver>,<vendor>,<PCI_Bus>;enP3p1s0,100G,mlx5_core,Mellanox,0003:01:00.0;','sda,<size>,<type>,<interface>,<io_scheduler>,<vendor>;sdb,<size>,<type>,<interface>,<io_scheduler>,<vendor>;sdb,480G,SSD,SATA,noop,samsung;nvme0n1,900G,SSD,NVMe,noop,toshiba;','0000:00:00.0 PCI bridge: Guizhou Huaxintong Semiconductor Technology Co.,Ltd StarDragon4800 PCI Express Root Port;0000:01:00.0 Serial Attached SCSI controller: Adaptec Device 028f (rev 01);0001:00:00.0 PCI bridge: Guizhou Huaxintong Semiconductor Technology Co.,Ltd StarDragon4800 PCI Express Root Port;0002:00:00.0 PCI bridge: Guizhou Huaxintong Semiconductor Technology Co.,Ltd StarDragon4800 PCI Express Root Port;0002:01:00.0 PCI bridge: ASPEED Technology, Inc. AST1150 PCI-to-PCI Bridge (rev 04);0002:02:00.0 VGA compatible controller: ASPEED Technology, Inc. ASPEED Graphics Family (rev 41);0003:00:00.0 PCI bridge: Guizhou Huaxintong Semiconductor Technology Co.,Ltd StarDragon4800 PCI Express Root Port;0003:01:00.0 Ethernet controller: Mellanox Technologies MT27800 Family [ConnectX-5];'),(308,'REP1','HXT1.1','1','48','1','48','2600.00','','','32K/64K','512K','61440K','192G',6,'2666MHz','1333MHz','eth0,<speed>,<driver>,<vendor>,<PCI_Bus>;eth1,<speed>,<driver>,<vendor>,<PCI_Bus>;enP3p1s0,100G,mlx5_core,Mellanox,0003:01:00.0;','sda,<size>,<type>,<interface>,<io_scheduler>,<vendor>;sdb,<size>,<type>,<interface>,<io_scheduler>,<vendor>;sdb,480G,SSD,SATA,noop,samsung;nvme0n1,900G,SSD,NVMe,noop,toshiba;','0000:00:00.0 PCI bridge: Guizhou Huaxintong Semiconductor Technology Co.,Ltd StarDragon4800 PCI Express Root Port;0000:01:00.0 Serial Attached SCSI controller: Adaptec Device 028f (rev 01);0001:00:00.0 PCI bridge: Guizhou Huaxintong Semiconductor Technology Co.,Ltd StarDragon4800 PCI Express Root Port;0002:00:00.0 PCI bridge: Guizhou Huaxintong Semiconductor Technology Co.,Ltd StarDragon4800 PCI Express Root Port;0002:01:00.0 PCI bridge: ASPEED Technology, Inc. AST1150 PCI-to-PCI Bridge (rev 04);0002:02:00.0 VGA compatible controller: ASPEED Technology, Inc. ASPEED Graphics Family (rev 41);0003:00:00.0 PCI bridge: Guizhou Huaxintong Semiconductor Technology Co.,Ltd StarDragon4800 PCI Express Root Port;0003:01:00.0 Ethernet controller: Mellanox Technologies MT27800 Family [ConnectX-5];'),(309,'REP1','HXT1.1','1','48','1','48','2600.00','','','32K/64K','512K','61440K','192G',6,'2666MHz','1333MHz','eth0,<speed>,<driver>,<vendor>,<PCI_Bus>;eth1,<speed>,<driver>,<vendor>,<PCI_Bus>;enP3p1s0,100G,mlx5_core,Mellanox,0003:01:00.0;','sda,<size>,<type>,<interface>,<io_scheduler>,<vendor>;sdb,<size>,<type>,<interface>,<io_scheduler>,<vendor>;sdb,480G,SSD,SATA,noop,samsung;nvme0n1,900G,SSD,NVMe,noop,toshiba;','0000:00:00.0 PCI bridge: Guizhou Huaxintong Semiconductor Technology Co.,Ltd StarDragon4800 PCI Express Root Port;0000:01:00.0 Serial Attached SCSI controller: Adaptec Device 028f (rev 01);0001:00:00.0 PCI bridge: Guizhou Huaxintong Semiconductor Technology Co.,Ltd StarDragon4800 PCI Express Root Port;0002:00:00.0 PCI bridge: Guizhou Huaxintong Semiconductor Technology Co.,Ltd StarDragon4800 PCI Express Root Port;0002:01:00.0 PCI bridge: ASPEED Technology, Inc. AST1150 PCI-to-PCI Bridge (rev 04);0002:02:00.0 VGA compatible controller: ASPEED Technology, Inc. ASPEED Graphics Family (rev 41);0003:00:00.0 PCI bridge: Guizhou Huaxintong Semiconductor Technology Co.,Ltd StarDragon4800 PCI Express Root Port;0003:01:00.0 Ethernet controller: Mellanox Technologies MT27800 Family [ConnectX-5];'),(310,'REP1','HXT1.1','1','48','1','48','2600.00','','','32K/64K','512K','61440K','192G',6,'2666MHz','1333MHz','eth0,<speed>,<driver>,<vendor>,<PCI_Bus>;eth1,<speed>,<driver>,<vendor>,<PCI_Bus>;enP3p1s0,100G,mlx5_core,Mellanox,0003:01:00.0;','sda,<size>,<type>,<interface>,<io_scheduler>,<vendor>;sdb,<size>,<type>,<interface>,<io_scheduler>,<vendor>;sdb,480G,SSD,SATA,noop,samsung;nvme0n1,900G,SSD,NVMe,noop,toshiba;','0000:00:00.0 PCI bridge: Guizhou Huaxintong Semiconductor Technology Co.,Ltd StarDragon4800 PCI Express Root Port;0000:01:00.0 Serial Attached SCSI controller: Adaptec Device 028f (rev 01);0001:00:00.0 PCI bridge: Guizhou Huaxintong Semiconductor Technology Co.,Ltd StarDragon4800 PCI Express Root Port;0002:00:00.0 PCI bridge: Guizhou Huaxintong Semiconductor Technology Co.,Ltd StarDragon4800 PCI Express Root Port;0002:01:00.0 PCI bridge: ASPEED Technology, Inc. AST1150 PCI-to-PCI Bridge (rev 04);0002:02:00.0 VGA compatible controller: ASPEED Technology, Inc. ASPEED Graphics Family (rev 41);0003:00:00.0 PCI bridge: Guizhou Huaxintong Semiconductor Technology Co.,Ltd StarDragon4800 PCI Express Root Port;0003:01:00.0 Ethernet controller: Mellanox Technologies MT27800 Family [ConnectX-5];'),(311,'REP1','HXT1.1','1','48','1','48','2600.00','','','32K/64K','512K','61440K','192G',6,'2666MHz','1333MHz','eth0,<speed>,<driver>,<vendor>,<PCI_Bus>;eth1,<speed>,<driver>,<vendor>,<PCI_Bus>;enP3p1s0,100G,mlx5_core,Mellanox,0003:01:00.0;','sda,<size>,<type>,<interface>,<io_scheduler>,<vendor>;sdb,<size>,<type>,<interface>,<io_scheduler>,<vendor>;sdb,480G,SSD,SATA,noop,samsung;nvme0n1,900G,SSD,NVMe,noop,toshiba;','0000:00:00.0 PCI bridge: Guizhou Huaxintong Semiconductor Technology Co.,Ltd StarDragon4800 PCI Express Root Port;0000:01:00.0 Serial Attached SCSI controller: Adaptec Device 028f (rev 01);0001:00:00.0 PCI bridge: Guizhou Huaxintong Semiconductor Technology Co.,Ltd StarDragon4800 PCI Express Root Port;0002:00:00.0 PCI bridge: Guizhou Huaxintong Semiconductor Technology Co.,Ltd StarDragon4800 PCI Express Root Port;0002:01:00.0 PCI bridge: ASPEED Technology, Inc. AST1150 PCI-to-PCI Bridge (rev 04);0002:02:00.0 VGA compatible controller: ASPEED Technology, Inc. ASPEED Graphics Family (rev 41);0003:00:00.0 PCI bridge: Guizhou Huaxintong Semiconductor Technology Co.,Ltd StarDragon4800 PCI Express Root Port;0003:01:00.0 Ethernet controller: Mellanox Technologies MT27800 Family [ConnectX-5];'),(313,'REP1','HXT1.1','1','48','1','48','2600.00','','','32K/64K','512K','61440K','192G',6,'2666MHz','1333MHz','eth0,<speed>,<driver>,<vendor>,<PCI_Bus>;eth1,<speed>,<driver>,<vendor>,<PCI_Bus>;enP3p1s0,100G,mlx5_core,Mellanox,0003:01:00.0;','sda,<size>,<type>,<interface>,<io_scheduler>,<vendor>;sdb,<size>,<type>,<interface>,<io_scheduler>,<vendor>;sdb,480G,SSD,SATA,noop,samsung;nvme0n1,900G,SSD,NVMe,noop,toshiba;','0000:00:00.0 PCI bridge: Guizhou Huaxintong Semiconductor Technology Co.,Ltd StarDragon4800 PCI Express Root Port;0000:01:00.0 Serial Attached SCSI controller: Adaptec Device 028f (rev 01);0001:00:00.0 PCI bridge: Guizhou Huaxintong Semiconductor Technology Co.,Ltd StarDragon4800 PCI Express Root Port;0002:00:00.0 PCI bridge: Guizhou Huaxintong Semiconductor Technology Co.,Ltd StarDragon4800 PCI Express Root Port;0002:01:00.0 PCI bridge: ASPEED Technology, Inc. AST1150 PCI-to-PCI Bridge (rev 04);0002:02:00.0 VGA compatible controller: ASPEED Technology, Inc. ASPEED Graphics Family (rev 41);0003:00:00.0 PCI bridge: Guizhou Huaxintong Semiconductor Technology Co.,Ltd StarDragon4800 PCI Express Root Port;0003:01:00.0 Ethernet controller: Mellanox Technologies MT27800 Family [ConnectX-5];'),(314,'REP1','HXT1.1','1','48','1','48','2600.00','','','32K/64K','512K','61440K','192G',6,'2666MHz','1333MHz','eth0,<speed>,<driver>,<vendor>,<PCI_Bus>;eth1,<speed>,<driver>,<vendor>,<PCI_Bus>;enP3p1s0,100G,mlx5_core,Mellanox,0003:01:00.0;','sda,<size>,<type>,<interface>,<io_scheduler>,<vendor>;sdb,<size>,<type>,<interface>,<io_scheduler>,<vendor>;sdb,480G,SSD,SATA,noop,samsung;nvme0n1,900G,SSD,NVMe,noop,toshiba;','0000:00:00.0 PCI bridge: Guizhou Huaxintong Semiconductor Technology Co.,Ltd StarDragon4800 PCI Express Root Port;0000:01:00.0 Serial Attached SCSI controller: Adaptec Device 028f (rev 01);0001:00:00.0 PCI bridge: Guizhou Huaxintong Semiconductor Technology Co.,Ltd StarDragon4800 PCI Express Root Port;0002:00:00.0 PCI bridge: Guizhou Huaxintong Semiconductor Technology Co.,Ltd StarDragon4800 PCI Express Root Port;0002:01:00.0 PCI bridge: ASPEED Technology, Inc. AST1150 PCI-to-PCI Bridge (rev 04);0002:02:00.0 VGA compatible controller: ASPEED Technology, Inc. ASPEED Graphics Family (rev 41);0003:00:00.0 PCI bridge: Guizhou Huaxintong Semiconductor Technology Co.,Ltd StarDragon4800 PCI Express Root Port;0003:01:00.0 Ethernet controller: Mellanox Technologies MT27800 Family [ConnectX-5];'),(315,'REP1','HXT1.1','1','48','1','48','2600.00','','','32K/64K','512K','61440K','192G',6,'2666MHz','1333MHz','eth0,<speed>,<driver>,<vendor>,<PCI_Bus>;eth1,<speed>,<driver>,<vendor>,<PCI_Bus>;enP3p1s0,100G,mlx5_core,Mellanox,0003:01:00.0;','sda,<size>,<type>,<interface>,<io_scheduler>,<vendor>;sdb,<size>,<type>,<interface>,<io_scheduler>,<vendor>;sdb,480G,SSD,SATA,noop,samsung;nvme0n1,900G,SSD,NVMe,noop,toshiba;','0000:00:00.0 PCI bridge: Guizhou Huaxintong Semiconductor Technology Co.,Ltd StarDragon4800 PCI Express Root Port;0000:01:00.0 Serial Attached SCSI controller: Adaptec Device 028f (rev 01);0001:00:00.0 PCI bridge: Guizhou Huaxintong Semiconductor Technology Co.,Ltd StarDragon4800 PCI Express Root Port;0002:00:00.0 PCI bridge: Guizhou Huaxintong Semiconductor Technology Co.,Ltd StarDragon4800 PCI Express Root Port;0002:01:00.0 PCI bridge: ASPEED Technology, Inc. AST1150 PCI-to-PCI Bridge (rev 04);0002:02:00.0 VGA compatible controller: ASPEED Technology, Inc. ASPEED Graphics Family (rev 41);0003:00:00.0 PCI bridge: Guizhou Huaxintong Semiconductor Technology Co.,Ltd StarDragon4800 PCI Express Root Port;0003:01:00.0 Ethernet controller: Mellanox Technologies MT27800 Family [ConnectX-5];'),(316,'REP1','HXT1.1','1','48','1','48','2600.00','','','32K/64K','512K','61440K','192G',6,'2666MHz','1333MHz','eth0,<speed>,<driver>,<vendor>,<PCI_Bus>;eth1,<speed>,<driver>,<vendor>,<PCI_Bus>;enP3p1s0,100G,mlx5_core,Mellanox,0003:01:00.0;','sda,<size>,<type>,<interface>,<io_scheduler>,<vendor>;sdb,<size>,<type>,<interface>,<io_scheduler>,<vendor>;sdb,480G,SSD,SATA,noop,samsung;nvme0n1,900G,SSD,NVMe,noop,toshiba;','0000:00:00.0 PCI bridge: Guizhou Huaxintong Semiconductor Technology Co.,Ltd StarDragon4800 PCI Express Root Port;0000:01:00.0 Serial Attached SCSI controller: Adaptec Device 028f (rev 01);0001:00:00.0 PCI bridge: Guizhou Huaxintong Semiconductor Technology Co.,Ltd StarDragon4800 PCI Express Root Port;0002:00:00.0 PCI bridge: Guizhou Huaxintong Semiconductor Technology Co.,Ltd StarDragon4800 PCI Express Root Port;0002:01:00.0 PCI bridge: ASPEED Technology, Inc. AST1150 PCI-to-PCI Bridge (rev 04);0002:02:00.0 VGA compatible controller: ASPEED Technology, Inc. ASPEED Graphics Family (rev 41);0003:00:00.0 PCI bridge: Guizhou Huaxintong Semiconductor Technology Co.,Ltd StarDragon4800 PCI Express Root Port;0003:01:00.0 Ethernet controller: Mellanox Technologies MT27800 Family [ConnectX-5];'),(317,'REP1','HXT1.1','1','48','1','48','2600.00','','','32K/64K','512K','61440K','192G',6,'2666MHz','1333MHz','eth0,<speed>,<driver>,<vendor>,<PCI_Bus>;eth1,<speed>,<driver>,<vendor>,<PCI_Bus>;enP3p1s0,100G,mlx5_core,Mellanox,0003:01:00.0;','sda,<size>,<type>,<interface>,<io_scheduler>,<vendor>;sdb,<size>,<type>,<interface>,<io_scheduler>,<vendor>;sdb,480G,SSD,SATA,noop,samsung;nvme0n1,900G,SSD,NVMe,noop,toshiba;','0000:00:00.0 PCI bridge: Guizhou Huaxintong Semiconductor Technology Co.,Ltd StarDragon4800 PCI Express Root Port;0000:01:00.0 Serial Attached SCSI controller: Adaptec Device 028f (rev 01);0001:00:00.0 PCI bridge: Guizhou Huaxintong Semiconductor Technology Co.,Ltd StarDragon4800 PCI Express Root Port;0002:00:00.0 PCI bridge: Guizhou Huaxintong Semiconductor Technology Co.,Ltd StarDragon4800 PCI Express Root Port;0002:01:00.0 PCI bridge: ASPEED Technology, Inc. AST1150 PCI-to-PCI Bridge (rev 04);0002:02:00.0 VGA compatible controller: ASPEED Technology, Inc. ASPEED Graphics Family (rev 41);0003:00:00.0 PCI bridge: Guizhou Huaxintong Semiconductor Technology Co.,Ltd StarDragon4800 PCI Express Root Port;0003:01:00.0 Ethernet controller: Mellanox Technologies MT27800 Family [ConnectX-5];'),(318,'REP1','HXT1.1','1','48','1','48','2600.00','','','32K/64K','512K','61440K','192G',6,'2666MHz','1333MHz','eth0,<speed>,<driver>,<vendor>,<PCI_Bus>;eth1,<speed>,<driver>,<vendor>,<PCI_Bus>;enP3p1s0,100G,mlx5_core,Mellanox,0003:01:00.0;','sda,<size>,<type>,<interface>,<io_scheduler>,<vendor>;sdb,<size>,<type>,<interface>,<io_scheduler>,<vendor>;sdb,480G,SSD,SATA,noop,samsung;nvme0n1,900G,SSD,NVMe,noop,toshiba;','0000:00:00.0 PCI bridge: Guizhou Huaxintong Semiconductor Technology Co.,Ltd StarDragon4800 PCI Express Root Port;0000:01:00.0 Serial Attached SCSI controller: Adaptec Device 028f (rev 01);0001:00:00.0 PCI bridge: Guizhou Huaxintong Semiconductor Technology Co.,Ltd StarDragon4800 PCI Express Root Port;0002:00:00.0 PCI bridge: Guizhou Huaxintong Semiconductor Technology Co.,Ltd StarDragon4800 PCI Express Root Port;0002:01:00.0 PCI bridge: ASPEED Technology, Inc. AST1150 PCI-to-PCI Bridge (rev 04);0002:02:00.0 VGA compatible controller: ASPEED Technology, Inc. ASPEED Graphics Family (rev 41);0003:00:00.0 PCI bridge: Guizhou Huaxintong Semiconductor Technology Co.,Ltd StarDragon4800 PCI Express Root Port;0003:01:00.0 Ethernet controller: Mellanox Technologies MT27800 Family [ConnectX-5];'),(319,'REP1','HXT1.1','1','48','1','48','2600.00','','','32K/64K','512K','61440K','192G',6,'2666MHz','1333MHz','eth0,<speed>,<driver>,<vendor>,<PCI_Bus>;eth1,<speed>,<driver>,<vendor>,<PCI_Bus>;enP3p1s0,100G,mlx5_core,Mellanox,0003:01:00.0;','sda,<size>,<type>,<interface>,<io_scheduler>,<vendor>;sdb,<size>,<type>,<interface>,<io_scheduler>,<vendor>;sdb,480G,SSD,SATA,noop,samsung;nvme0n1,900G,SSD,NVMe,noop,toshiba;','0000:00:00.0 PCI bridge: Guizhou Huaxintong Semiconductor Technology Co.,Ltd StarDragon4800 PCI Express Root Port;0000:01:00.0 Serial Attached SCSI controller: Adaptec Device 028f (rev 01);0001:00:00.0 PCI bridge: Guizhou Huaxintong Semiconductor Technology Co.,Ltd StarDragon4800 PCI Express Root Port;0002:00:00.0 PCI bridge: Guizhou Huaxintong Semiconductor Technology Co.,Ltd StarDragon4800 PCI Express Root Port;0002:01:00.0 PCI bridge: ASPEED Technology, Inc. AST1150 PCI-to-PCI Bridge (rev 04);0002:02:00.0 VGA compatible controller: ASPEED Technology, Inc. ASPEED Graphics Family (rev 41);0003:00:00.0 PCI bridge: Guizhou Huaxintong Semiconductor Technology Co.,Ltd StarDragon4800 PCI Express Root Port;0003:01:00.0 Ethernet controller: Mellanox Technologies MT27800 Family [ConnectX-5];');
/*!40000 ALTER TABLE `hardware_conf` ENABLE KEYS */;
UNLOCK TABLES;

--
-- Table structure for table `iperf`
--

DROP TABLE IF EXISTS `iperf`;
/*!40101 SET @saved_cs_client     = @@character_set_client */;
/*!40101 SET character_set_client = utf8 */;
CREATE TABLE `iperf` (
  `id` int(10) unsigned NOT NULL AUTO_INCREMENT,
  `testcase_execution_id` int(10) unsigned NOT NULL,
  `speed` enum('1G','10G','25G','40G','56G','100G','200G') NOT NULL,
  `bi_bandwidth` decimal(16,4) DEFAULT NULL,
  `uni_bandwidth` decimal(16,4) DEFAULT NULL,
  PRIMARY KEY (`id`),
  KEY `fk_network_testcase_execution` (`testcase_execution_id`),
  CONSTRAINT `fk_network_testcase_execution` FOREIGN KEY (`testcase_execution_id`) REFERENCES `testcase_execution` (`id`) ON DELETE CASCADE
) ENGINE=InnoDB AUTO_INCREMENT=42 DEFAULT CHARSET=latin1;
/*!40101 SET character_set_client = @saved_cs_client */;

--
-- Dumping data for table `iperf`
--

LOCK TABLES `iperf` WRITE;
/*!40000 ALTER TABLE `iperf` DISABLE KEYS */;
INSERT INTO `iperf` VALUES (26,248,'100G',189.0000,NULL),(27,252,'56G',189.0000,NULL),(29,255,'56G',172.0000,NULL),(30,258,'100G',184.0000,92.0000),(31,261,'100G',184.0000,NULL),(36,283,'100G',183.7061,91.9346),(37,285,'100G',183.7061,91.9346),(38,306,'100G',218.0000,NULL),(39,306,'56G',160.0000,90.0000),(40,307,'100G',218.0000,NULL),(41,307,'56G',160.0000,90.0000);
/*!40000 ALTER TABLE `iperf` ENABLE KEYS */;
UNLOCK TABLES;

--
-- Table structure for table `keyword`
--

DROP TABLE IF EXISTS `keyword`;
/*!40101 SET @saved_cs_client     = @@character_set_client */;
/*!40101 SET character_set_client = utf8 */;
CREATE TABLE `keyword` (
  `id` smallint(5) unsigned NOT NULL AUTO_INCREMENT,
  `name` varchar(32) NOT NULL,
  `priority` smallint(5) unsigned NOT NULL,
  PRIMARY KEY (`id`),
  UNIQUE KEY `name` (`name`)
) ENGINE=InnoDB AUTO_INCREMENT=12 DEFAULT CHARSET=latin1;
/*!40101 SET character_set_client = @saved_cs_client */;

--
-- Dumping data for table `keyword`
--

LOCK TABLES `keyword` WRITE;
/*!40000 ALTER TABLE `keyword` DISABLE KEYS */;
INSERT INTO `keyword` VALUES (1,'version',1),(2,'cpu_type',2),(3,'total_threads',4),(4,'board_type',3),(5,'kernel',6),(6,'os',5),(7,'speed',7),(8,'disk_type',8),(9,'gcc',9),(10,'username',10),(11,'last_update',11);
/*!40000 ALTER TABLE `keyword` ENABLE KEYS */;
UNLOCK TABLES;

--
-- Table structure for table `lmbench`
--

DROP TABLE IF EXISTS `lmbench`;
/*!40101 SET @saved_cs_client     = @@character_set_client */;
/*!40101 SET character_set_client = utf8 */;
CREATE TABLE `lmbench` (
  `id` int(10) unsigned NOT NULL AUTO_INCREMENT,
  `testcase_execution_id` int(10) unsigned NOT NULL,
  `factors` enum('lmbench-stream','lmbench-latency') NOT NULL,
  `l1cache` decimal(16,4) DEFAULT NULL,
  `l2cache` decimal(16,4) DEFAULT NULL,
  `l3cache` decimal(16,4) DEFAULT NULL,
  `memory` decimal(16,4) DEFAULT NULL,
  PRIMARY KEY (`id`),
  KEY `fk_lmbench_testcase_execution` (`testcase_execution_id`),
  CONSTRAINT `fk_lmbench_testcase_execution` FOREIGN KEY (`testcase_execution_id`) REFERENCES `testcase_execution` (`id`) ON DELETE CASCADE
) ENGINE=InnoDB AUTO_INCREMENT=92 DEFAULT CHARSET=latin1;
/*!40101 SET character_set_client = @saved_cs_client */;

--
-- Dumping data for table `lmbench`
--

LOCK TABLES `lmbench` WRITE;
/*!40000 ALTER TABLE `lmbench` DISABLE KEYS */;
INSERT INTO `lmbench` VALUES (59,214,'lmbench-latency',1.7400,6.0030,37.4720,118.4840),(60,215,'lmbench-stream',809622.3600,829457.8400,118479.2700,118079.3600),(61,219,'lmbench-latency',1.6760,5.7710,36.7420,120.4000),(62,220,'lmbench-stream',809714.4000,829257.4100,122687.2200,118477.1600),(63,223,'lmbench-latency',1.6760,5.7710,36.7420,120.4000),(64,224,'lmbench-stream',809757.1800,796179.9700,117076.6100,118088.2100),(67,232,'lmbench-latency',1.7520,6.0020,37.4710,118.5890),(69,237,'lmbench-latency',1.8030,6.0030,37.4770,123.3460),(71,241,'lmbench-latency',1.6800,5.7720,36.7640,119.7920),(73,262,'lmbench-latency',1.7400,6.0030,37.4720,118.4840),(76,272,'lmbench-latency',1.6860,6.3880,34.6040,118.3530),(77,273,'lmbench-stream',809780.3000,829649.4200,116002.3500,119576.8000),(79,290,'lmbench-stream',809774.9900,829646.7200,117880.2400,122477.7500),(82,295,'lmbench-latency',1.6990,6.3860,34.0040,118.4100),(83,296,'lmbench-latency',1.6990,6.3860,34.0040,118.4100),(87,300,'lmbench-latency',13.5750,107.6560,12307.0270,118.4100),(88,301,'lmbench-latency',1.1500,6.5400,37.9910,118.4100),(89,302,'lmbench-latency',1.1500,6.5400,37.9910,118.4100),(90,303,'lmbench-latency',1.1500,6.5400,37.9910,118.4100),(91,309,'lmbench-latency',1.1500,6.5400,37.9910,118.4100);
/*!40000 ALTER TABLE `lmbench` ENABLE KEYS */;
UNLOCK TABLES;

--
-- Table structure for table `lmbench_latency`
--

DROP TABLE IF EXISTS `lmbench_latency`;
/*!40101 SET @saved_cs_client     = @@character_set_client */;
/*!40101 SET character_set_client = utf8 */;
CREATE TABLE `lmbench_latency` (
  `id` int(10) unsigned NOT NULL AUTO_INCREMENT,
  `lmbench_id` int(10) unsigned NOT NULL,
  `array_size` decimal(16,2) NOT NULL,
  `stride16` decimal(16,4) NOT NULL,
  `stride32` decimal(16,4) NOT NULL,
  `stride64` decimal(16,4) NOT NULL,
  `stride128` decimal(16,4) NOT NULL,
  `stride256` decimal(16,4) NOT NULL,
  `stride512` decimal(16,4) NOT NULL,
  `stride1024` decimal(16,4) NOT NULL,
  `stride2048` decimal(16,4) NOT NULL,
  `stride4096` decimal(16,4) NOT NULL,
  `stride8192` decimal(16,4) NOT NULL,
  PRIMARY KEY (`id`),
  KEY `fk_lmbench_latency` (`lmbench_id`),
  CONSTRAINT `fk_lmbench_latency` FOREIGN KEY (`lmbench_id`) REFERENCES `lmbench` (`id`) ON DELETE CASCADE
) ENGINE=InnoDB AUTO_INCREMENT=3590 DEFAULT CHARSET=latin1;
/*!40101 SET character_set_client = @saved_cs_client */;

--
-- Dumping data for table `lmbench_latency`
--

LOCK TABLES `lmbench_latency` WRITE;
/*!40000 ALTER TABLE `lmbench_latency` DISABLE KEYS */;
INSERT INTO `lmbench_latency` VALUES (1458,59,0.50,1.2000,1.2010,1.2010,1.2010,1.2010,1.2010,-1.0000,-1.0000,-1.0000,-1.0000),(1459,59,1.00,1.2000,1.2010,1.2010,1.2010,1.2000,1.2000,1.2000,-1.0000,-1.0000,-1.0000),(1460,59,2.00,1.2000,1.2010,1.2010,1.2010,1.2000,1.2010,1.2000,1.2000,-1.0000,-1.0000),(1461,59,3.00,1.2010,1.2010,1.2000,1.2000,1.2010,1.2010,1.2010,1.2010,-1.0000,-1.0000),(1462,59,4.00,1.2000,1.2010,1.2010,1.2010,1.2010,1.2010,1.2010,1.2010,1.2000,-1.0000),(1463,59,6.00,1.2000,1.2010,1.2000,1.2000,1.2000,1.2000,1.2010,1.2010,1.2010,-1.0000),(1464,59,8.00,1.2000,1.2000,1.2000,1.2000,1.2010,1.2000,1.2000,1.2000,1.2010,1.2000),(1465,59,10.00,1.2000,1.2010,1.2010,1.2010,1.2010,1.2010,1.2010,1.2000,1.2010,1.2000),(1466,59,12.00,1.2000,1.2010,1.2010,1.2010,1.2010,1.2010,1.2000,1.2000,1.2010,1.2000),(1467,59,14.00,1.2010,1.2010,1.2010,1.2010,1.2000,1.2000,1.2010,1.2000,1.2010,1.2010),(1468,59,15.99,1.2010,1.2010,1.2010,1.2010,1.2010,1.2000,1.2000,1.2000,1.2000,1.2000),(1469,59,18.00,1.2000,1.2010,1.2010,1.2010,1.2010,1.2010,1.2010,1.2010,1.2010,1.2000),(1470,59,20.00,1.2000,1.2010,1.2010,1.2010,1.2010,1.2010,1.2010,1.2010,1.2010,1.2010),(1471,59,22.00,1.2010,1.2010,1.2010,1.2010,1.2000,1.2010,1.2010,1.2000,1.2010,1.2010),(1472,59,24.00,1.2010,1.2010,1.2010,1.2010,1.2010,1.2010,1.2010,1.2010,1.2010,1.2010),(1473,59,26.00,1.2010,1.2010,1.2010,1.2010,1.2010,1.2010,1.6270,1.2010,1.2010,1.2000),(1474,59,28.00,1.2010,1.2010,1.2010,1.2010,1.2010,1.2010,1.9260,1.2010,1.2010,1.2000),(1475,59,30.00,1.2000,1.2010,1.2010,1.2010,1.2010,1.5870,2.6730,1.2000,1.2000,1.2000),(1476,59,32.00,1.2010,1.2010,1.2010,1.2010,1.8290,2.2380,2.9020,1.2010,1.2010,1.2000),(1477,59,36.00,1.2170,1.2580,1.6980,1.6980,2.0960,2.5950,2.9680,6.0030,1.8410,1.2000),(1478,59,40.00,1.2150,1.2610,1.6910,1.6910,2.2160,2.4560,2.7910,6.0030,5.1310,1.2000),(1479,59,44.00,1.2140,1.2470,1.6860,1.6860,2.0690,2.4460,2.8560,6.0030,6.0030,1.2010),(1480,59,48.01,1.2130,1.2540,1.6790,1.6790,2.1890,2.4380,2.7180,6.0030,6.0020,1.2010),(1481,59,52.00,1.2120,1.2400,1.6730,1.6730,2.2380,2.4320,2.7780,6.0030,6.0030,1.2010),(1482,59,56.00,1.2110,1.2510,1.6700,1.6700,2.0180,2.4260,2.6690,6.0030,6.0020,1.2000),(1483,59,60.00,1.2100,1.2350,1.6670,1.6670,2.0170,2.3520,2.5680,6.0030,6.0020,1.2010),(1484,59,64.00,1.2060,1.2330,1.6630,1.6630,2.0070,2.3450,2.5570,6.0030,6.0030,1.2010),(1485,59,72.00,1.2080,1.2400,1.6600,1.6600,1.9840,2.3450,2.5950,6.0030,6.0020,1.8410),(1486,59,79.99,1.2080,1.2360,1.6580,1.6580,1.9800,2.2880,2.4560,6.0030,6.0020,4.4340),(1487,59,88.00,1.2070,1.2330,1.6520,1.6520,1.9600,2.2940,2.4460,6.0030,6.0030,6.0020),(1488,59,96.00,1.2060,1.2300,1.6510,1.6510,1.9590,2.2990,2.4380,6.0030,6.0030,6.0030),(1489,59,104.00,1.2060,1.2280,1.6470,1.6470,1.9440,2.2580,2.4320,6.0020,6.0020,6.0030),(1490,59,112.01,1.2060,1.2260,1.6470,1.6470,1.9440,2.2650,2.4260,6.0030,6.0030,6.0020),(1491,59,120.00,1.2050,1.2240,1.6450,1.6450,1.9320,2.2320,2.3440,6.0030,6.0030,6.0020),(1492,59,128.00,1.2030,1.2170,1.6440,1.6440,2.0020,2.2270,2.3450,6.0030,6.0030,6.0030),(1493,59,143.99,1.2050,1.2200,1.6420,1.6420,1.9250,2.2200,2.3450,6.0030,6.0020,6.0030),(1494,59,160.00,1.2040,1.2180,1.6390,1.6390,1.9180,2.2040,2.2880,6.0030,6.0030,6.0020),(1495,59,176.01,1.2040,1.2170,1.6370,1.6370,1.9130,2.2180,2.2940,6.0030,6.0030,6.0020),(1496,59,192.00,1.2030,1.2120,1.6380,1.6380,1.9360,2.2060,2.3050,6.0030,6.0020,6.0020),(1497,59,207.99,1.2040,1.2150,1.6370,1.6370,1.9120,2.2080,2.2820,6.0020,6.0030,6.0020),(1498,59,224.00,1.2040,1.2140,1.6360,1.6360,1.9110,2.1980,2.2870,6.0030,6.0020,6.0020),(1499,59,240.01,1.2030,1.2130,1.6350,1.6350,1.9050,2.1890,2.2520,6.0030,6.0030,6.0020),(1500,59,256.00,1.2030,1.2100,1.6340,1.6340,1.9020,2.1910,2.2440,6.0030,6.0030,6.0030),(1501,59,288.00,1.2030,1.2110,1.6320,1.6320,1.9050,2.1830,2.0740,6.0030,6.0030,6.0020),(1502,59,320.00,1.2020,1.2080,1.6320,1.6320,1.9110,2.1710,2.0270,6.0030,6.0030,6.0030),(1503,59,352.00,1.2030,1.2090,1.6310,1.6310,1.8980,2.0310,2.2260,6.0030,6.0030,6.0030),(1504,59,384.00,1.2020,1.2070,1.6310,1.6310,1.8920,1.9950,2.2090,6.0030,6.0030,6.0030),(1505,59,416.00,1.2030,1.2080,1.6300,1.6300,1.8930,2.1490,2.2060,6.0030,6.0030,6.0030),(1506,59,448.00,1.2020,1.2060,1.6300,1.6300,1.8880,2.1560,2.1920,6.0030,6.0030,6.0030),(1507,59,480.00,1.2110,1.2070,1.6300,1.6300,1.8910,2.1570,2.1890,6.0040,6.0030,6.0030),(1508,59,512.00,1.2130,1.2200,1.6460,1.6460,1.8870,2.1530,2.1900,6.0050,6.0040,6.0030),(1509,59,576.00,1.2080,1.2270,2.2750,2.2750,3.5960,3.6170,3.9180,40.1300,37.2570,37.2570),(1510,59,640.00,1.2060,1.2260,2.2720,2.2720,3.5790,3.5830,3.8500,40.1300,37.2560,37.2560),(1511,59,704.00,1.2050,1.2240,2.2700,2.2700,3.5650,3.5550,3.7950,40.1300,37.2570,37.2550),(1512,59,768.00,1.2050,1.2240,2.2690,2.2690,3.5540,3.5320,3.7490,40.1290,37.2570,37.2560),(1513,59,832.00,1.2050,1.2230,2.2670,2.2670,3.5440,3.5120,3.7080,40.1310,37.2570,37.2570),(1514,59,896.00,1.2050,1.2220,2.2660,2.2660,3.5350,3.4960,3.6750,40.1290,37.2570,37.2560),(1515,59,960.00,1.2040,1.2220,2.2650,2.2650,3.5280,3.4810,3.6460,40.1310,37.2570,37.2560),(1516,59,1024.00,1.2040,1.2210,2.2640,2.2640,3.5210,3.4680,3.6210,40.1300,37.2560,37.2560),(1517,59,1152.00,1.2040,1.2200,2.2620,2.2620,3.5100,3.4470,3.5780,40.1300,37.2560,37.2570),(1518,59,1280.00,1.2030,1.2200,2.2610,2.2610,3.5020,3.4300,3.5440,40.1300,37.2560,37.2570),(1519,59,1408.00,1.2030,1.2190,2.2600,2.2600,3.4950,3.4160,3.5170,40.1310,37.2570,37.2560),(1520,59,1536.00,1.2030,1.2190,2.2590,2.2590,3.4890,3.4050,3.4930,40.1300,37.2570,37.2560),(1521,59,1664.00,1.2030,1.2180,2.2580,2.2580,3.4850,3.3950,3.4730,40.1310,37.2570,37.2560),(1522,59,1792.00,1.2030,1.2180,2.2570,2.2570,3.4800,3.3870,3.4570,40.1300,37.2570,37.2550),(1523,59,1920.00,1.2030,1.2180,2.2570,2.2570,3.4770,3.3800,3.4420,40.1300,37.2570,37.2560),(1524,59,2048.00,1.2020,1.2170,2.2560,2.2560,3.4730,3.3730,3.4300,40.1310,37.2580,37.2560),(1525,59,2304.00,1.2020,1.2170,2.2560,2.2560,3.4680,3.3630,3.4090,40.1310,37.2570,37.2570),(1526,59,2560.00,1.2020,1.2170,2.2550,2.2550,3.4630,3.3530,3.3920,40.1300,37.2570,37.2560),(1527,59,2816.00,1.2020,1.2170,2.2540,2.2540,3.4600,3.3460,3.3770,40.1310,37.2570,37.2560),(1528,59,3072.00,1.2020,1.2160,2.2540,2.2540,3.4570,3.3410,3.3660,40.1300,37.2570,37.2560),(1529,59,3328.00,1.2020,1.2160,2.2540,2.2540,3.4540,3.3360,3.3560,40.1310,37.2580,37.2560),(1530,59,3584.00,1.2020,1.2160,2.2530,2.2530,3.4520,3.3320,3.3480,40.1310,37.2570,37.2570),(1531,59,3840.00,1.2020,1.2160,2.2530,2.2530,3.4500,3.3280,3.3410,40.1310,37.2580,37.2560),(1532,59,4096.00,1.2020,1.2160,2.2530,2.2530,3.4490,3.3250,3.3350,40.1310,37.2570,37.2560),(1533,59,4608.00,1.2020,1.2160,2.2530,2.2530,3.4460,3.3210,3.3260,40.1780,37.3500,37.4320),(1534,59,5120.00,1.2020,1.2160,2.2520,2.2520,3.4440,3.3170,3.3170,40.1780,37.3490,37.4330),(1535,59,5632.00,1.2020,1.2150,2.2520,2.2520,3.4430,3.3140,3.3100,40.1790,37.3490,37.4340),(1536,59,6144.00,1.2020,1.2150,2.2520,2.2520,3.4410,3.3110,3.3040,40.1780,37.3490,37.4340),(1537,59,6656.00,1.2020,1.2150,2.2520,2.2520,3.4400,3.3080,3.3000,40.1780,37.3490,37.4330),(1538,59,7168.00,1.2020,1.2150,2.2510,2.2510,3.4380,3.3060,3.2950,40.1780,37.3500,37.4340),(1539,59,7680.00,1.2020,1.2150,2.2510,2.2510,3.4380,3.3040,3.2920,40.1780,37.3490,37.4340),(1540,59,8192.00,1.2010,1.2150,2.2510,2.2510,3.4370,3.3020,3.2890,40.1770,37.3490,37.4350),(1541,59,9216.00,1.2010,1.2150,2.2510,2.2510,3.4360,3.3000,3.2830,40.1770,37.3500,37.4340),(1542,59,10240.00,1.2010,1.2150,2.2510,2.2510,3.4350,3.2980,3.2790,40.1770,37.3490,37.4330),(1543,59,11264.00,1.2010,1.2150,2.2510,2.2510,3.4330,3.2960,3.2750,40.1780,37.3500,37.4330),(1544,59,12288.00,1.2010,1.2150,2.2510,2.2510,3.4330,3.2940,3.2730,40.1780,37.3500,37.4350),(1545,59,13312.00,1.2010,1.2150,2.2500,2.2500,3.4320,3.2930,3.2700,40.1780,37.3490,37.4350),(1546,59,14336.00,1.2010,1.2150,2.2500,2.2500,3.4320,3.2920,3.2680,40.1780,37.3490,37.4330),(1547,59,15360.00,1.2010,1.2150,2.2500,2.2500,3.4310,3.2910,3.2660,40.1790,37.3490,37.4330),(1548,59,16384.00,1.2010,1.2150,2.2500,2.2500,3.4310,3.2900,3.2650,40.1770,37.3500,37.4330),(1549,59,18432.00,1.2010,1.2150,2.2500,2.2500,3.4300,3.2890,3.2620,40.1790,37.3500,37.4340),(1550,59,20480.00,1.2010,1.2140,2.2500,2.2500,3.4290,3.2880,3.2600,40.1770,37.3490,37.4330),(1551,59,22528.00,1.2010,1.2180,2.2510,2.2510,3.4310,3.2870,3.2580,40.1770,37.3490,37.4340),(1552,59,24576.00,1.2010,1.2260,2.2560,2.2560,3.4300,3.2860,3.2570,40.1780,37.3490,37.4340),(1553,59,26624.00,1.2030,1.2310,2.2630,2.2630,3.4410,3.2860,3.2550,40.1770,37.3500,37.4340),(1554,59,28672.00,1.2020,1.2320,2.2830,2.2830,3.4600,3.3040,3.2780,40.1810,37.3510,37.4360),(1555,59,30720.00,1.2040,1.2410,2.3250,2.3250,3.4890,3.3210,3.2710,40.1820,37.3510,37.4350),(1556,59,32768.00,1.2060,1.2690,2.3390,2.3390,3.5320,3.3620,3.3360,40.1810,37.3510,37.4350),(1557,59,36864.00,1.2140,1.3090,2.4600,2.4600,3.6540,3.4610,3.4070,40.3220,37.6210,37.9700),(1558,59,40960.00,1.2280,1.3830,2.5950,2.5950,3.8810,3.6260,3.5280,40.6120,38.1060,38.4020),(1559,59,45056.00,1.2390,1.4500,2.7210,2.7210,4.1190,3.8120,3.6980,40.8130,38.2790,38.4020),(1560,59,49152.00,1.2520,1.5100,2.7980,2.7980,4.2910,3.9700,3.8610,41.4180,38.8930,38.4010),(1561,59,53248.00,1.2590,1.5710,2.9230,2.9230,4.6060,4.2050,4.0920,42.0120,39.2790,38.4010),(1562,59,57344.00,1.2720,1.6300,3.0330,3.0330,4.9320,4.4910,4.3560,44.0810,41.6070,38.4000),(1563,59,61440.00,1.2850,1.6720,3.1180,3.1180,5.2240,4.7030,4.5730,45.7350,43.4400,38.4000),(1564,59,65536.00,1.2960,1.7030,3.2100,3.2100,5.5570,5.0140,4.8230,48.8790,44.5650,38.4000),(1565,59,73728.00,1.3130,1.7500,3.3300,3.3300,6.1160,5.5400,5.3370,53.2270,51.6370,38.4000),(1566,59,81920.00,1.3310,1.7930,3.4270,3.4270,6.3400,5.9410,5.7210,59.9720,58.1460,38.3980),(1567,59,90112.00,1.3460,1.8330,3.5060,3.5060,5.6210,6.1100,6.0520,67.8820,66.7710,38.4110),(1568,59,98304.00,1.3580,1.8630,3.5660,3.5660,5.6990,6.2440,6.1870,77.5270,74.6790,38.7280),(1569,59,106496.00,1.3650,1.8820,3.6060,3.6060,5.7920,5.7230,5.9510,85.3160,86.3130,39.0310),(1570,59,114688.00,1.3700,1.8950,3.6320,3.6320,5.8540,5.7190,5.6010,93.3000,92.7960,40.1800),(1571,59,122880.00,1.3720,1.8990,3.6450,3.6450,5.8920,5.7910,5.6880,99.4020,99.6930,40.8950),(1572,59,131072.00,1.3730,1.9020,3.6500,3.6500,5.9090,5.8370,5.7440,104.8470,105.2570,42.9230),(1573,59,147456.00,1.3740,1.9050,3.6520,3.6520,5.9160,5.9210,5.8460,113.5210,114.7980,47.8720),(1574,59,163840.00,1.3740,1.9040,3.6520,3.6520,5.9160,5.9450,5.8760,116.8940,117.6010,55.2310),(1575,59,180224.00,1.3740,1.9040,3.6520,3.6520,5.9170,5.9600,5.8910,118.3630,119.3810,65.7080),(1576,59,196608.00,1.3740,1.9040,3.6520,3.6520,5.9150,5.9620,5.8880,118.4010,119.2930,74.2900),(1577,59,212992.00,1.3740,1.9040,3.6510,3.6510,5.9160,5.9690,5.8880,118.3740,119.2740,83.2290),(1578,59,229376.00,1.3740,1.9040,3.6520,3.6520,5.9150,5.9770,5.8930,118.3870,119.1930,92.4440),(1579,59,245760.00,1.3740,1.9040,3.6510,3.6510,5.9160,5.9910,5.8920,118.3540,119.1700,99.9490),(1580,59,262144.00,1.3740,1.9030,3.6500,3.6500,5.9160,5.9990,5.9020,118.3690,119.1160,106.4960),(1581,59,294912.00,1.3740,1.9030,3.6510,3.6510,5.9160,6.0240,5.9180,118.3340,119.0430,113.8090),(1582,59,327680.00,1.3740,1.9030,3.6500,3.6500,5.9150,6.0460,5.9370,118.3350,118.9320,118.0290),(1583,59,360448.00,1.3740,1.9040,3.6490,3.6490,5.9160,6.0730,5.9630,118.3260,118.8950,118.6530),(1584,59,393216.00,1.3740,1.9030,3.6500,3.6500,5.9150,6.0930,5.9890,118.3260,118.8640,118.5070),(1585,59,425984.00,1.3740,1.9030,3.6490,3.6490,5.9170,6.1100,6.0120,118.3080,118.8150,118.6240),(1586,59,458752.00,1.3740,1.9040,3.6490,3.6490,5.9170,6.1200,6.0290,118.3190,118.7910,118.4840),(1587,59,491520.00,1.3740,1.9040,3.6500,3.6500,5.9150,6.1290,6.0400,118.2940,118.7580,118.5790),(1588,59,524288.00,1.3740,1.9030,3.6510,3.6510,5.9150,6.1330,6.0520,118.3110,118.7480,118.4840),(1589,61,0.50,1.1540,1.1540,1.1540,1.1540,1.1540,1.1540,-1.0000,-1.0000,-1.0000,-1.0000),(1590,61,1.00,1.1540,1.1540,1.1540,1.1540,1.1540,1.1540,1.1540,-1.0000,-1.0000,-1.0000),(1591,61,2.00,1.1540,1.1540,1.1540,1.1540,1.1540,1.1540,1.1540,1.1540,-1.0000,-1.0000),(1592,61,3.00,1.1540,1.1540,1.1540,1.1540,1.1540,1.1540,1.1540,1.1540,-1.0000,-1.0000),(1593,61,4.00,1.1540,1.1540,1.1540,1.1540,1.1540,1.1540,1.1540,1.1540,1.1540,-1.0000),(1594,61,6.00,1.1540,1.1540,1.1540,1.1540,1.1540,1.1540,1.1540,1.1540,1.1540,-1.0000),(1595,61,8.00,1.1540,1.1540,1.1540,1.1540,1.1540,1.1540,1.1540,1.1540,1.1540,1.1540),(1596,61,10.00,1.1540,1.1540,1.1540,1.1540,1.1540,1.1540,1.1540,1.1540,1.1540,1.1540),(1597,61,12.00,1.1540,1.1540,1.1540,1.1540,1.1540,1.1540,1.1540,1.1540,1.1540,1.1540),(1598,61,14.00,1.1540,1.1540,1.1540,1.1540,1.1540,1.1540,1.1540,1.1540,1.1540,1.1540),(1599,61,15.99,1.1540,1.1540,1.1540,1.1540,1.1540,1.1540,1.1540,1.1540,1.1540,1.1540),(1600,61,18.00,1.1540,1.1540,1.1540,1.1540,1.1540,1.1540,1.1540,1.1540,1.1540,1.1540),(1601,61,20.00,1.1540,1.1540,1.1540,1.1540,1.1540,1.1540,1.1540,1.1540,1.1540,1.1540),(1602,61,22.00,1.1540,1.1540,1.1540,1.1540,1.1540,1.1540,1.1540,1.1540,1.1540,1.1540),(1603,61,24.00,1.1540,1.1540,1.1540,1.1540,1.1540,1.1540,1.1850,1.1540,1.1540,1.1540),(1604,61,26.00,1.1540,1.1540,1.1540,1.1540,1.1540,1.1540,1.6040,1.1540,1.1540,1.1540),(1605,61,28.00,1.1540,1.1540,1.1540,1.1540,1.1540,1.1540,1.5890,1.1540,1.1540,1.1540),(1606,61,30.00,1.1540,1.1540,1.1540,1.1540,1.1540,1.4830,2.5860,1.1540,1.1540,1.1540),(1607,61,32.00,1.1540,1.1540,1.1540,1.1540,1.7580,2.1520,2.7880,1.1540,1.1540,1.1540),(1608,61,36.00,1.1710,1.2090,1.6320,1.7430,2.0150,2.4950,2.8530,5.7710,1.7700,1.1540),(1609,61,40.00,1.1670,1.2130,1.6260,1.7350,2.2100,2.3610,2.6830,5.7710,5.0200,1.1540),(1610,61,44.00,1.1670,1.1990,1.6210,1.7130,1.9900,2.3520,2.7450,5.7710,5.7710,1.1540),(1611,61,48.01,1.1660,1.2050,1.6140,1.7080,2.0620,2.3440,2.6130,5.7710,5.7710,1.1540),(1612,61,52.00,1.1650,1.1920,1.6080,1.6980,2.1720,2.3380,2.6710,5.7710,5.7710,1.1540),(1613,61,56.00,1.1650,1.2030,1.6050,1.6950,1.9400,2.3320,2.5660,5.7710,5.7710,1.1540),(1614,61,60.00,1.1630,1.1870,1.6030,1.6820,1.9390,2.2610,2.4690,5.7710,5.7710,1.1540),(1615,61,64.00,1.1600,1.1850,1.5990,1.6800,1.9300,2.2540,2.4590,5.7710,5.7710,1.1540),(1616,61,72.00,1.1620,1.1920,1.5960,1.6730,1.9070,2.2550,2.4950,5.7710,5.7710,1.7700),(1617,61,79.99,1.1610,1.1880,1.5940,1.6630,1.9680,2.2000,2.3610,5.7710,5.7710,4.3640),(1618,61,88.00,1.1600,1.1850,1.5890,1.6590,1.8840,2.2060,2.3520,5.7710,5.7710,5.7710),(1619,61,96.00,1.1600,1.1820,1.5870,1.6520,1.8830,2.2100,2.3440,5.7710,5.7710,5.7710),(1620,61,104.00,1.1600,1.1800,1.5830,1.6530,1.8690,2.1710,2.3380,5.7710,5.7710,5.7720),(1621,61,112.01,1.1590,1.1780,1.5840,1.6500,1.8700,2.1780,2.3320,5.7710,5.7710,5.7710),(1622,61,120.00,1.1590,1.1770,1.5820,1.6450,1.8580,2.1460,2.2540,5.7710,5.7710,5.7710),(1623,61,128.00,1.1570,1.1700,1.5800,1.6430,1.9260,2.1420,2.2540,5.7710,5.7720,5.7710),(1624,61,143.99,1.1580,1.1730,1.5780,1.6380,1.8510,2.1350,2.2550,5.7710,5.7720,5.7710),(1625,61,160.00,1.1580,1.1710,1.5760,1.6340,1.8440,2.1200,2.2000,5.7710,5.7720,5.7710),(1626,61,176.01,1.1570,1.1700,1.5740,1.6320,1.8390,2.1320,2.2060,5.7710,5.7720,5.7710),(1627,61,192.00,1.1570,1.1660,1.5750,1.7880,2.0390,2.1210,2.2160,5.7710,5.7710,5.7710),(1628,61,207.99,1.1580,1.1680,1.5740,1.7760,1.8380,2.1210,2.1940,5.7710,5.7710,5.7710),(1629,61,224.00,1.1570,1.1670,1.5730,1.7600,1.8370,2.1110,2.1980,5.7710,5.7720,5.7710),(1630,61,240.01,1.1570,1.1660,1.5720,1.7630,1.8320,2.1020,2.1660,5.7720,5.7720,5.7710),(1631,61,256.00,1.1560,1.1630,1.5710,1.7790,1.8300,2.1040,2.1580,5.7710,5.7720,5.7710),(1632,61,288.00,1.1570,1.1640,1.5690,1.7580,1.8330,2.0980,2.1510,5.7720,5.7720,5.7710),(1633,61,320.00,1.1560,1.1610,1.5690,1.7760,1.8560,2.0860,2.1340,5.7720,5.7710,5.7710),(1634,61,352.00,1.1560,1.1630,1.5680,1.7490,1.8250,2.0880,2.1370,5.7720,5.7720,5.7720),(1635,61,384.00,1.1550,1.1600,1.5670,1.7720,1.8180,2.0790,2.1210,5.7720,5.7720,5.7720),(1636,61,416.00,1.1560,1.1610,1.5670,1.7520,1.8230,2.0820,2.1200,5.7720,5.7720,5.7720),(1637,61,448.00,1.1560,1.1610,1.5670,1.7710,1.8150,2.0730,2.1070,5.7720,5.7720,5.7720),(1638,61,480.00,1.1650,1.1610,1.6090,1.7030,1.9280,2.0740,2.1020,5.7730,5.7720,5.7720),(1639,61,512.00,1.1670,1.1700,1.5830,1.7330,1.8600,2.0700,2.1040,5.7740,5.7730,5.7720),(1640,61,576.00,1.1620,1.2150,2.2330,2.3290,3.5430,3.5520,3.8420,39.2910,36.5100,36.5100),(1641,61,640.00,1.1590,1.2140,2.2310,2.3200,3.5290,3.5190,3.7770,39.2920,36.5100,36.5100),(1642,61,704.00,1.1590,1.2130,2.2290,2.3120,3.5150,3.4920,3.7230,39.2930,36.5100,36.5100),(1643,61,768.00,1.1580,1.2120,2.2270,2.3060,3.5030,3.4690,3.6770,39.2920,36.5100,36.5100),(1644,61,832.00,1.1580,1.2110,2.2260,2.3010,3.4930,3.4490,3.6400,39.2920,36.5100,36.5100),(1645,61,896.00,1.1580,1.2100,2.2240,2.2960,3.4850,3.4320,3.6060,39.2920,36.5100,36.5100),(1646,61,960.00,1.1580,1.2100,2.2230,2.2920,3.4770,3.4180,3.5770,39.2910,36.5100,36.5100),(1647,61,1024.00,1.1580,1.2090,2.2220,2.2880,3.4710,3.4070,3.5520,39.2910,36.5100,36.5100),(1648,61,1152.00,1.1570,1.2090,2.2210,2.2830,3.4600,3.3860,3.5110,39.2930,36.5100,36.5100),(1649,61,1280.00,1.1570,1.2080,2.2190,2.2780,3.4510,3.3690,3.4770,39.2920,36.5100,36.5100),(1650,61,1408.00,1.1570,1.2070,2.2180,2.2740,3.4440,3.3550,3.4510,39.2920,36.5100,36.5100),(1651,61,1536.00,1.1560,1.2070,2.2180,2.2710,3.4380,3.3430,3.4280,39.2930,36.5100,36.5100),(1652,61,1664.00,1.1560,1.2070,2.2170,2.2690,3.4330,3.3340,3.4090,39.2930,36.5100,36.5100),(1653,61,1792.00,1.1560,1.2060,2.2160,2.2660,3.4290,3.3250,3.3920,39.2930,36.5100,36.5100),(1654,61,1920.00,1.1560,1.2060,2.2160,2.2640,3.4250,3.3180,3.3770,39.2930,36.5100,36.5100),(1655,61,2048.00,1.1560,1.2060,2.2150,2.2620,3.4220,3.3110,3.3650,39.2920,36.5100,36.5100),(1656,61,2304.00,1.1560,1.2050,2.2150,2.2590,3.4170,3.3010,3.3440,39.2910,36.5100,36.5100),(1657,61,2560.00,1.1560,1.2050,2.2140,2.2570,3.4130,3.2920,3.3270,39.2940,36.5100,36.5100),(1658,61,2816.00,1.1560,1.2050,2.2130,2.2550,3.4090,3.2850,3.3140,39.2920,36.5100,36.5100),(1659,61,3072.00,1.1560,1.2050,2.2130,2.2540,3.4060,3.2800,3.3020,39.2910,36.5100,36.5100),(1660,61,3328.00,1.1550,1.2040,2.2120,2.2520,3.4030,3.2750,3.2930,39.2920,36.5100,36.5100),(1661,61,3584.00,1.1550,1.2040,2.2120,2.2510,3.4020,3.2710,3.2850,39.2930,36.5100,36.5100),(1662,61,3840.00,1.1550,1.2040,2.2120,2.2500,3.4000,3.2670,3.2780,39.2940,36.5100,36.5100),(1663,61,4096.00,1.1550,1.2040,2.2120,2.2490,3.3980,3.2640,3.2720,39.2940,36.5100,36.5100),(1664,61,4608.00,1.1550,1.2030,2.2110,2.2480,3.3960,3.2600,3.2630,39.3530,36.6200,36.7300),(1665,61,5120.00,1.1550,1.2030,2.2110,2.2470,3.3940,3.2560,3.2540,39.3540,36.6200,36.7300),(1666,61,5632.00,1.1550,1.2030,2.2110,2.2460,3.3920,3.2530,3.2470,39.3520,36.6200,36.7300),(1667,61,6144.00,1.1550,1.2020,2.2100,2.2450,3.3900,3.2490,3.2420,39.3510,36.6300,36.7300),(1668,61,6656.00,1.1550,1.2020,2.2100,2.2440,3.3890,3.2470,3.2370,39.3520,36.6300,36.7300),(1669,61,7168.00,1.1550,1.2020,2.2100,2.2440,3.3880,3.2450,3.2320,39.3510,36.6200,36.7300),(1670,61,7680.00,1.1550,1.2020,2.2100,2.2430,3.3870,3.2430,3.2290,39.3520,36.6200,36.7300),(1671,61,8192.00,1.1550,1.2020,2.2100,2.2430,3.3860,3.2420,3.2260,39.3540,36.6200,36.7300),(1672,61,9216.00,1.1550,1.2020,2.2100,2.2420,3.3850,3.2390,3.2210,39.3530,36.6200,36.7300),(1673,61,10240.00,1.1550,1.2020,2.2100,2.2420,3.3840,3.2370,3.2170,39.3530,36.6200,36.7300),(1674,61,11264.00,1.1550,1.2020,2.2090,2.2410,3.3830,3.2350,3.2130,39.3550,36.6300,36.7300),(1675,61,12288.00,1.1550,1.2020,2.2090,2.2410,3.3820,3.2340,3.2100,39.3540,36.6300,36.7300),(1676,61,13312.00,1.1550,1.2020,2.2090,2.2400,3.3820,3.2330,3.2080,39.3550,36.6300,36.7300),(1677,61,14336.00,1.1550,1.2020,2.2090,2.2400,3.3810,3.2320,3.2060,39.3530,36.6300,36.7300),(1678,61,15360.00,1.1550,1.2020,2.2090,2.2400,3.3810,3.2310,3.2040,39.3560,36.6300,36.7300),(1679,61,16384.00,1.1550,1.2020,2.2090,2.2400,3.3800,3.2300,3.2020,39.3530,36.6200,36.7300),(1680,61,18432.00,1.1550,1.2020,2.2090,2.2390,3.3800,3.2290,3.2000,39.3560,36.6300,36.7300),(1681,61,20480.00,1.1550,1.2020,2.2090,2.2390,3.3790,3.2280,3.1980,39.3520,36.6200,36.7300),(1682,61,22528.00,1.1550,1.2020,2.2090,2.2390,3.3790,3.2270,3.1960,39.3550,36.6300,36.7300),(1683,61,24576.00,1.1550,1.2020,2.2090,2.2390,3.3780,3.2260,3.1950,39.3520,36.6300,36.7300),(1684,61,26624.00,1.1550,1.2020,2.2090,2.2380,3.3780,3.2250,3.1930,39.3570,36.6300,36.7400),(1685,61,28672.00,1.1550,1.2060,2.2120,2.2410,3.3780,3.2250,3.1920,39.3520,36.6200,36.7300),(1686,61,30720.00,1.1550,1.2090,2.2140,2.2450,3.3860,3.2240,3.1920,39.3580,36.6300,36.7400),(1687,61,32768.00,1.1560,1.2120,2.2140,2.2480,3.3860,3.2240,3.1910,39.3540,36.6300,36.7300),(1688,61,36864.00,1.1600,1.2410,2.2460,2.3160,3.4010,3.2470,3.1910,39.4790,36.8700,37.2400),(1689,61,40960.00,1.1680,1.2980,2.3420,2.5050,3.5330,3.2940,3.2970,39.5800,37.0700,37.6300),(1690,61,45056.00,1.1770,1.3780,2.4950,2.8270,3.7460,3.4610,3.4870,39.6510,37.3000,37.6300),(1691,61,49152.00,1.1980,1.4750,2.6640,3.3300,4.1390,3.6550,3.6980,39.6590,37.5600,37.6300),(1692,61,53248.00,1.2150,1.5660,2.8250,3.7550,4.3390,3.9770,3.8050,40.5430,37.5000,37.6300),(1693,61,57344.00,1.2290,1.6110,3.0030,4.4070,4.6890,4.2890,4.0890,41.2660,37.6700,37.6200),(1694,61,61440.00,1.2370,1.6320,3.0880,4.7660,5.0690,4.6080,4.4370,42.2340,39.9800,37.6300),(1695,61,65536.00,1.2460,1.6530,3.1480,4.8920,5.3580,4.8890,4.6890,46.3640,43.3500,37.6200),(1696,61,73728.00,1.2590,1.6880,3.2340,4.1710,5.8760,5.4060,5.1720,51.0180,52.5200,37.6300),(1697,61,81920.00,1.2710,1.7310,3.3100,3.5330,5.6520,5.7870,5.6250,58.8890,57.4400,37.6200),(1698,61,90112.00,1.2830,1.7750,3.3900,3.6040,5.5880,5.9420,5.7950,66.5370,65.7800,37.6700),(1699,61,98304.00,1.2900,1.8050,3.4440,3.6640,5.7250,5.5310,5.4770,76.5260,76.4700,38.5500),(1700,61,106496.00,1.2950,1.8230,3.4780,3.7050,5.8120,5.6290,5.4930,85.2340,85.6000,39.1900),(1701,61,114688.00,1.2980,1.8320,3.4970,3.7290,5.8580,5.7290,5.5900,95.0910,95.1100,38.6700),(1702,61,122880.00,1.2990,1.8360,3.5050,3.7390,5.8850,5.7960,5.6700,100.1400,101.3000,39.7000),(1703,61,131072.00,1.2990,1.8370,3.5090,3.7430,5.8930,5.8600,5.7370,107.1700,106.9000,43.9200),(1704,61,147456.00,1.2990,1.8370,3.5090,3.7450,5.8960,5.9180,5.8260,114.1900,114.1000,48.2500),(1705,61,163840.00,1.2990,1.8370,3.5080,3.7440,5.8940,5.9450,5.8490,118.7500,119.4000,57.5700),(1706,61,180224.00,1.2990,1.8370,3.5090,3.7420,5.8950,5.9450,5.8470,120.2000,121.0000,66.9200),(1707,61,196608.00,1.2990,1.8370,3.5080,3.7430,5.8950,5.9520,5.8450,120.7300,121.7000,75.7700),(1708,61,212992.00,1.2990,1.8370,3.5080,3.7420,5.8930,5.9560,5.8490,120.7700,121.6000,84.6600),(1709,61,229376.00,1.2990,1.8370,3.5070,3.7410,5.8930,5.9640,5.8470,120.7400,121.7000,93.3100),(1710,61,245760.00,1.2990,1.8370,3.5080,3.7420,5.8940,5.9690,5.8500,120.7800,121.7000,100.4000),(1711,61,262144.00,1.2990,1.8380,3.5070,3.7400,5.8930,5.9760,5.8550,120.7600,121.6000,105.6000),(1712,61,294912.00,1.2990,1.8370,3.5060,3.7410,5.8930,6.0000,5.8740,120.7900,121.7000,114.5000),(1713,61,327680.00,1.2990,1.8370,3.5080,3.7430,5.8940,6.0260,5.9050,120.7800,121.6000,117.6000),(1714,61,360448.00,1.2990,1.8360,3.5080,3.7420,5.8940,6.0540,5.9320,120.8900,121.6000,119.6000),(1715,61,393216.00,1.2990,1.8370,3.5090,3.7400,5.8940,6.0750,5.9550,120.9500,121.6000,120.2000),(1716,61,425984.00,1.2990,1.8360,3.5070,3.7390,5.8920,6.0920,5.9840,120.9900,121.6000,120.3000),(1717,61,458752.00,1.2990,1.8360,3.5070,3.7410,5.8930,6.1020,6.0030,121.0800,121.6000,120.3000),(1718,61,491520.00,1.2990,1.8370,3.5080,3.7400,5.8910,6.1070,6.0100,121.1200,121.5000,120.3000),(1719,61,524288.00,1.2990,1.8360,3.5080,3.7410,5.8940,6.1150,6.0250,121.1300,121.6000,120.4000),(1720,63,0.50,1.1540,1.1540,1.1540,1.1540,1.1540,1.1540,-1.0000,-1.0000,-1.0000,-1.0000),(1721,63,1.00,1.1540,1.1540,1.1540,1.1540,1.1540,1.1540,1.1540,-1.0000,-1.0000,-1.0000),(1722,63,2.00,1.1540,1.1540,1.1540,1.1540,1.1540,1.1540,1.1540,1.1540,-1.0000,-1.0000),(1723,63,3.00,1.1540,1.1540,1.1540,1.1540,1.1540,1.1540,1.1540,1.1540,-1.0000,-1.0000),(1724,63,4.00,1.1540,1.1540,1.1540,1.1540,1.1540,1.1540,1.1540,1.1540,1.1540,-1.0000),(1725,63,6.00,1.1540,1.1540,1.1540,1.1540,1.1540,1.1540,1.1540,1.1540,1.1540,-1.0000),(1726,63,8.00,1.1540,1.1540,1.1540,1.1540,1.1540,1.1540,1.1540,1.1540,1.1540,1.1540),(1727,63,10.00,1.1540,1.1540,1.1540,1.1540,1.1540,1.1540,1.1540,1.1540,1.1540,1.1540),(1728,63,12.00,1.1540,1.1540,1.1540,1.1540,1.1540,1.1540,1.1540,1.1540,1.1540,1.1540),(1729,63,14.00,1.1540,1.1540,1.1540,1.1540,1.1540,1.1540,1.1540,1.1540,1.1540,1.1540),(1730,63,15.99,1.1540,1.1540,1.1540,1.1540,1.1540,1.1540,1.1540,1.1540,1.1540,1.1540),(1731,63,18.00,1.1540,1.1540,1.1540,1.1540,1.1540,1.1540,1.1540,1.1540,1.1540,1.1540),(1732,63,20.00,1.1540,1.1540,1.1540,1.1540,1.1540,1.1540,1.1540,1.1540,1.1540,1.1540),(1733,63,22.00,1.1540,1.1540,1.1540,1.1540,1.1540,1.1540,1.1540,1.1540,1.1540,1.1540),(1734,63,24.00,1.1540,1.1540,1.1540,1.1540,1.1540,1.1540,1.1850,1.1540,1.1540,1.1540),(1735,63,26.00,1.1540,1.1540,1.1540,1.1540,1.1540,1.1540,1.6040,1.1540,1.1540,1.1540),(1736,63,28.00,1.1540,1.1540,1.1540,1.1540,1.1540,1.1540,1.5890,1.1540,1.1540,1.1540),(1737,63,30.00,1.1540,1.1540,1.1540,1.1540,1.1540,1.4830,2.5860,1.1540,1.1540,1.1540),(1738,63,32.00,1.1540,1.1540,1.1540,1.1540,1.7580,2.1520,2.7880,1.1540,1.1540,1.1540),(1739,63,36.00,1.1710,1.2090,1.6320,1.7430,2.0150,2.4950,2.8530,5.7710,1.7700,1.1540),(1740,63,40.00,1.1670,1.2130,1.6260,1.7350,2.2100,2.3610,2.6830,5.7710,5.0200,1.1540),(1741,63,44.00,1.1670,1.1990,1.6210,1.7130,1.9900,2.3520,2.7450,5.7710,5.7710,1.1540),(1742,63,48.01,1.1660,1.2050,1.6140,1.7080,2.0620,2.3440,2.6130,5.7710,5.7710,1.1540),(1743,63,52.00,1.1650,1.1920,1.6080,1.6980,2.1720,2.3380,2.6710,5.7710,5.7710,1.1540),(1744,63,56.00,1.1650,1.2030,1.6050,1.6950,1.9400,2.3320,2.5660,5.7710,5.7710,1.1540),(1745,63,60.00,1.1630,1.1870,1.6030,1.6820,1.9390,2.2610,2.4690,5.7710,5.7710,1.1540),(1746,63,64.00,1.1600,1.1850,1.5990,1.6800,1.9300,2.2540,2.4590,5.7710,5.7710,1.1540),(1747,63,72.00,1.1620,1.1920,1.5960,1.6730,1.9070,2.2550,2.4950,5.7710,5.7710,1.7700),(1748,63,79.99,1.1610,1.1880,1.5940,1.6630,1.9680,2.2000,2.3610,5.7710,5.7710,4.3640),(1749,63,88.00,1.1600,1.1850,1.5890,1.6590,1.8840,2.2060,2.3520,5.7710,5.7710,5.7710),(1750,63,96.00,1.1600,1.1820,1.5870,1.6520,1.8830,2.2100,2.3440,5.7710,5.7710,5.7710),(1751,63,104.00,1.1600,1.1800,1.5830,1.6530,1.8690,2.1710,2.3380,5.7710,5.7710,5.7720),(1752,63,112.01,1.1590,1.1780,1.5840,1.6500,1.8700,2.1780,2.3320,5.7710,5.7710,5.7710),(1753,63,120.00,1.1590,1.1770,1.5820,1.6450,1.8580,2.1460,2.2540,5.7710,5.7710,5.7710),(1754,63,128.00,1.1570,1.1700,1.5800,1.6430,1.9260,2.1420,2.2540,5.7710,5.7720,5.7710),(1755,63,143.99,1.1580,1.1730,1.5780,1.6380,1.8510,2.1350,2.2550,5.7710,5.7720,5.7710),(1756,63,160.00,1.1580,1.1710,1.5760,1.6340,1.8440,2.1200,2.2000,5.7710,5.7720,5.7710),(1757,63,176.01,1.1570,1.1700,1.5740,1.6320,1.8390,2.1320,2.2060,5.7710,5.7720,5.7710),(1758,63,192.00,1.1570,1.1660,1.5750,1.7880,2.0390,2.1210,2.2160,5.7710,5.7710,5.7710),(1759,63,207.99,1.1580,1.1680,1.5740,1.7760,1.8380,2.1210,2.1940,5.7710,5.7710,5.7710),(1760,63,224.00,1.1570,1.1670,1.5730,1.7600,1.8370,2.1110,2.1980,5.7710,5.7720,5.7710),(1761,63,240.01,1.1570,1.1660,1.5720,1.7630,1.8320,2.1020,2.1660,5.7720,5.7720,5.7710),(1762,63,256.00,1.1560,1.1630,1.5710,1.7790,1.8300,2.1040,2.1580,5.7710,5.7720,5.7710),(1763,63,288.00,1.1570,1.1640,1.5690,1.7580,1.8330,2.0980,2.1510,5.7720,5.7720,5.7710),(1764,63,320.00,1.1560,1.1610,1.5690,1.7760,1.8560,2.0860,2.1340,5.7720,5.7710,5.7710),(1765,63,352.00,1.1560,1.1630,1.5680,1.7490,1.8250,2.0880,2.1370,5.7720,5.7720,5.7720),(1766,63,384.00,1.1550,1.1600,1.5670,1.7720,1.8180,2.0790,2.1210,5.7720,5.7720,5.7720),(1767,63,416.00,1.1560,1.1610,1.5670,1.7520,1.8230,2.0820,2.1200,5.7720,5.7720,5.7720),(1768,63,448.00,1.1560,1.1610,1.5670,1.7710,1.8150,2.0730,2.1070,5.7720,5.7720,5.7720),(1769,63,480.00,1.1650,1.1610,1.6090,1.7030,1.9280,2.0740,2.1020,5.7730,5.7720,5.7720),(1770,63,512.00,1.1670,1.1700,1.5830,1.7330,1.8600,2.0700,2.1040,5.7740,5.7730,5.7720),(1771,63,576.00,1.1620,1.2150,2.2330,2.3290,3.5430,3.5520,3.8420,39.2910,36.5100,36.5100),(1772,63,640.00,1.1590,1.2140,2.2310,2.3200,3.5290,3.5190,3.7770,39.2920,36.5100,36.5100),(1773,63,704.00,1.1590,1.2130,2.2290,2.3120,3.5150,3.4920,3.7230,39.2930,36.5100,36.5100),(1774,63,768.00,1.1580,1.2120,2.2270,2.3060,3.5030,3.4690,3.6770,39.2920,36.5100,36.5100),(1775,63,832.00,1.1580,1.2110,2.2260,2.3010,3.4930,3.4490,3.6400,39.2920,36.5100,36.5100),(1776,63,896.00,1.1580,1.2100,2.2240,2.2960,3.4850,3.4320,3.6060,39.2920,36.5100,36.5100),(1777,63,960.00,1.1580,1.2100,2.2230,2.2920,3.4770,3.4180,3.5770,39.2910,36.5100,36.5100),(1778,63,1024.00,1.1580,1.2090,2.2220,2.2880,3.4710,3.4070,3.5520,39.2910,36.5100,36.5100),(1779,63,1152.00,1.1570,1.2090,2.2210,2.2830,3.4600,3.3860,3.5110,39.2930,36.5100,36.5100),(1780,63,1280.00,1.1570,1.2080,2.2190,2.2780,3.4510,3.3690,3.4770,39.2920,36.5100,36.5100),(1781,63,1408.00,1.1570,1.2070,2.2180,2.2740,3.4440,3.3550,3.4510,39.2920,36.5100,36.5100),(1782,63,1536.00,1.1560,1.2070,2.2180,2.2710,3.4380,3.3430,3.4280,39.2930,36.5100,36.5100),(1783,63,1664.00,1.1560,1.2070,2.2170,2.2690,3.4330,3.3340,3.4090,39.2930,36.5100,36.5100),(1784,63,1792.00,1.1560,1.2060,2.2160,2.2660,3.4290,3.3250,3.3920,39.2930,36.5100,36.5100),(1785,63,1920.00,1.1560,1.2060,2.2160,2.2640,3.4250,3.3180,3.3770,39.2930,36.5100,36.5100),(1786,63,2048.00,1.1560,1.2060,2.2150,2.2620,3.4220,3.3110,3.3650,39.2920,36.5100,36.5100),(1787,63,2304.00,1.1560,1.2050,2.2150,2.2590,3.4170,3.3010,3.3440,39.2910,36.5100,36.5100),(1788,63,2560.00,1.1560,1.2050,2.2140,2.2570,3.4130,3.2920,3.3270,39.2940,36.5100,36.5100),(1789,63,2816.00,1.1560,1.2050,2.2130,2.2550,3.4090,3.2850,3.3140,39.2920,36.5100,36.5100),(1790,63,3072.00,1.1560,1.2050,2.2130,2.2540,3.4060,3.2800,3.3020,39.2910,36.5100,36.5100),(1791,63,3328.00,1.1550,1.2040,2.2120,2.2520,3.4030,3.2750,3.2930,39.2920,36.5100,36.5100),(1792,63,3584.00,1.1550,1.2040,2.2120,2.2510,3.4020,3.2710,3.2850,39.2930,36.5100,36.5100),(1793,63,3840.00,1.1550,1.2040,2.2120,2.2500,3.4000,3.2670,3.2780,39.2940,36.5100,36.5100),(1794,63,4096.00,1.1550,1.2040,2.2120,2.2490,3.3980,3.2640,3.2720,39.2940,36.5100,36.5100),(1795,63,4608.00,1.1550,1.2030,2.2110,2.2480,3.3960,3.2600,3.2630,39.3530,36.6200,36.7300),(1796,63,5120.00,1.1550,1.2030,2.2110,2.2470,3.3940,3.2560,3.2540,39.3540,36.6200,36.7300),(1797,63,5632.00,1.1550,1.2030,2.2110,2.2460,3.3920,3.2530,3.2470,39.3520,36.6200,36.7300),(1798,63,6144.00,1.1550,1.2020,2.2100,2.2450,3.3900,3.2490,3.2420,39.3510,36.6300,36.7300),(1799,63,6656.00,1.1550,1.2020,2.2100,2.2440,3.3890,3.2470,3.2370,39.3520,36.6300,36.7300),(1800,63,7168.00,1.1550,1.2020,2.2100,2.2440,3.3880,3.2450,3.2320,39.3510,36.6200,36.7300),(1801,63,7680.00,1.1550,1.2020,2.2100,2.2430,3.3870,3.2430,3.2290,39.3520,36.6200,36.7300),(1802,63,8192.00,1.1550,1.2020,2.2100,2.2430,3.3860,3.2420,3.2260,39.3540,36.6200,36.7300),(1803,63,9216.00,1.1550,1.2020,2.2100,2.2420,3.3850,3.2390,3.2210,39.3530,36.6200,36.7300),(1804,63,10240.00,1.1550,1.2020,2.2100,2.2420,3.3840,3.2370,3.2170,39.3530,36.6200,36.7300),(1805,63,11264.00,1.1550,1.2020,2.2090,2.2410,3.3830,3.2350,3.2130,39.3550,36.6300,36.7300),(1806,63,12288.00,1.1550,1.2020,2.2090,2.2410,3.3820,3.2340,3.2100,39.3540,36.6300,36.7300),(1807,63,13312.00,1.1550,1.2020,2.2090,2.2400,3.3820,3.2330,3.2080,39.3550,36.6300,36.7300),(1808,63,14336.00,1.1550,1.2020,2.2090,2.2400,3.3810,3.2320,3.2060,39.3530,36.6300,36.7300),(1809,63,15360.00,1.1550,1.2020,2.2090,2.2400,3.3810,3.2310,3.2040,39.3560,36.6300,36.7300),(1810,63,16384.00,1.1550,1.2020,2.2090,2.2400,3.3800,3.2300,3.2020,39.3530,36.6200,36.7300),(1811,63,18432.00,1.1550,1.2020,2.2090,2.2390,3.3800,3.2290,3.2000,39.3560,36.6300,36.7300),(1812,63,20480.00,1.1550,1.2020,2.2090,2.2390,3.3790,3.2280,3.1980,39.3520,36.6200,36.7300),(1813,63,22528.00,1.1550,1.2020,2.2090,2.2390,3.3790,3.2270,3.1960,39.3550,36.6300,36.7300),(1814,63,24576.00,1.1550,1.2020,2.2090,2.2390,3.3780,3.2260,3.1950,39.3520,36.6300,36.7300),(1815,63,26624.00,1.1550,1.2020,2.2090,2.2380,3.3780,3.2250,3.1930,39.3570,36.6300,36.7400),(1816,63,28672.00,1.1550,1.2060,2.2120,2.2410,3.3780,3.2250,3.1920,39.3520,36.6200,36.7300),(1817,63,30720.00,1.1550,1.2090,2.2140,2.2450,3.3860,3.2240,3.1920,39.3580,36.6300,36.7400),(1818,63,32768.00,1.1560,1.2120,2.2140,2.2480,3.3860,3.2240,3.1910,39.3540,36.6300,36.7300),(1819,63,36864.00,1.1600,1.2410,2.2460,2.3160,3.4010,3.2470,3.1910,39.4790,36.8700,37.2400),(1820,63,40960.00,1.1680,1.2980,2.3420,2.5050,3.5330,3.2940,3.2970,39.5800,37.0700,37.6300),(1821,63,45056.00,1.1770,1.3780,2.4950,2.8270,3.7460,3.4610,3.4870,39.6510,37.3000,37.6300),(1822,63,49152.00,1.1980,1.4750,2.6640,3.3300,4.1390,3.6550,3.6980,39.6590,37.5600,37.6300),(1823,63,53248.00,1.2150,1.5660,2.8250,3.7550,4.3390,3.9770,3.8050,40.5430,37.5000,37.6300),(1824,63,57344.00,1.2290,1.6110,3.0030,4.4070,4.6890,4.2890,4.0890,41.2660,37.6700,37.6200),(1825,63,61440.00,1.2370,1.6320,3.0880,4.7660,5.0690,4.6080,4.4370,42.2340,39.9800,37.6300),(1826,63,65536.00,1.2460,1.6530,3.1480,4.8920,5.3580,4.8890,4.6890,46.3640,43.3500,37.6200),(1827,63,73728.00,1.2590,1.6880,3.2340,4.1710,5.8760,5.4060,5.1720,51.0180,52.5200,37.6300),(1828,63,81920.00,1.2710,1.7310,3.3100,3.5330,5.6520,5.7870,5.6250,58.8890,57.4400,37.6200),(1829,63,90112.00,1.2830,1.7750,3.3900,3.6040,5.5880,5.9420,5.7950,66.5370,65.7800,37.6700),(1830,63,98304.00,1.2900,1.8050,3.4440,3.6640,5.7250,5.5310,5.4770,76.5260,76.4700,38.5500),(1831,63,106496.00,1.2950,1.8230,3.4780,3.7050,5.8120,5.6290,5.4930,85.2340,85.6000,39.1900),(1832,63,114688.00,1.2980,1.8320,3.4970,3.7290,5.8580,5.7290,5.5900,95.0910,95.1100,38.6700),(1833,63,122880.00,1.2990,1.8360,3.5050,3.7390,5.8850,5.7960,5.6700,100.1400,101.3000,39.7000),(1834,63,131072.00,1.2990,1.8370,3.5090,3.7430,5.8930,5.8600,5.7370,107.1700,106.9000,43.9200),(1835,63,147456.00,1.2990,1.8370,3.5090,3.7450,5.8960,5.9180,5.8260,114.1900,114.1000,48.2500),(1836,63,163840.00,1.2990,1.8370,3.5080,3.7440,5.8940,5.9450,5.8490,118.7500,119.4000,57.5700),(1837,63,180224.00,1.2990,1.8370,3.5090,3.7420,5.8950,5.9450,5.8470,120.2000,121.0000,66.9200),(1838,63,196608.00,1.2990,1.8370,3.5080,3.7430,5.8950,5.9520,5.8450,120.7300,121.7000,75.7700),(1839,63,212992.00,1.2990,1.8370,3.5080,3.7420,5.8930,5.9560,5.8490,120.7700,121.6000,84.6600),(1840,63,229376.00,1.2990,1.8370,3.5070,3.7410,5.8930,5.9640,5.8470,120.7400,121.7000,93.3100),(1841,63,245760.00,1.2990,1.8370,3.5080,3.7420,5.8940,5.9690,5.8500,120.7800,121.7000,100.4000),(1842,63,262144.00,1.2990,1.8380,3.5070,3.7400,5.8930,5.9760,5.8550,120.7600,121.6000,105.6000),(1843,63,294912.00,1.2990,1.8370,3.5060,3.7410,5.8930,6.0000,5.8740,120.7900,121.7000,114.5000),(1844,63,327680.00,1.2990,1.8370,3.5080,3.7430,5.8940,6.0260,5.9050,120.7800,121.6000,117.6000),(1845,63,360448.00,1.2990,1.8360,3.5080,3.7420,5.8940,6.0540,5.9320,120.8900,121.6000,119.6000),(1846,63,393216.00,1.2990,1.8370,3.5090,3.7400,5.8940,6.0750,5.9550,120.9500,121.6000,120.2000),(1847,63,425984.00,1.2990,1.8360,3.5070,3.7390,5.8920,6.0920,5.9840,120.9900,121.6000,120.3000),(1848,63,458752.00,1.2990,1.8360,3.5070,3.7410,5.8930,6.1020,6.0030,121.0800,121.6000,120.3000),(1849,63,491520.00,1.2990,1.8370,3.5080,3.7400,5.8910,6.1070,6.0100,121.1200,121.5000,120.3000),(1850,63,524288.00,1.2990,1.8360,3.5080,3.7410,5.8940,6.1150,6.0250,121.1300,121.6000,120.4000),(1982,67,0.50,1.2000,1.2000,1.2010,1.2000,1.2000,1.2000,-1.0000,-1.0000,-1.0000,-1.0000),(1983,67,1.00,1.2000,1.2000,1.2010,1.2000,1.2010,1.2000,1.2000,-1.0000,-1.0000,-1.0000),(1984,67,2.00,1.2000,1.2010,1.2010,1.2000,1.2000,1.2000,1.2000,1.2000,-1.0000,-1.0000),(1985,67,3.00,1.2000,1.2010,1.2000,1.2000,1.2000,1.2000,1.2000,1.2000,-1.0000,-1.0000),(1986,67,4.00,1.2010,1.2010,1.2000,1.2000,1.2000,1.2000,1.2000,1.2000,1.2000,-1.0000),(1987,67,6.00,1.2000,1.2000,1.2010,1.2000,1.2000,1.2000,1.2000,1.2000,1.2000,-1.0000),(1988,67,8.00,1.2010,1.2000,1.2000,1.2000,1.2000,1.2010,1.2000,1.2000,1.2000,1.2000),(1989,67,10.00,1.2010,1.2010,1.2000,1.2000,1.2000,1.2000,1.2000,1.2000,1.2000,1.2000),(1990,67,12.00,1.2010,1.2010,1.2000,1.2010,1.2000,1.2000,1.2000,1.2000,1.2000,1.2000),(1991,67,14.00,1.2010,1.2010,1.2010,1.2000,1.2000,1.2000,1.2000,1.2000,1.2000,1.2000),(1992,67,15.99,1.2010,1.2010,1.2010,1.2000,1.2010,1.2010,1.2000,1.2010,1.2000,1.2000),(1993,67,18.00,1.2010,1.2010,1.2010,1.2010,1.2000,1.2000,1.2010,1.2000,1.2000,1.2000),(1994,67,20.00,1.2010,1.2010,1.2010,1.2000,1.2000,1.2000,1.2010,1.2000,1.2000,1.2000),(1995,67,22.00,1.2010,1.2010,1.2010,1.2010,1.2000,1.2000,1.2000,1.2000,1.2000,1.2000),(1996,67,24.00,1.2010,1.2010,1.2010,1.2010,1.2010,1.2000,1.2010,1.2000,1.2010,1.2000),(1997,67,26.00,1.2010,1.2010,1.2010,1.2010,1.2000,1.2000,1.6690,1.2010,1.2000,1.2000),(1998,67,28.00,1.2010,1.2010,1.2010,1.2000,1.2010,1.2000,1.7650,1.2000,1.2000,1.2000),(1999,67,30.00,1.2010,1.2010,1.2010,1.2010,1.2010,1.4570,2.6910,1.2000,1.2000,1.2000),(2000,67,32.00,1.2010,1.2010,1.2010,1.2010,1.8290,2.2380,2.8960,1.2000,1.2000,1.2000),(2001,67,36.00,1.2160,1.2580,1.6980,1.8130,2.0960,2.5960,2.9680,6.0030,1.8410,1.2000),(2002,67,40.00,1.2140,1.2610,1.6910,1.8050,2.2490,2.4560,2.7910,6.0020,4.7530,1.2000),(2003,67,44.00,1.2140,1.2470,1.6860,1.7810,2.0690,2.4460,2.8560,6.0020,6.0020,1.2000),(2004,67,48.01,1.2120,1.2540,1.6790,1.7770,2.1630,2.4380,2.7180,6.0020,6.0020,1.2000),(2005,67,52.00,1.2110,1.2400,1.6730,1.7660,2.1560,2.4320,2.7780,6.0020,6.0020,1.2000),(2006,67,56.00,1.2110,1.2510,1.6700,1.7630,2.0180,2.4260,2.6690,6.0020,6.0020,1.2000),(2007,67,60.00,1.2100,1.2350,1.6670,1.7490,2.0170,2.3520,2.5680,6.0020,6.0030,1.2000),(2008,67,64.00,1.2060,1.2330,1.6630,1.7480,2.0080,2.3450,2.5570,6.0020,6.0020,1.2000),(2009,67,72.00,1.2090,1.2400,1.6600,1.7400,1.9830,2.3450,2.5960,6.0030,6.0020,1.8410),(2010,67,79.99,1.2080,1.2360,1.6580,1.7300,2.0570,2.2880,2.4560,6.0030,6.0020,4.7450),(2011,67,88.00,1.2070,1.2330,1.6520,1.7260,1.9600,2.2940,2.4460,6.0020,6.0020,6.0020),(2012,67,96.00,1.2070,1.2300,1.6510,1.7180,1.9590,2.2990,2.4390,6.0020,6.0030,6.0020),(2013,67,104.00,1.2060,1.2280,1.6470,1.7190,1.9440,2.2590,2.4320,6.0020,6.0020,6.0020),(2014,67,112.01,1.2060,1.2260,1.6470,1.7160,1.9440,2.2650,2.4260,6.0030,6.0030,6.0020),(2015,67,120.00,1.2050,1.2240,1.6450,1.7110,1.9320,2.2330,2.3440,6.0020,6.0020,6.0020),(2016,67,128.00,1.2030,1.2170,1.6440,1.7090,2.0900,2.2280,2.3450,6.0020,6.0030,6.0030),(2017,67,143.99,1.2040,1.2200,1.6420,1.7040,1.9250,2.2200,2.3430,6.0020,6.0020,6.0020),(2018,67,160.00,1.2040,1.2180,1.6390,1.7000,1.9180,2.2050,2.2840,6.0020,6.0020,6.0020),(2019,67,176.01,1.2040,1.2170,1.6370,1.6980,1.9130,2.2180,2.2940,6.0020,6.0020,6.0020),(2020,67,192.00,1.2030,1.2120,1.6380,1.8590,1.9910,2.2060,2.3000,6.0020,6.0020,6.0020),(2021,67,207.99,1.2040,1.2150,1.6370,1.8450,1.9120,2.2060,2.2810,6.0030,6.0020,6.0030),(2022,67,224.00,1.2040,1.2140,1.6360,1.8300,1.9110,2.1960,2.2870,6.0030,6.0020,6.0020),(2023,67,240.01,1.2030,1.2130,1.6350,1.8260,1.9050,2.1870,2.2530,6.0020,6.0020,6.0020),(2024,67,256.00,1.2030,1.2090,1.6340,1.8510,2.0380,2.1880,2.2450,6.0020,6.0030,6.0020),(2025,67,288.00,1.2030,1.2110,1.6320,1.8240,1.9050,2.1810,2.2370,6.0030,6.0030,6.0030),(2026,67,320.00,1.2020,1.2080,1.6320,1.8470,1.8960,2.1700,2.2190,6.0030,6.0030,6.0020),(2027,67,352.00,1.2030,1.2090,1.6310,1.8190,1.8980,2.1740,2.2230,6.0030,6.0020,6.0030),(2028,67,384.00,1.2020,1.2070,1.6310,1.8440,1.8920,2.1620,2.2060,6.0030,6.0030,6.0030),(2029,67,416.00,1.2030,1.2080,1.6300,1.8310,1.8970,2.1650,2.2040,6.0030,6.0030,6.0030),(2030,67,448.00,1.2020,1.2060,1.6300,1.8410,1.8890,2.1560,2.1920,6.0030,6.0030,6.0030),(2031,67,480.00,1.2030,1.2240,1.6300,1.7930,1.8920,2.1580,2.1870,6.0040,6.0030,6.0030),(2032,67,512.00,1.2160,1.2180,1.6430,1.8030,1.9300,2.1530,2.1890,6.0050,6.0040,6.0030),(2033,67,576.00,1.2080,1.2270,2.2750,2.3690,3.5950,3.6150,3.9170,40.1310,37.2560,37.2560),(2034,67,640.00,1.2060,1.2260,2.2720,2.3600,3.5800,3.5850,3.8490,40.1300,37.2560,37.2550),(2035,67,704.00,1.2060,1.2240,2.2700,2.3530,3.5660,3.5570,3.7930,40.1300,37.2560,37.2540),(2036,67,768.00,1.2050,1.2240,2.2680,2.3460,3.5530,3.5340,3.7470,40.1310,37.2560,37.2560),(2037,67,832.00,1.2050,1.2230,2.2670,2.3410,3.5430,3.5140,3.7090,40.1310,37.2560,37.2550),(2038,67,896.00,1.2040,1.2220,2.2660,2.3360,3.5350,3.4970,3.6740,40.1310,37.2560,37.2550),(2039,67,960.00,1.2040,1.2220,2.2650,2.3320,3.5270,3.4820,3.6450,40.1300,37.2570,37.2550),(2040,67,1024.00,1.2040,1.2210,2.2640,2.3290,3.5210,3.4690,3.6220,40.1300,37.2560,37.2560),(2041,67,1152.00,1.2040,1.2200,2.2620,2.3230,3.5100,3.4480,3.5780,40.1300,37.2560,37.2560),(2042,67,1280.00,1.2030,1.2200,2.2610,2.3180,3.5020,3.4310,3.5440,40.1300,37.2560,37.2560),(2043,67,1408.00,1.2030,1.2190,2.2600,2.3140,3.4940,3.4170,3.5170,40.1310,37.2560,37.2550),(2044,67,1536.00,1.2030,1.2190,2.2590,2.3110,3.4880,3.4050,3.4930,40.1300,37.2560,37.2560),(2045,67,1664.00,1.2030,1.2180,2.2580,2.3090,3.4840,3.3940,3.4740,40.1300,37.2560,37.2570),(2046,67,1792.00,1.2030,1.2180,2.2570,2.3070,3.4800,3.3860,3.4570,40.1300,37.2560,37.2560),(2047,67,1920.00,1.2020,1.2180,2.2570,2.3040,3.4760,3.3790,3.4420,40.1310,37.2550,37.2560),(2048,67,2048.00,1.2020,1.2170,2.2560,2.3030,3.4730,3.3720,3.4290,40.1310,37.2560,37.2550),(2049,67,2304.00,1.2020,1.2170,2.2560,2.3000,3.4680,3.3620,3.4090,40.1310,37.2550,37.2560),(2050,67,2560.00,1.2020,1.2170,2.2550,2.2970,3.4630,3.3530,3.3910,40.1300,37.2550,37.2550),(2051,67,2816.00,1.2020,1.2160,2.2550,2.2950,3.4590,3.3460,3.3770,40.1310,37.2560,37.2760),(2052,67,3072.00,1.2020,1.2160,2.2540,2.2940,3.4560,3.3410,3.3660,40.1310,37.2560,37.2560),(2053,67,3328.00,1.2020,1.2160,2.2540,2.2930,3.4540,3.3350,3.3560,40.1290,37.2560,37.2550),(2054,67,3584.00,1.2020,1.2160,2.2530,2.2910,3.4520,3.3310,3.3480,40.1310,37.2560,37.2560),(2055,67,3840.00,1.2020,1.2160,2.2530,2.2900,3.4500,3.3270,3.3410,40.1310,37.2560,37.2560),(2056,67,4096.00,1.2020,1.2160,2.2530,2.2890,3.4480,3.3240,3.3340,40.1310,37.2560,37.2560),(2057,67,4608.00,1.2020,1.2160,2.2520,2.2880,3.4460,3.3210,3.3260,40.1780,37.3480,37.4330),(2058,67,5120.00,1.2020,1.2160,2.2520,2.2870,3.4440,3.3170,3.3180,40.1780,37.3490,37.4320),(2059,67,5632.00,1.2020,1.2150,2.2520,2.2860,3.4420,3.3130,3.3110,40.1770,37.3480,37.4320),(2060,67,6144.00,1.2020,1.2150,2.2520,2.2850,3.4410,3.3100,3.3040,40.1770,37.3480,37.4330),(2061,67,6656.00,1.2020,1.2150,2.2510,2.2840,3.4390,3.3080,3.2990,40.1780,37.3470,37.4330),(2062,67,7168.00,1.2020,1.2150,2.2510,2.2840,3.4380,3.3060,3.2950,40.1780,37.3480,37.4320),(2063,67,7680.00,1.2020,1.2150,2.2510,2.2830,3.4370,3.3040,3.2910,40.1780,37.3470,37.4330),(2064,67,8192.00,1.2020,1.2150,2.2510,2.2830,3.4370,3.3020,3.2880,40.1780,37.3470,37.4330),(2065,67,9216.00,1.2020,1.2150,2.2510,2.2820,3.4350,3.3000,3.2830,40.1770,37.3480,37.4330),(2066,67,10240.00,1.2010,1.2150,2.2510,2.2820,3.4340,3.2970,3.2790,40.1780,37.3470,37.4320),(2067,67,11264.00,1.2010,1.2150,2.2510,2.2810,3.4330,3.2960,3.2750,40.1770,37.3480,37.4330),(2068,67,12288.00,1.2010,1.2150,2.2500,2.2810,3.4320,3.2940,3.2720,40.1780,37.3480,37.4320),(2069,67,13312.00,1.2010,1.2150,2.2500,2.2800,3.4320,3.2930,3.2700,40.1790,37.3470,37.4320),(2070,67,14336.00,1.2010,1.2150,2.2500,2.2800,3.4310,3.2920,3.2680,40.1770,37.3490,37.4330),(2071,67,15360.00,1.2010,1.2150,2.2500,2.2800,3.4310,3.2910,3.2660,40.1770,37.3480,37.4310),(2072,67,16384.00,1.2010,1.2150,2.2500,2.2800,3.4300,3.2900,3.2640,40.1780,37.3480,37.4330),(2073,67,18432.00,1.2010,1.2140,2.2500,2.2790,3.4300,3.2890,3.2620,40.1780,37.3490,37.4330),(2074,67,20480.00,1.2010,1.2150,2.2500,2.2790,3.4290,3.2880,3.2600,40.1780,37.3480,37.4320),(2075,67,22528.00,1.2020,1.2170,2.2500,2.2790,3.4340,3.2870,3.2580,40.1780,37.3480,37.4320),(2076,67,24576.00,1.2010,1.2220,2.2500,2.2780,3.4310,3.2860,3.2560,40.1780,37.3470,37.4320),(2077,67,26624.00,1.2030,1.2200,2.2510,2.2790,3.4440,3.2860,3.2550,40.1790,37.3480,37.4330),(2078,67,28672.00,1.2030,1.2300,2.2570,2.2860,3.4620,3.2880,3.2640,40.1800,37.3520,37.4340),(2079,67,30720.00,1.2050,1.2370,2.2760,2.2940,3.4740,3.3030,3.2530,40.1920,37.3480,37.4340),(2080,67,32768.00,1.2070,1.2410,2.3630,2.3390,3.5020,3.3080,3.2730,40.1910,37.3500,37.4350),(2081,67,36864.00,1.2140,1.2710,2.4040,2.5340,3.5660,3.3260,3.3390,40.3490,37.7240,37.9670),(2082,67,40960.00,1.2200,1.3070,2.5750,2.7450,3.6230,3.4110,3.3660,40.4600,37.9390,38.4010),(2083,67,45056.00,1.2320,1.3730,2.6580,2.9370,3.7850,3.5040,3.5080,40.4690,37.9090,38.4010),(2084,67,49152.00,1.2420,1.4460,2.7660,3.4600,4.0900,3.7340,3.7500,40.6720,38.2650,38.4010),(2085,67,53248.00,1.2550,1.5240,2.9500,3.9730,4.3750,4.0190,3.8940,41.4950,39.2530,38.4000),(2086,67,57344.00,1.2670,1.6150,3.0440,4.4280,4.7480,4.3100,4.1700,42.1120,40.0010,38.4000),(2087,67,61440.00,1.2760,1.6630,3.1220,4.6780,5.1400,4.6490,4.4310,43.3450,41.4140,38.3990),(2088,67,65536.00,1.2830,1.6780,3.1720,4.8760,5.4170,4.9780,4.7560,44.0780,43.8430,38.3980),(2089,67,73728.00,1.3000,1.7170,3.2700,3.8380,6.0360,5.4710,5.2800,52.5990,48.0380,38.3990),(2090,67,81920.00,1.3140,1.7600,3.3570,3.6000,6.1200,5.8960,5.7350,58.7010,55.8040,38.4010),(2091,67,90112.00,1.3250,1.7960,3.4310,3.6690,5.9240,5.9980,6.0850,67.9540,65.4590,38.4010),(2092,67,98304.00,1.3340,1.8290,3.4990,3.7360,5.7230,6.0470,5.7600,77.7760,76.1590,38.4200),(2093,67,106496.00,1.3400,1.8480,3.5360,3.7830,5.8010,5.7190,5.6560,85.3760,84.3230,38.5880),(2094,67,114688.00,1.3440,1.8600,3.5630,3.8130,5.8660,5.7380,5.5870,94.4400,93.3250,39.0240),(2095,67,122880.00,1.3450,1.8650,3.5740,3.8250,5.9130,5.8110,5.6890,101.6210,101.3640,40.2790),(2096,67,131072.00,1.3460,1.8670,3.5770,3.8290,5.9240,5.8690,5.7450,106.4250,106.1540,40.7210),(2097,67,147456.00,1.3460,1.8680,3.5770,3.8280,5.9270,5.9250,5.8210,113.1280,112.9780,46.1850),(2098,67,163840.00,1.3470,1.8670,3.5760,3.8280,5.9290,5.9560,5.8530,118.3130,118.5840,53.0380),(2099,67,180224.00,1.3460,1.8670,3.5760,3.8290,5.9280,5.9580,5.8600,118.5300,119.2650,64.2590),(2100,67,196608.00,1.3470,1.8670,3.5760,3.8290,5.9270,5.9620,5.8610,118.5030,119.0950,74.2380),(2101,67,212992.00,1.3470,1.8670,3.5760,3.8290,5.9270,5.9660,5.8600,118.4970,119.1040,83.7250),(2102,67,229376.00,1.3470,1.8670,3.5750,3.8290,5.9280,5.9740,5.8640,118.4800,118.9890,92.6120),(2103,67,245760.00,1.3460,1.8670,3.5750,3.8290,5.9270,5.9850,5.8680,118.4670,119.0050,99.8630),(2104,67,262144.00,1.3470,1.8680,3.5760,3.8270,5.9270,5.9960,5.8740,118.4690,118.8890,107.1030),(2105,67,294912.00,1.3460,1.8670,3.5750,3.8280,5.9260,6.0210,5.8950,118.4270,118.8870,115.5470),(2106,67,327680.00,1.3470,1.8670,3.5760,3.8280,5.9270,6.0480,5.9210,118.4140,118.7750,118.4130),(2107,67,360448.00,1.3460,1.8670,3.5740,3.8290,5.9270,6.0770,5.9510,118.3970,118.7530,118.6600),(2108,67,393216.00,1.3460,1.8670,3.5760,3.8280,5.9250,6.0960,5.9750,118.3900,118.7000,118.7250),(2109,67,425984.00,1.3470,1.8660,3.5750,3.8270,5.9250,6.1130,6.0010,118.3720,118.6840,118.5940),(2110,67,458752.00,1.3460,1.8680,3.5740,3.8280,5.9260,6.1230,6.0160,118.3760,118.6310,118.6510),(2111,67,491520.00,1.3460,1.8670,3.5760,3.8270,5.9250,6.1290,6.0290,118.3650,118.6230,118.5650),(2112,67,524288.00,1.3460,1.8670,3.5750,3.8270,5.9260,6.1360,6.0390,118.3680,118.5770,118.5890),(2113,69,0.50,1.2010,1.2010,1.2010,1.2010,1.2010,1.2010,-1.0000,-1.0000,-1.0000,-1.0000),(2114,69,1.00,1.2010,1.2010,1.2010,1.2010,1.2010,1.2010,1.2010,-1.0000,-1.0000,-1.0000),(2115,69,2.00,1.2010,1.2010,1.2010,1.2010,1.2010,1.2010,1.2010,1.2010,-1.0000,-1.0000),(2116,69,3.00,1.2010,1.2010,1.2010,1.2010,1.2010,1.2010,1.2010,1.2010,-1.0000,-1.0000),(2117,69,4.00,1.2010,1.2010,1.2010,1.2010,1.2010,1.2010,1.2010,1.2010,1.2010,-1.0000),(2118,69,6.00,1.2010,1.2010,1.2010,1.2010,1.2010,1.2010,1.2010,1.2010,1.2010,-1.0000),(2119,69,8.00,1.2010,1.2010,1.2010,1.2010,1.2010,1.2010,1.2010,1.2010,1.2010,1.2010),(2120,69,10.00,1.2010,1.2010,1.2010,1.2010,1.2010,1.2010,1.2010,1.2010,1.2010,1.2010),(2121,69,12.00,1.2010,1.2010,1.2010,1.2010,1.2010,1.2010,1.2010,1.2010,1.2010,1.2010),(2122,69,14.00,1.2010,1.2010,1.2010,1.2010,1.2010,1.2010,1.2010,1.2010,1.2010,1.2010),(2123,69,15.99,1.2010,1.2010,1.2010,1.2010,1.2010,1.2010,1.2010,1.2010,1.2010,1.2010),(2124,69,18.00,1.2010,1.2010,1.2010,1.2010,1.2010,1.2010,1.2010,1.2010,1.2010,1.2010),(2125,69,20.00,1.2010,1.2010,1.2010,1.2010,1.2010,1.2010,1.2010,1.2010,1.2010,1.2010),(2126,69,22.00,1.2010,1.2010,1.2010,1.2010,1.2010,1.2010,1.2010,1.2010,1.2010,1.2010),(2127,69,24.00,1.2010,1.2010,1.2010,1.2010,1.2010,1.2010,1.2010,1.2010,1.2010,1.2010),(2128,69,26.00,1.2010,1.2010,1.2010,1.2010,1.2010,1.2010,1.6330,1.2010,1.2010,1.2010),(2129,69,28.00,1.2010,1.2010,1.2010,1.2010,1.2010,1.2010,1.7520,1.2010,1.2010,1.2010),(2130,69,30.00,1.2010,1.2010,1.2010,1.2010,1.2010,1.6360,2.4170,1.2010,1.2010,1.2010),(2131,69,32.00,1.2010,1.2010,1.2010,1.2010,1.8290,2.2390,2.9080,1.2010,1.2010,1.2010),(2132,69,36.00,1.2160,1.2550,1.6760,1.7910,2.0960,2.5960,2.9680,6.0030,1.8420,1.2010),(2133,69,40.00,1.2140,1.2590,1.6700,1.7820,2.0810,2.4560,2.7910,6.0030,5.2200,1.2010),(2134,69,44.00,1.2130,1.2450,1.6640,1.7590,2.0690,2.4470,2.8560,6.0030,6.0030,1.2010),(2135,69,48.01,1.2120,1.2500,1.6570,1.7540,2.0280,2.4390,2.7180,6.0030,6.0030,1.2010),(2136,69,52.00,1.2110,1.2380,1.6510,1.7440,2.0220,2.4320,2.7780,6.0030,6.0030,1.2010),(2137,69,56.00,1.2100,1.2480,1.6480,1.7410,2.0170,2.4260,2.6690,6.0030,6.0030,1.2010),(2138,69,60.00,1.2090,1.2330,1.6460,1.7270,2.0160,2.3520,2.5680,6.0030,6.0030,1.2010),(2139,69,64.00,1.2060,1.2310,1.6410,1.7250,2.0070,2.3450,2.5570,6.0030,6.0030,1.2010),(2140,69,72.00,1.2080,1.2380,1.6380,1.7180,1.9820,2.3460,2.5960,6.0030,6.0030,1.8410),(2141,69,79.99,1.2070,1.2340,1.6360,1.7080,1.9790,2.2890,2.4560,6.0030,6.0030,6.0030),(2142,69,88.00,1.2070,1.2310,1.6300,1.7040,1.9590,2.2940,2.4470,6.0030,6.0030,6.0030),(2143,69,96.00,1.2060,1.2280,1.6290,1.6960,1.9580,2.2990,2.4390,6.0030,6.0030,6.0030),(2144,69,104.00,1.2060,1.2260,1.6250,1.6970,1.9430,2.2590,2.4320,6.0030,6.0030,6.0030),(2145,69,112.01,1.2050,1.2240,1.6250,1.6940,1.9440,2.2650,2.4260,6.0030,6.0030,6.0030),(2146,69,120.00,1.2050,1.2230,1.6230,1.6890,1.9320,2.2330,2.3440,6.0030,6.0030,6.0030),(2147,69,128.00,1.2030,1.2160,1.6220,1.6860,1.9320,2.2280,2.3450,6.0030,6.0030,6.0030),(2148,69,143.99,1.2040,1.2190,1.6200,1.6820,1.9250,2.2210,2.3460,6.0030,6.0030,6.0030),(2149,69,160.00,1.2040,1.2180,1.6170,1.6780,1.9180,2.2050,2.2890,6.0030,6.0030,6.0030),(2150,69,176.01,1.2040,1.2160,1.6150,1.6760,1.9120,2.2180,2.2940,6.0030,6.0030,6.0030),(2151,69,192.00,1.2030,1.2120,1.6160,1.8600,1.9150,2.2060,2.3010,6.0030,6.0030,6.0030),(2152,69,207.99,1.2040,1.2150,1.6150,1.8400,1.9120,2.2060,2.2820,6.0030,6.0030,6.0030),(2153,69,224.00,1.2040,1.2140,1.6140,1.8350,1.9100,2.1960,2.2870,6.0030,6.0030,6.0030),(2154,69,240.01,1.2040,1.2130,1.6130,1.8320,1.9040,2.1870,2.2530,6.0030,6.0030,6.0030),(2155,69,256.00,1.2020,1.2090,1.6120,1.8510,1.9010,2.1890,2.2450,6.0030,6.0030,6.0030),(2156,69,288.00,1.2030,1.2110,1.6100,1.8300,1.9050,2.1820,2.2370,6.0030,6.0030,6.0030),(2157,69,320.00,1.2020,1.2080,1.6100,1.8470,1.8960,2.1700,2.2200,6.0030,6.0030,6.0030),(2158,69,352.00,1.2030,1.2090,1.6100,1.8060,1.8970,2.1740,2.2230,6.0030,6.0030,6.0030),(2159,69,384.00,1.2020,1.2060,1.6090,1.8440,1.8930,2.1620,2.2060,6.0030,6.0030,6.0030),(2160,69,416.00,1.2030,1.2080,1.6080,1.8220,1.8940,2.1660,2.2060,6.0030,6.0030,6.0040),(2161,69,448.00,1.2030,1.2060,1.6080,1.8230,1.8890,2.1550,2.1920,6.0040,6.0040,6.0040),(2162,69,480.00,1.2030,1.2280,1.6440,1.8220,1.8910,2.1580,2.1870,6.0050,6.0040,6.0040),(2163,69,512.00,1.2080,1.2210,1.6210,1.8110,1.8880,2.1530,2.1890,6.0060,6.0040,6.0040),(2164,69,576.00,1.2090,1.2220,2.2560,2.3620,3.5460,3.5970,3.9570,40.1350,37.2620,37.2620),(2165,69,640.00,1.2070,1.2200,2.2540,2.3520,3.5280,3.5630,3.8870,40.1340,37.2610,37.2620),(2166,69,704.00,1.2060,1.2190,2.2510,2.3440,3.5140,3.5370,3.8300,40.1350,37.2610,37.2620),(2167,69,768.00,1.2060,1.2180,2.2500,2.3370,3.5020,3.5130,3.7820,40.1350,37.2620,37.2600),(2168,69,832.00,1.2050,1.2180,2.2480,2.3310,3.4920,3.4930,3.7420,40.1340,37.2620,37.2620),(2169,69,896.00,1.2050,1.2170,2.2470,2.3260,3.4820,3.4760,3.7070,40.1360,37.2620,37.2610),(2170,69,960.00,1.2050,1.2160,2.2460,2.3220,3.4740,3.4610,3.6770,40.1350,37.2610,37.2610),(2171,69,1024.00,1.2040,1.2160,2.2450,2.3180,3.4680,3.4490,3.6510,40.1360,37.2620,37.2620),(2172,69,1152.00,1.2040,1.2150,2.2430,2.3120,3.4570,3.4270,3.6080,40.1350,37.2620,37.2620),(2173,69,1280.00,1.2040,1.2150,2.2410,2.3070,3.4480,3.4100,3.5730,40.1350,37.2620,37.2620),(2174,69,1408.00,1.2030,1.2140,2.2400,2.3030,3.4410,3.3960,3.5440,40.1350,37.2600,37.2620),(2175,69,1536.00,1.2030,1.2130,2.2390,2.2990,3.4350,3.3840,3.5200,40.1360,37.2620,37.2630),(2176,69,1664.00,1.2030,1.2130,2.2390,2.2970,3.4300,3.3740,3.5000,40.1350,37.2610,37.2610),(2177,69,1792.00,1.2030,1.2130,2.2380,2.2940,3.4260,3.3650,3.4820,40.1350,37.2620,37.2620),(2178,69,1920.00,1.2030,1.2120,2.2370,2.2920,3.4220,3.3580,3.4670,40.1360,37.2620,37.2640),(2179,69,2048.00,1.2030,1.2120,2.2370,2.2900,3.4190,3.3510,3.4540,40.1360,37.2620,37.2610),(2180,69,2304.00,1.2030,1.2120,2.2360,2.2870,3.4140,3.3410,3.4320,40.1350,37.2620,37.2620),(2181,69,2560.00,1.2020,1.2110,2.2350,2.2850,3.4090,3.3320,3.4150,40.1350,37.2610,37.2620),(2182,69,2816.00,1.2020,1.2110,2.2350,2.2820,3.4050,3.3250,3.4010,40.1350,37.2610,37.2630),(2183,69,3072.00,1.2020,1.2110,2.2340,2.2810,3.4030,3.3190,3.3890,40.1350,37.2610,37.2610),(2184,69,3328.00,1.2020,1.2110,2.2340,2.2790,3.4000,3.3140,3.3790,40.1360,37.2620,37.2630),(2185,69,3584.00,1.2020,1.2110,2.2340,2.2780,3.3980,3.3100,3.3700,40.1360,37.2620,37.2620),(2186,69,3840.00,1.2020,1.2100,2.2330,2.2770,3.3960,3.3060,3.3630,40.1360,37.2620,37.2620),(2187,69,4096.00,1.2020,1.2100,2.2330,2.2760,3.3940,3.3030,3.3560,40.1360,37.2620,37.2600),(2188,69,4608.00,1.2020,1.2100,2.2330,2.2750,3.3920,3.2990,3.3470,40.1840,37.3550,37.4400),(2189,69,5120.00,1.2020,1.2100,2.2320,2.2730,3.3900,3.2950,3.3380,40.1840,37.3550,37.4390),(2190,69,5632.00,1.2020,1.2100,2.2320,2.2720,3.3900,3.2910,3.3310,40.1840,37.3540,37.4390),(2191,69,6144.00,1.2020,1.2100,2.2320,2.2720,3.3880,3.2880,3.3250,40.1840,37.3550,37.4390),(2192,69,6656.00,1.2020,1.2100,2.2320,2.2710,3.3870,3.2860,3.3200,40.1840,37.3540,37.4400),(2193,69,7168.00,1.2020,1.2100,2.2310,2.2700,3.3860,3.2840,3.3150,40.1840,37.3540,37.4400),(2194,69,7680.00,1.2020,1.2100,2.2320,2.2700,3.3850,3.2820,3.3120,40.1840,37.3550,37.4380),(2195,69,8192.00,1.2020,1.2100,2.2310,2.2690,3.3840,3.2800,3.3080,40.1840,37.3530,37.4390),(2196,69,9216.00,1.2020,1.2090,2.2310,2.2680,3.3830,3.2780,3.3030,40.1840,37.3540,37.4400),(2197,69,10240.00,1.2020,1.2090,2.2310,2.2680,3.3820,3.2750,3.2990,40.1840,37.3550,37.4400),(2198,69,11264.00,1.2020,1.2090,2.2310,2.2670,3.3810,3.2740,3.2950,40.1840,37.3530,37.4400),(2199,69,12288.00,1.2020,1.2090,2.2310,2.2670,3.3800,3.2720,3.2920,40.1830,37.3550,37.4400),(2200,69,13312.00,1.2020,1.2090,2.2310,2.2660,3.3790,3.2710,3.2890,40.1840,37.3550,37.4410),(2201,69,14336.00,1.2010,1.2090,2.2300,2.2660,3.3790,3.2700,3.2870,40.1830,37.3540,37.4420),(2202,69,15360.00,1.2020,1.2090,2.2300,2.2660,3.3780,3.2690,3.2850,40.1840,37.3540,37.4410),(2203,69,16384.00,1.2010,1.2090,2.2300,2.2660,3.3780,3.2680,3.2840,40.1840,37.3540,37.4390),(2204,69,18432.00,1.2020,1.2090,2.2300,2.2670,3.3770,3.2670,3.2810,40.1840,37.3560,37.4420),(2205,69,20480.00,1.2010,1.2090,2.2300,2.2700,3.3770,3.2660,3.2790,40.1830,37.3550,37.4400),(2206,69,22528.00,1.2020,1.2100,2.2400,2.2750,3.3760,3.2650,3.2770,40.1840,37.3550,37.4410),(2207,69,24576.00,1.2020,1.2140,2.2440,2.2850,3.3810,3.2640,3.2750,40.1840,37.3530,37.4390),(2208,69,26624.00,1.2030,1.2220,2.2890,2.3870,3.3840,3.2660,3.2740,40.1850,37.3520,37.4400),(2209,69,28672.00,1.2070,1.2380,2.3710,2.4490,3.4040,3.2970,3.2730,40.1860,37.3550,37.4400),(2210,69,30720.00,1.2120,1.2760,2.4800,2.5970,3.4340,3.3200,3.2720,40.1860,37.3550,37.4430),(2211,69,32768.00,1.2200,1.3430,2.7560,2.7840,3.5140,3.3370,3.2710,40.1870,37.3570,37.4410),(2212,69,36864.00,1.2400,1.5280,2.8230,3.4900,3.8080,3.3880,3.2720,40.3170,37.6290,37.9760),(2213,69,40960.00,1.2690,1.6670,3.1710,4.0990,3.9620,3.5730,3.2760,40.4210,37.8420,38.4080),(2214,69,45056.00,1.2930,1.7910,3.3300,4.6380,4.3060,3.7180,3.2910,40.4200,37.8750,38.4070),(2215,69,49152.00,1.3070,1.8460,3.4590,4.9550,4.6820,3.8820,3.3270,40.4800,38.1580,38.4060),(2216,69,53248.00,1.3170,1.8630,3.5100,5.2370,4.9950,4.1230,3.4210,40.4920,38.3440,38.4060),(2217,69,57344.00,1.3230,1.8560,3.5140,5.4070,5.3770,4.3630,3.5290,41.0210,39.3110,38.4060),(2218,69,61440.00,1.3270,1.8460,3.5190,4.9310,5.6830,4.6000,3.6140,41.6710,41.7000,38.4050),(2219,69,65536.00,1.3330,1.8470,3.5340,3.8220,5.9460,4.8210,3.8940,42.0350,44.0290,38.4060),(2220,69,73728.00,1.3470,1.8680,3.5720,3.7100,6.2820,5.1710,4.2340,53.3310,50.6000,38.4080),(2221,69,81920.00,1.3600,1.8930,3.6290,3.7580,5.7070,5.5740,4.7360,60.3470,59.1320,38.4080),(2222,69,90112.00,1.3690,1.9120,3.6660,3.7980,5.7700,5.8440,5.1690,68.9700,64.9120,38.4910),(2223,69,98304.00,1.3730,1.9210,3.6890,3.8220,5.8700,5.7450,5.6260,75.0380,74.2230,38.6170),(2224,69,106496.00,1.3750,1.9280,3.7040,3.8380,5.9330,5.5050,6.0660,83.9130,83.0400,38.7390),(2225,69,114688.00,1.3760,1.9300,3.7120,3.8460,5.9610,5.5800,6.2430,93.5710,93.7040,39.2080),(2226,69,122880.00,1.3760,1.9310,3.7140,3.8480,5.9690,5.6810,5.9290,101.0700,99.6460,40.0760),(2227,69,131072.00,1.3760,1.9310,3.7140,3.8520,5.9760,5.7530,5.6190,106.7690,105.9940,41.3500),(2228,69,147456.00,1.3760,1.9310,3.7160,3.8520,5.9750,5.8780,5.7940,116.1580,115.3370,46.2010),(2229,69,163840.00,1.3760,1.9310,3.7160,3.8510,5.9750,5.9370,5.8720,119.7280,119.2280,53.3130),(2230,69,180224.00,1.3760,1.9310,3.7130,3.8500,5.9760,5.9650,5.9110,119.6730,119.4540,63.2600),(2231,69,196608.00,1.3760,1.9310,3.7120,3.8500,5.9730,5.9950,5.9630,119.6320,119.3540,71.5990),(2232,69,212992.00,1.3760,1.9300,3.7120,3.8510,5.9750,6.0220,5.9960,119.6290,119.3070,85.2220),(2233,69,229376.00,1.3760,1.9310,3.7130,3.8490,5.9750,6.0530,6.0380,119.6290,119.2320,92.4470),(2234,69,245760.00,1.3760,1.9300,3.7120,3.8500,5.9750,6.0790,6.0680,119.6040,119.1620,100.6340),(2235,69,262144.00,1.3770,1.9310,3.7130,3.8480,5.9740,6.1040,6.1020,119.5400,119.1000,107.9090),(2236,69,294912.00,1.3760,1.9330,3.7110,3.8480,5.9730,6.1410,6.1430,119.5050,119.0470,119.8500),(2237,69,327680.00,1.3760,1.9300,3.7120,3.8470,5.9670,6.1580,6.1520,119.4550,118.9570,123.0250),(2238,69,360448.00,1.3760,1.9310,3.7110,3.8490,5.9740,6.1650,6.1490,119.4440,118.9070,123.0820),(2239,69,393216.00,1.3760,1.9300,3.7130,3.8480,5.9730,6.1670,6.1520,119.4780,118.8430,123.1770),(2240,69,425984.00,1.3760,1.9300,3.7120,3.8460,5.9740,6.1720,6.1470,119.4460,118.8000,123.2460),(2241,69,458752.00,1.3760,1.9310,3.7140,3.8500,5.9740,6.1710,6.1510,119.4360,118.7790,123.2370),(2242,69,491520.00,1.3760,1.9300,3.7110,3.8480,5.9730,6.1710,6.1450,119.3580,118.7650,123.3040),(2243,69,524288.00,1.3760,1.9290,3.7120,3.8470,5.9740,6.1730,6.1480,119.3340,118.7230,123.3460),(2244,71,0.50,1.1540,1.1540,1.1540,1.1540,1.1540,1.1540,-1.0000,-1.0000,-1.0000,-1.0000),(2245,71,1.00,1.1540,1.1540,1.1540,1.1540,1.1540,1.1540,1.1540,-1.0000,-1.0000,-1.0000),(2246,71,2.00,1.1540,1.1540,1.1540,1.1540,1.1540,1.1540,1.1540,1.1540,-1.0000,-1.0000),(2247,71,3.00,1.1540,1.1540,1.1540,1.1540,1.1540,1.1540,1.1540,1.1540,-1.0000,-1.0000),(2248,71,4.00,1.1540,1.1540,1.1540,1.1540,1.1540,1.1540,1.1540,1.1540,1.1540,-1.0000),(2249,71,6.00,1.1540,1.1540,1.1540,1.1540,1.1540,1.1540,1.1540,1.1540,1.1540,-1.0000),(2250,71,8.00,1.1540,1.1540,1.1540,1.1540,1.1540,1.1540,1.1540,1.1540,1.1540,1.1540),(2251,71,10.00,1.1540,1.1540,1.1540,1.1540,1.1540,1.1540,1.1540,1.1540,1.1540,1.1540),(2252,71,12.00,1.1540,1.1540,1.1540,1.1540,1.1540,1.1540,1.1540,1.1540,1.1540,1.1540),(2253,71,14.00,1.1540,1.1540,1.1540,1.1540,1.1540,1.1540,1.1540,1.1540,1.1540,1.1540),(2254,71,15.99,1.1540,1.1540,1.1540,1.1540,1.1540,1.1540,1.1540,1.1540,1.1540,1.1540),(2255,71,18.00,1.1540,1.1540,1.1540,1.1540,1.1540,1.1540,1.1540,1.1540,1.1540,1.1540),(2256,71,20.00,1.1540,1.1540,1.1540,1.1540,1.1540,1.1540,1.1540,1.1540,1.1540,1.1540),(2257,71,22.00,1.1540,1.1540,1.1540,1.1540,1.1540,1.1540,1.1540,1.1540,1.1540,1.1540),(2258,71,24.00,1.1540,1.1540,1.1540,1.1540,1.1540,1.1540,1.1540,1.1540,1.1540,1.1540),(2259,71,26.00,1.1540,1.1540,1.1540,1.1540,1.1540,1.1540,1.5490,1.1540,1.1540,1.1540),(2260,71,28.00,1.1540,1.1540,1.1540,1.1540,1.1540,1.1540,1.7250,1.1540,1.1540,1.1540),(2261,71,30.00,1.1540,1.1540,1.1540,1.1540,1.1540,1.6240,2.5940,1.1540,1.1540,1.1540),(2262,71,32.00,1.1540,1.1540,1.1540,1.1540,1.7590,2.1530,2.7880,1.1540,1.1540,1.1540),(2263,71,36.00,1.1700,1.2070,1.6110,1.7220,2.0150,2.4960,2.8540,5.7720,1.7700,1.1540),(2264,71,40.00,1.1680,1.2100,1.6050,1.7140,2.0010,2.3620,2.6840,5.7720,4.5110,1.1540),(2265,71,44.00,1.1660,1.1970,1.6000,1.6910,1.9900,2.3530,2.7460,5.7720,5.7720,1.1540),(2266,71,48.01,1.1670,1.2020,1.5930,1.6870,1.9500,2.3450,2.6140,5.7720,5.7720,1.1540),(2267,71,52.00,1.1650,1.1910,1.5870,1.6770,1.9440,2.3390,2.6710,5.7720,5.7720,1.1540),(2268,71,56.00,1.1640,1.2000,1.5850,1.6740,1.9400,2.3330,2.5670,5.7720,5.7720,1.1540),(2269,71,60.00,1.1630,1.1860,1.5830,1.6600,1.9380,2.2620,2.4690,5.7720,5.7720,1.1540),(2270,71,64.00,1.1600,1.1840,1.5780,1.6590,1.9290,2.2550,2.4590,5.7720,5.7720,1.1540),(2271,71,72.00,1.1620,1.1900,1.5750,1.6520,1.9050,2.2550,2.4960,5.7720,5.7720,1.7700),(2272,71,79.99,1.1610,1.1860,1.5730,1.6420,1.9020,2.2010,2.3620,5.7720,5.7720,5.0190),(2273,71,88.00,1.1600,1.1840,1.5680,1.6380,1.8840,2.2060,2.3530,5.7720,5.7720,5.7720),(2274,71,96.00,1.1600,1.1810,1.5660,1.6310,1.8830,2.2110,2.3450,5.7720,5.7720,5.2080),(2275,71,104.00,1.1590,1.1790,1.5620,1.6310,1.8690,2.1720,2.3380,5.7720,5.7720,5.7720),(2276,71,112.01,1.1590,1.1770,1.5630,1.6290,1.8690,2.1780,2.3330,5.7720,5.7720,5.7720),(2277,71,120.00,1.1590,1.1760,1.5610,1.6240,1.8580,2.1470,2.2540,5.7720,5.7720,5.7720),(2278,71,128.00,1.1570,1.1690,1.5590,1.6220,1.8580,2.1420,2.2550,5.7720,5.7720,5.7720),(2279,71,143.99,1.1580,1.1720,1.5570,1.6170,1.8510,2.1350,2.2550,5.7720,5.7720,5.7720),(2280,71,160.00,1.1580,1.1710,1.5550,1.6130,1.8440,2.1200,2.2010,5.7720,5.7720,5.7720),(2281,71,176.01,1.1570,1.1690,1.5530,1.6110,1.8390,2.1320,2.2060,5.7720,5.7720,5.7720),(2282,71,192.00,1.1570,1.1650,1.5540,1.7880,1.8400,2.1210,2.2130,5.7720,5.7720,5.7720),(2283,71,207.99,1.1580,1.1680,1.5520,1.7660,1.8360,2.1210,2.1940,5.7720,5.7720,5.7720),(2284,71,224.00,1.1570,1.1670,1.5510,1.7640,1.8420,2.1110,2.1990,5.7720,5.7720,5.7720),(2285,71,240.01,1.1570,1.1660,1.5510,1.7610,1.9520,2.1030,2.1660,5.7720,5.7720,5.7720),(2286,71,256.00,1.1560,1.1630,1.5500,1.7800,1.8310,2.1040,2.1580,5.7720,5.7720,5.7720),(2287,71,288.00,1.1570,1.1640,1.5480,1.7600,1.8320,2.0980,2.1510,5.7720,5.7720,5.7720),(2288,71,320.00,1.1560,1.1610,1.5480,1.7760,1.8230,2.0870,2.1350,5.7720,5.7720,5.7720),(2289,71,352.00,1.1560,1.1630,1.5470,1.7410,1.8260,2.0900,2.1370,5.7720,5.7720,5.7720),(2290,71,384.00,1.1560,1.1600,1.5470,1.7730,1.8190,2.0790,2.1220,5.7720,5.7720,5.7720),(2291,71,416.00,1.1570,1.1620,1.5460,1.7480,1.8240,2.0820,2.1210,5.7720,5.7720,5.7720),(2292,71,448.00,1.1560,1.1600,1.5460,1.7710,1.8160,2.0740,2.1080,5.7730,5.7730,5.7730),(2293,71,480.00,1.1650,1.1610,1.5460,1.7600,1.8190,2.0740,2.1030,5.7740,5.7730,5.7730),(2294,71,512.00,1.1670,1.1740,1.5620,1.7450,1.8640,2.0710,2.1050,5.7750,5.7740,5.7730),(2295,71,576.00,1.1620,1.2190,2.2270,2.3030,3.5420,3.5500,3.8440,39.3080,36.5340,36.5310),(2296,71,640.00,1.1600,1.2180,2.2250,2.2940,3.5280,3.5150,3.7780,39.3090,36.5340,36.5310),(2297,71,704.00,1.1600,1.2170,2.2230,2.2870,3.5140,3.4880,3.7240,39.3080,36.5340,36.5320),(2298,71,768.00,1.1590,1.2160,2.2210,2.2800,3.5020,3.4650,3.6770,39.3080,36.5340,36.5320),(2299,71,832.00,1.1590,1.2150,2.2200,2.2750,3.4920,3.4460,3.6390,39.3080,36.5340,36.5320),(2300,71,896.00,1.1590,1.2150,2.2190,2.2700,3.4840,3.4290,3.6060,39.3060,36.5340,36.5310),(2301,71,960.00,1.1580,1.2140,2.2170,2.2660,3.4760,3.4140,3.5770,39.3090,36.5340,36.5320),(2302,71,1024.00,1.1580,1.2140,2.2170,2.2630,3.4700,3.4020,3.5530,39.3090,36.5340,36.5320),(2303,71,1152.00,1.1580,1.2130,2.2150,2.2570,3.4590,3.3810,3.5100,39.3090,36.5340,36.5310),(2304,71,1280.00,1.1570,1.2120,2.2140,2.2530,3.4510,3.3640,3.4770,39.3080,36.5340,36.5320),(2305,71,1408.00,1.1570,1.2120,2.2130,2.2490,3.4430,3.3510,3.4500,39.3090,36.5340,36.5310),(2306,71,1536.00,1.1570,1.2110,2.2120,2.2460,3.4370,3.3390,3.4270,39.3100,36.5330,36.5320),(2307,71,1664.00,1.1570,1.2110,2.2110,2.2430,3.4320,3.3290,3.4080,39.3100,36.5330,36.5320),(2308,71,1792.00,1.1570,1.2110,2.2110,2.2410,3.4280,3.3210,3.3920,39.3080,36.5340,36.5320),(2309,71,1920.00,1.1570,1.2110,2.2100,2.2390,3.4240,3.3140,3.3770,39.3080,36.5340,36.5320),(2310,71,2048.00,1.1570,1.2100,2.2100,2.2370,3.4210,3.3070,3.3650,39.3090,36.5340,36.5310),(2311,71,2304.00,1.1560,1.2100,2.2090,2.2340,3.4150,3.2970,3.3440,39.3110,36.5340,36.5320),(2312,71,2560.00,1.1560,1.2100,2.2080,2.2320,3.4110,3.2880,3.3270,39.3060,36.5340,36.5310),(2313,71,2816.00,1.1560,1.2090,2.2070,2.2300,3.4080,3.2820,3.3130,39.3100,36.5340,36.5310),(2314,71,3072.00,1.1560,1.2090,2.2070,2.2280,3.4050,3.2760,3.3020,39.3070,36.5340,36.5320),(2315,71,3328.00,1.1560,1.2090,2.2070,2.2270,3.4030,3.2710,3.2930,39.3090,36.5340,36.5320),(2316,71,3584.00,1.1560,1.2090,2.2070,2.2250,3.4000,3.2670,3.2850,39.3080,36.5320,36.5330),(2317,71,3840.00,1.1560,1.2090,2.2060,2.2250,3.3990,3.2630,3.2770,39.3120,36.5330,36.5320),(2318,71,4096.00,1.1560,1.2090,2.2060,2.2240,3.3970,3.2600,3.2710,39.3120,36.5340,36.5330),(2319,71,4608.00,1.1560,1.2080,2.2060,2.2220,3.3950,3.2560,3.2620,39.3700,36.6470,36.7520),(2320,71,5120.00,1.1560,1.2080,2.2060,2.2210,3.3930,3.2520,3.2530,39.3690,36.6470,36.7520),(2321,71,5632.00,1.1560,1.2070,2.2050,2.2200,3.3910,3.2490,3.2470,39.3700,36.6480,36.7520),(2322,71,6144.00,1.1560,1.2070,2.2050,2.2190,3.3890,3.2460,3.2410,39.3700,36.6480,36.7520),(2323,71,6656.00,1.1560,1.2070,2.2050,2.2190,3.3880,3.2430,3.2370,39.3700,36.6480,36.7510),(2324,71,7168.00,1.1560,1.2070,2.2050,2.2180,3.3870,3.2420,3.2320,39.3690,36.6490,36.7520),(2325,71,7680.00,1.1560,1.2070,2.2050,2.2180,3.3860,3.2390,3.2280,39.3680,36.6480,36.7530),(2326,71,8192.00,1.1560,1.2070,2.2040,2.2170,3.3850,3.2380,3.2250,39.3710,36.6480,36.7510),(2327,71,9216.00,1.1550,1.2070,2.2040,2.2170,3.3840,3.2350,3.2200,39.3670,36.6470,36.7510),(2328,71,10240.00,1.1550,1.2070,2.2040,2.2160,3.3830,3.2330,3.2160,39.3680,36.6470,36.7510),(2329,71,11264.00,1.1550,1.2070,2.2040,2.2150,3.3820,3.2320,3.2130,39.3700,36.6470,36.7520),(2330,71,12288.00,1.1550,1.2070,2.2040,2.2150,3.3810,3.2300,3.2100,39.3670,36.6480,36.7510),(2331,71,13312.00,1.1550,1.2070,2.2040,2.2140,3.3810,3.2290,3.2070,39.3690,36.6470,36.7520),(2332,71,14336.00,1.1550,1.2070,2.2040,2.2140,3.3800,3.2280,3.2050,39.3710,36.6460,36.7510),(2333,71,15360.00,1.1550,1.2060,2.2040,2.2140,3.3800,3.2270,3.2030,39.3670,36.6470,36.7510),(2334,71,16384.00,1.1550,1.2060,2.2040,2.2130,3.3790,3.2260,3.2020,39.3710,36.6470,36.7520),(2335,71,18432.00,1.1550,1.2060,2.2030,2.2160,3.3790,3.2250,3.1990,39.3690,36.6470,36.7520),(2336,71,20480.00,1.1550,1.2060,2.2030,2.2150,3.3820,3.2240,3.1970,39.3710,36.6470,36.7530),(2337,71,22528.00,1.1550,1.2060,2.2030,2.2170,3.4130,3.2230,3.1950,39.3690,36.6470,36.7510),(2338,71,24576.00,1.1550,1.2060,2.2080,2.2230,3.4270,3.2220,3.1940,39.3670,36.6480,36.7520),(2339,71,26624.00,1.1560,1.2060,2.2200,2.2220,3.4730,3.2210,3.1930,39.3700,36.6490,36.7520),(2340,71,28672.00,1.1580,1.2080,2.2300,2.2260,3.4990,3.2230,3.1920,39.3680,36.6490,36.7520),(2341,71,30720.00,1.1590,1.2120,2.3110,2.2490,3.5120,3.2380,3.1980,39.3740,36.6500,36.7550),(2342,71,32768.00,1.1620,1.2280,2.3670,2.3480,3.5420,3.2460,3.2140,39.3700,36.6500,36.7570),(2343,71,36864.00,1.1710,1.2740,2.4850,2.5440,3.6800,3.2820,3.2380,39.4990,36.8970,37.2560),(2344,71,40960.00,1.1850,1.3390,2.6360,2.9710,3.8590,3.4080,3.4310,39.5990,37.1260,37.6610),(2345,71,45056.00,1.2000,1.4760,2.7590,3.6070,3.9910,3.5790,3.6530,39.6260,37.1560,37.6590),(2346,71,49152.00,1.2230,1.5800,2.9570,4.0980,4.2790,3.8940,3.8670,39.7600,37.1940,37.6590),(2347,71,53248.00,1.2370,1.6660,3.0800,4.5440,4.6050,4.2290,4.1530,40.1110,37.8010,37.6580),(2348,71,57344.00,1.2450,1.7030,3.1950,4.8280,4.8910,4.4890,4.4090,41.1120,38.3680,37.6580),(2349,71,61440.00,1.2530,1.7170,3.2380,4.9280,5.1570,4.7610,4.6380,42.5770,40.0880,37.6580),(2350,71,65536.00,1.2590,1.7310,3.2710,4.8660,5.4560,5.0360,4.8720,44.7480,41.4510,37.6570),(2351,71,73728.00,1.2760,1.7630,3.3340,4.3480,6.0520,5.5590,5.3230,50.8440,48.9040,37.6570),(2352,71,81920.00,1.2900,1.7990,3.4160,3.8770,6.2900,5.9350,5.7290,60.0880,57.9460,37.6860),(2353,71,90112.00,1.3020,1.8350,3.4860,3.7010,5.7840,6.2370,6.0690,68.9600,66.3650,38.0310),(2354,71,98304.00,1.3100,1.8590,3.5400,3.7480,5.7140,5.9060,6.1550,78.9640,75.2590,39.0490),(2355,71,106496.00,1.3160,1.8770,3.5770,3.7880,5.8080,5.8480,5.9690,86.1230,83.9930,40.1290),(2356,71,114688.00,1.3200,1.8850,3.6000,3.8130,5.8700,5.7320,5.6390,93.1340,91.1420,40.2960),(2357,71,122880.00,1.3210,1.8900,3.6120,3.8270,5.9010,5.8190,5.7300,99.7820,99.4960,42.1830),(2358,71,131072.00,1.3220,1.8920,3.6190,3.8340,5.9290,5.8720,5.8010,106.4440,105.2840,43.7710),(2359,71,147456.00,1.3220,1.8950,3.6230,3.8380,5.9410,5.9460,5.9020,113.4920,113.1700,49.7520),(2360,71,163840.00,1.3220,1.8950,3.6230,3.8390,5.9420,5.9880,5.9490,117.1060,116.5860,56.8180),(2361,71,180224.00,1.3220,1.8950,3.6230,3.8390,5.9430,6.0040,5.9910,118.5830,119.1680,64.9420),(2362,71,196608.00,1.3220,1.8950,3.6230,3.8380,5.9420,6.0130,5.9930,119.3420,119.7720,74.0000),(2363,71,212992.00,1.3220,1.8950,3.6240,3.8390,5.9420,6.0240,5.9980,118.9110,119.7530,83.3960),(2364,71,229376.00,1.3220,1.8950,3.6230,3.8380,5.9420,6.0340,6.0070,119.6510,119.7600,91.2940),(2365,71,245760.00,1.3220,1.8950,3.6230,3.8380,5.9430,6.0480,6.0140,119.6540,119.7570,98.2520),(2366,71,262144.00,1.3230,1.8960,3.6230,3.8370,5.9410,6.0640,6.0290,119.6520,119.7620,105.4180),(2367,71,294912.00,1.3220,1.8950,3.6230,3.8380,5.9390,6.0920,6.0540,119.6160,119.7600,113.1740),(2368,71,327680.00,1.3230,1.8950,3.6240,3.8380,5.9400,6.1240,6.0880,119.6180,119.7610,117.5420),(2369,71,360448.00,1.3220,1.8960,3.6210,3.8370,5.9390,6.1550,6.1250,119.6230,119.7520,118.9500),(2370,71,393216.00,1.3220,1.8950,3.6230,3.8360,5.9400,6.1810,6.1580,119.6020,119.7640,119.6140),(2371,71,425984.00,1.3220,1.8950,3.6220,3.8360,5.9400,6.1940,6.1820,119.6320,119.7590,119.8610),(2372,71,458752.00,1.3220,1.8960,3.6210,3.8370,5.9410,6.2110,6.2060,119.6220,119.7850,119.8380),(2373,71,491520.00,1.3220,1.8950,3.6230,3.8350,5.9400,6.2210,6.2170,119.6490,119.7510,119.8560),(2374,71,524288.00,1.3220,1.8950,3.6220,3.8370,5.9400,6.2270,6.2310,119.6370,119.7720,119.7920),(2375,73,0.50,1.2000,1.2010,1.2010,1.2010,1.2010,1.2010,-1.0000,-1.0000,-1.0000,-1.0000),(2376,73,1.00,1.2000,1.2010,1.2010,1.2010,1.2000,1.2000,1.2000,-1.0000,-1.0000,-1.0000),(2377,73,2.00,1.2000,1.2010,1.2010,1.2010,1.2000,1.2010,1.2000,1.2000,-1.0000,-1.0000),(2378,73,3.00,1.2010,1.2010,1.2000,1.2000,1.2010,1.2010,1.2010,1.2010,-1.0000,-1.0000),(2379,73,4.00,1.2000,1.2010,1.2010,1.2010,1.2010,1.2010,1.2010,1.2010,1.2000,-1.0000),(2380,73,6.00,1.2000,1.2010,1.2000,1.2000,1.2000,1.2000,1.2010,1.2010,1.2010,-1.0000),(2381,73,8.00,1.2000,1.2000,1.2000,1.2000,1.2010,1.2000,1.2000,1.2000,1.2010,1.2000),(2382,73,10.00,1.2000,1.2010,1.2010,1.2010,1.2010,1.2010,1.2010,1.2000,1.2010,1.2000),(2383,73,12.00,1.2000,1.2010,1.2010,1.2010,1.2010,1.2010,1.2000,1.2000,1.2010,1.2000),(2384,73,14.00,1.2010,1.2010,1.2010,1.2010,1.2000,1.2000,1.2010,1.2000,1.2010,1.2010),(2385,73,15.99,1.2010,1.2010,1.2010,1.2010,1.2010,1.2000,1.2000,1.2000,1.2000,1.2000),(2386,73,18.00,1.2000,1.2010,1.2010,1.2010,1.2010,1.2010,1.2010,1.2010,1.2010,1.2000),(2387,73,20.00,1.2000,1.2010,1.2010,1.2010,1.2010,1.2010,1.2010,1.2010,1.2010,1.2010),(2388,73,22.00,1.2010,1.2010,1.2010,1.2010,1.2000,1.2010,1.2010,1.2000,1.2010,1.2010),(2389,73,24.00,1.2010,1.2010,1.2010,1.2010,1.2010,1.2010,1.2010,1.2010,1.2010,1.2010),(2390,73,26.00,1.2010,1.2010,1.2010,1.2010,1.2010,1.2010,1.6270,1.2010,1.2010,1.2000),(2391,73,28.00,1.2010,1.2010,1.2010,1.2010,1.2010,1.2010,1.9260,1.2010,1.2010,1.2000),(2392,73,30.00,1.2000,1.2010,1.2010,1.2010,1.2010,1.5870,2.6730,1.2000,1.2000,1.2000),(2393,73,32.00,1.2010,1.2010,1.2010,1.2010,1.8290,2.2380,2.9020,1.2010,1.2010,1.2000),(2394,73,36.00,1.2170,1.2580,1.6980,1.6980,2.0960,2.5950,2.9680,6.0030,1.8410,1.2000),(2395,73,40.00,1.2150,1.2610,1.6910,1.6910,2.2160,2.4560,2.7910,6.0030,5.1310,1.2000),(2396,73,44.00,1.2140,1.2470,1.6860,1.6860,2.0690,2.4460,2.8560,6.0030,6.0030,1.2010),(2397,73,48.01,1.2130,1.2540,1.6790,1.6790,2.1890,2.4380,2.7180,6.0030,6.0020,1.2010),(2398,73,52.00,1.2120,1.2400,1.6730,1.6730,2.2380,2.4320,2.7780,6.0030,6.0030,1.2010),(2399,73,56.00,1.2110,1.2510,1.6700,1.6700,2.0180,2.4260,2.6690,6.0030,6.0020,1.2000),(2400,73,60.00,1.2100,1.2350,1.6670,1.6670,2.0170,2.3520,2.5680,6.0030,6.0020,1.2010),(2401,73,64.00,1.2060,1.2330,1.6630,1.6630,2.0070,2.3450,2.5570,6.0030,6.0030,1.2010),(2402,73,72.00,1.2080,1.2400,1.6600,1.6600,1.9840,2.3450,2.5950,6.0030,6.0020,1.8410),(2403,73,79.99,1.2080,1.2360,1.6580,1.6580,1.9800,2.2880,2.4560,6.0030,6.0020,4.4340),(2404,73,88.00,1.2070,1.2330,1.6520,1.6520,1.9600,2.2940,2.4460,6.0030,6.0030,6.0020),(2405,73,96.00,1.2060,1.2300,1.6510,1.6510,1.9590,2.2990,2.4380,6.0030,6.0030,6.0030),(2406,73,104.00,1.2060,1.2280,1.6470,1.6470,1.9440,2.2580,2.4320,6.0020,6.0020,6.0030),(2407,73,112.01,1.2060,1.2260,1.6470,1.6470,1.9440,2.2650,2.4260,6.0030,6.0030,6.0020),(2408,73,120.00,1.2050,1.2240,1.6450,1.6450,1.9320,2.2320,2.3440,6.0030,6.0030,6.0020),(2409,73,128.00,1.2030,1.2170,1.6440,1.6440,2.0020,2.2270,2.3450,6.0030,6.0030,6.0030),(2410,73,143.99,1.2050,1.2200,1.6420,1.6420,1.9250,2.2200,2.3450,6.0030,6.0020,6.0030),(2411,73,160.00,1.2040,1.2180,1.6390,1.6390,1.9180,2.2040,2.2880,6.0030,6.0030,6.0020),(2412,73,176.01,1.2040,1.2170,1.6370,1.6370,1.9130,2.2180,2.2940,6.0030,6.0030,6.0020),(2413,73,192.00,1.2030,1.2120,1.6380,1.6380,1.9360,2.2060,2.3050,6.0030,6.0020,6.0020),(2414,73,207.99,1.2040,1.2150,1.6370,1.6370,1.9120,2.2080,2.2820,6.0020,6.0030,6.0020),(2415,73,224.00,1.2040,1.2140,1.6360,1.6360,1.9110,2.1980,2.2870,6.0030,6.0020,6.0020),(2416,73,240.01,1.2030,1.2130,1.6350,1.6350,1.9050,2.1890,2.2520,6.0030,6.0030,6.0020),(2417,73,256.00,1.2030,1.2100,1.6340,1.6340,1.9020,2.1910,2.2440,6.0030,6.0030,6.0030),(2418,73,288.00,1.2030,1.2110,1.6320,1.6320,1.9050,2.1830,2.0740,6.0030,6.0030,6.0020),(2419,73,320.00,1.2020,1.2080,1.6320,1.6320,1.9110,2.1710,2.0270,6.0030,6.0030,6.0030),(2420,73,352.00,1.2030,1.2090,1.6310,1.6310,1.8980,2.0310,2.2260,6.0030,6.0030,6.0030),(2421,73,384.00,1.2020,1.2070,1.6310,1.6310,1.8920,1.9950,2.2090,6.0030,6.0030,6.0030),(2422,73,416.00,1.2030,1.2080,1.6300,1.6300,1.8930,2.1490,2.2060,6.0030,6.0030,6.0030),(2423,73,448.00,1.2020,1.2060,1.6300,1.6300,1.8880,2.1560,2.1920,6.0030,6.0030,6.0030),(2424,73,480.00,1.2110,1.2070,1.6300,1.6300,1.8910,2.1570,2.1890,6.0040,6.0030,6.0030),(2425,73,512.00,1.2130,1.2200,1.6460,1.6460,1.8870,2.1530,2.1900,6.0050,6.0040,6.0030),(2426,73,576.00,1.2080,1.2270,2.2750,2.2750,3.5960,3.6170,3.9180,40.1300,37.2570,37.2570),(2427,73,640.00,1.2060,1.2260,2.2720,2.2720,3.5790,3.5830,3.8500,40.1300,37.2560,37.2560),(2428,73,704.00,1.2050,1.2240,2.2700,2.2700,3.5650,3.5550,3.7950,40.1300,37.2570,37.2550),(2429,73,768.00,1.2050,1.2240,2.2690,2.2690,3.5540,3.5320,3.7490,40.1290,37.2570,37.2560),(2430,73,832.00,1.2050,1.2230,2.2670,2.2670,3.5440,3.5120,3.7080,40.1310,37.2570,37.2570),(2431,73,896.00,1.2050,1.2220,2.2660,2.2660,3.5350,3.4960,3.6750,40.1290,37.2570,37.2560),(2432,73,960.00,1.2040,1.2220,2.2650,2.2650,3.5280,3.4810,3.6460,40.1310,37.2570,37.2560),(2433,73,1024.00,1.2040,1.2210,2.2640,2.2640,3.5210,3.4680,3.6210,40.1300,37.2560,37.2560),(2434,73,1152.00,1.2040,1.2200,2.2620,2.2620,3.5100,3.4470,3.5780,40.1300,37.2560,37.2570),(2435,73,1280.00,1.2030,1.2200,2.2610,2.2610,3.5020,3.4300,3.5440,40.1300,37.2560,37.2570),(2436,73,1408.00,1.2030,1.2190,2.2600,2.2600,3.4950,3.4160,3.5170,40.1310,37.2570,37.2560),(2437,73,1536.00,1.2030,1.2190,2.2590,2.2590,3.4890,3.4050,3.4930,40.1300,37.2570,37.2560),(2438,73,1664.00,1.2030,1.2180,2.2580,2.2580,3.4850,3.3950,3.4730,40.1310,37.2570,37.2560),(2439,73,1792.00,1.2030,1.2180,2.2570,2.2570,3.4800,3.3870,3.4570,40.1300,37.2570,37.2550),(2440,73,1920.00,1.2030,1.2180,2.2570,2.2570,3.4770,3.3800,3.4420,40.1300,37.2570,37.2560),(2441,73,2048.00,1.2020,1.2170,2.2560,2.2560,3.4730,3.3730,3.4300,40.1310,37.2580,37.2560),(2442,73,2304.00,1.2020,1.2170,2.2560,2.2560,3.4680,3.3630,3.4090,40.1310,37.2570,37.2570),(2443,73,2560.00,1.2020,1.2170,2.2550,2.2550,3.4630,3.3530,3.3920,40.1300,37.2570,37.2560),(2444,73,2816.00,1.2020,1.2170,2.2540,2.2540,3.4600,3.3460,3.3770,40.1310,37.2570,37.2560),(2445,73,3072.00,1.2020,1.2160,2.2540,2.2540,3.4570,3.3410,3.3660,40.1300,37.2570,37.2560),(2446,73,3328.00,1.2020,1.2160,2.2540,2.2540,3.4540,3.3360,3.3560,40.1310,37.2580,37.2560),(2447,73,3584.00,1.2020,1.2160,2.2530,2.2530,3.4520,3.3320,3.3480,40.1310,37.2570,37.2570),(2448,73,3840.00,1.2020,1.2160,2.2530,2.2530,3.4500,3.3280,3.3410,40.1310,37.2580,37.2560),(2449,73,4096.00,1.2020,1.2160,2.2530,2.2530,3.4490,3.3250,3.3350,40.1310,37.2570,37.2560),(2450,73,4608.00,1.2020,1.2160,2.2530,2.2530,3.4460,3.3210,3.3260,40.1780,37.3500,37.4320),(2451,73,5120.00,1.2020,1.2160,2.2520,2.2520,3.4440,3.3170,3.3170,40.1780,37.3490,37.4330),(2452,73,5632.00,1.2020,1.2150,2.2520,2.2520,3.4430,3.3140,3.3100,40.1790,37.3490,37.4340),(2453,73,6144.00,1.2020,1.2150,2.2520,2.2520,3.4410,3.3110,3.3040,40.1780,37.3490,37.4340),(2454,73,6656.00,1.2020,1.2150,2.2520,2.2520,3.4400,3.3080,3.3000,40.1780,37.3490,37.4330),(2455,73,7168.00,1.2020,1.2150,2.2510,2.2510,3.4380,3.3060,3.2950,40.1780,37.3500,37.4340),(2456,73,7680.00,1.2020,1.2150,2.2510,2.2510,3.4380,3.3040,3.2920,40.1780,37.3490,37.4340),(2457,73,8192.00,1.2010,1.2150,2.2510,2.2510,3.4370,3.3020,3.2890,40.1770,37.3490,37.4350),(2458,73,9216.00,1.2010,1.2150,2.2510,2.2510,3.4360,3.3000,3.2830,40.1770,37.3500,37.4340),(2459,73,10240.00,1.2010,1.2150,2.2510,2.2510,3.4350,3.2980,3.2790,40.1770,37.3490,37.4330),(2460,73,11264.00,1.2010,1.2150,2.2510,2.2510,3.4330,3.2960,3.2750,40.1780,37.3500,37.4330),(2461,73,12288.00,1.2010,1.2150,2.2510,2.2510,3.4330,3.2940,3.2730,40.1780,37.3500,37.4350),(2462,73,13312.00,1.2010,1.2150,2.2500,2.2500,3.4320,3.2930,3.2700,40.1780,37.3490,37.4350),(2463,73,14336.00,1.2010,1.2150,2.2500,2.2500,3.4320,3.2920,3.2680,40.1780,37.3490,37.4330),(2464,73,15360.00,1.2010,1.2150,2.2500,2.2500,3.4310,3.2910,3.2660,40.1790,37.3490,37.4330),(2465,73,16384.00,1.2010,1.2150,2.2500,2.2500,3.4310,3.2900,3.2650,40.1770,37.3500,37.4330),(2466,73,18432.00,1.2010,1.2150,2.2500,2.2500,3.4300,3.2890,3.2620,40.1790,37.3500,37.4340),(2467,73,20480.00,1.2010,1.2140,2.2500,2.2500,3.4290,3.2880,3.2600,40.1770,37.3490,37.4330),(2468,73,22528.00,1.2010,1.2180,2.2510,2.2510,3.4310,3.2870,3.2580,40.1770,37.3490,37.4340),(2469,73,24576.00,1.2010,1.2260,2.2560,2.2560,3.4300,3.2860,3.2570,40.1780,37.3490,37.4340),(2470,73,26624.00,1.2030,1.2310,2.2630,2.2630,3.4410,3.2860,3.2550,40.1770,37.3500,37.4340),(2471,73,28672.00,1.2020,1.2320,2.2830,2.2830,3.4600,3.3040,3.2780,40.1810,37.3510,37.4360),(2472,73,30720.00,1.2040,1.2410,2.3250,2.3250,3.4890,3.3210,3.2710,40.1820,37.3510,37.4350),(2473,73,32768.00,1.2060,1.2690,2.3390,2.3390,3.5320,3.3620,3.3360,40.1810,37.3510,37.4350),(2474,73,36864.00,1.2140,1.3090,2.4600,2.4600,3.6540,3.4610,3.4070,40.3220,37.6210,37.9700),(2475,73,40960.00,1.2280,1.3830,2.5950,2.5950,3.8810,3.6260,3.5280,40.6120,38.1060,38.4020),(2476,73,45056.00,1.2390,1.4500,2.7210,2.7210,4.1190,3.8120,3.6980,40.8130,38.2790,38.4020),(2477,73,49152.00,1.2520,1.5100,2.7980,2.7980,4.2910,3.9700,3.8610,41.4180,38.8930,38.4010),(2478,73,53248.00,1.2590,1.5710,2.9230,2.9230,4.6060,4.2050,4.0920,42.0120,39.2790,38.4010),(2479,73,57344.00,1.2720,1.6300,3.0330,3.0330,4.9320,4.4910,4.3560,44.0810,41.6070,38.4000),(2480,73,61440.00,1.2850,1.6720,3.1180,3.1180,5.2240,4.7030,4.5730,45.7350,43.4400,38.4000),(2481,73,65536.00,1.2960,1.7030,3.2100,3.2100,5.5570,5.0140,4.8230,48.8790,44.5650,38.4000),(2482,73,73728.00,1.3130,1.7500,3.3300,3.3300,6.1160,5.5400,5.3370,53.2270,51.6370,38.4000),(2483,73,81920.00,1.3310,1.7930,3.4270,3.4270,6.3400,5.9410,5.7210,59.9720,58.1460,38.3980),(2484,73,90112.00,1.3460,1.8330,3.5060,3.5060,5.6210,6.1100,6.0520,67.8820,66.7710,38.4110),(2485,73,98304.00,1.3580,1.8630,3.5660,3.5660,5.6990,6.2440,6.1870,77.5270,74.6790,38.7280),(2486,73,106496.00,1.3650,1.8820,3.6060,3.6060,5.7920,5.7230,5.9510,85.3160,86.3130,39.0310),(2487,73,114688.00,1.3700,1.8950,3.6320,3.6320,5.8540,5.7190,5.6010,93.3000,92.7960,40.1800),(2488,73,122880.00,1.3720,1.8990,3.6450,3.6450,5.8920,5.7910,5.6880,99.4020,99.6930,40.8950),(2489,73,131072.00,1.3730,1.9020,3.6500,3.6500,5.9090,5.8370,5.7440,104.8470,105.2570,42.9230),(2490,73,147456.00,1.3740,1.9050,3.6520,3.6520,5.9160,5.9210,5.8460,113.5210,114.7980,47.8720),(2491,73,163840.00,1.3740,1.9040,3.6520,3.6520,5.9160,5.9450,5.8760,116.8940,117.6010,55.2310),(2492,73,180224.00,1.3740,1.9040,3.6520,3.6520,5.9170,5.9600,5.8910,118.3630,119.3810,65.7080),(2493,73,196608.00,1.3740,1.9040,3.6520,3.6520,5.9150,5.9620,5.8880,118.4010,119.2930,74.2900),(2494,73,212992.00,1.3740,1.9040,3.6510,3.6510,5.9160,5.9690,5.8880,118.3740,119.2740,83.2290),(2495,73,229376.00,1.3740,1.9040,3.6520,3.6520,5.9150,5.9770,5.8930,118.3870,119.1930,92.4440),(2496,73,245760.00,1.3740,1.9040,3.6510,3.6510,5.9160,5.9910,5.8920,118.3540,119.1700,99.9490),(2497,73,262144.00,1.3740,1.9030,3.6500,3.6500,5.9160,5.9990,5.9020,118.3690,119.1160,106.4960),(2498,73,294912.00,1.3740,1.9030,3.6510,3.6510,5.9160,6.0240,5.9180,118.3340,119.0430,113.8090),(2499,73,327680.00,1.3740,1.9030,3.6500,3.6500,5.9150,6.0460,5.9370,118.3350,118.9320,118.0290),(2500,73,360448.00,1.3740,1.9040,3.6490,3.6490,5.9160,6.0730,5.9630,118.3260,118.8950,118.6530),(2501,73,393216.00,1.3740,1.9030,3.6500,3.6500,5.9150,6.0930,5.9890,118.3260,118.8640,118.5070),(2502,73,425984.00,1.3740,1.9030,3.6490,3.6490,5.9170,6.1100,6.0120,118.3080,118.8150,118.6240),(2503,73,458752.00,1.3740,1.9040,3.6490,3.6490,5.9170,6.1200,6.0290,118.3190,118.7910,118.4840),(2504,73,491520.00,1.3740,1.9040,3.6500,3.6500,5.9150,6.1290,6.0400,118.2940,118.7580,118.5790),(2505,73,524288.00,1.3740,1.9030,3.6510,3.6510,5.9150,6.1330,6.0520,118.3110,118.7480,118.4840),(2506,76,0.50,1.1540,1.1540,1.1540,1.1540,1.1540,1.1540,-1.0000,-1.0000,-1.0000,-1.0000),(2507,76,1.00,1.1540,1.1540,1.1540,1.1540,1.1540,1.1540,1.1540,-1.0000,-1.0000,-1.0000),(2508,76,2.00,1.1540,1.1540,1.1540,1.1540,1.1540,1.1540,1.1540,1.1540,-1.0000,-1.0000),(2509,76,3.00,1.1540,1.1540,1.1540,1.1540,1.1540,1.1540,1.1540,1.1540,-1.0000,-1.0000),(2510,76,4.00,1.1540,1.1540,1.1540,1.1540,1.1540,1.1540,1.1540,1.1540,1.1540,-1.0000),(2511,76,6.00,1.1540,1.1540,1.1540,1.1540,1.1540,1.1540,1.1540,1.1540,1.1540,-1.0000),(2512,76,8.00,1.1540,1.1540,1.1540,1.1540,1.1540,1.1540,1.1540,1.1540,1.1540,1.1540),(2513,76,10.00,1.1540,1.1540,1.1540,1.1540,1.1540,1.1540,1.1540,1.1540,1.1540,1.1540),(2514,76,12.00,1.1540,1.1540,1.1540,1.1540,1.1540,1.1540,1.1540,1.1540,1.1540,1.1540),(2515,76,14.00,1.1540,1.1540,1.1540,1.1540,1.1540,1.1540,1.1540,1.1540,1.1540,1.1540),(2516,76,15.99,1.1540,1.1540,1.1540,1.1540,1.1540,1.1540,1.1540,1.1540,1.1540,1.1540),(2517,76,18.00,1.1540,1.1540,1.1540,1.1540,1.1540,1.1540,1.1540,1.1540,1.1540,1.1540),(2518,76,20.00,1.1540,1.1540,1.1540,1.1540,1.1540,1.1540,1.1540,1.1540,1.1540,1.1540),(2519,76,22.00,1.1540,1.1540,1.1540,1.1540,1.1540,1.1540,1.1540,1.1540,1.1540,1.1540),(2520,76,24.00,1.1540,1.1540,1.1540,1.1540,1.1540,1.1540,1.1540,1.1540,1.1540,1.1540),(2521,76,26.00,1.1540,1.1540,1.1540,1.1540,1.1540,1.1540,1.1540,1.1540,1.1540,1.1540),(2522,76,28.00,1.1540,1.1540,1.1540,1.1540,1.1540,1.1540,1.1540,1.1540,1.1540,1.1540),(2523,76,30.00,1.1540,1.1540,1.1540,1.1540,1.1540,1.1540,1.1540,1.1540,1.1540,1.1540),(2524,76,32.00,1.1540,1.1540,1.1540,1.1540,1.1540,1.1540,1.1540,1.1540,1.1540,1.1540),(2525,76,36.00,1.1680,1.2120,1.6110,1.9000,2.0440,2.2450,2.4760,5.7710,1.7700,1.1540),(2526,76,40.00,1.1660,1.2070,1.6090,1.8940,2.0220,2.4050,2.7720,5.7720,5.7720,1.1540),(2527,76,44.00,1.1650,1.2020,1.6040,1.8790,1.9920,2.4220,2.8600,5.7720,5.7720,1.1540),(2528,76,48.01,1.1640,1.1980,1.5980,1.8680,1.9900,2.3970,2.7660,5.7720,5.7720,1.1540),(2529,76,52.00,1.1640,1.1950,1.5930,1.8660,1.9650,2.3860,2.6790,5.7720,5.7720,1.1540),(2530,76,56.00,1.1630,1.1920,1.5870,1.8570,1.9550,2.3120,2.6520,5.7710,5.7720,1.1540),(2531,76,60.00,1.1620,1.1890,1.5850,1.8480,1.9500,2.2830,2.6230,5.7720,5.7720,1.1540),(2532,76,64.00,1.1620,1.1870,1.5810,1.8380,1.9270,2.3030,2.5790,5.7720,5.7720,1.1540),(2533,76,72.00,1.1610,1.1830,1.5750,1.8320,1.9200,2.2900,2.5010,5.7720,5.7720,1.7700),(2534,76,79.99,1.1600,1.1810,1.5750,1.8280,1.9130,2.2580,2.4770,5.7720,5.7720,4.9800),(2535,76,88.00,1.1600,1.1780,1.5710,1.8200,1.8970,2.2340,2.4220,5.7720,5.7720,5.3880),(2536,76,96.00,1.1590,1.1760,1.5680,1.8150,1.8920,2.2120,2.3970,5.7720,5.7720,5.7720),(2537,76,104.00,1.1590,1.1740,1.5650,1.8090,1.8790,2.2010,2.3860,5.7720,5.7720,5.7720),(2538,76,112.01,1.1590,1.1730,1.5640,1.8060,1.8770,2.2000,2.3360,5.7720,5.7720,5.7720),(2539,76,120.00,1.1590,1.1720,1.5620,1.8010,1.8730,2.1850,2.3310,5.7720,5.7720,5.7720),(2540,76,128.00,1.1580,1.1710,1.5600,1.8000,1.8650,2.1730,2.3120,5.7720,5.7720,5.7710),(2541,76,143.99,1.1580,1.1690,1.5570,1.7960,1.8580,2.1560,2.2900,5.7720,5.7710,5.7710),(2542,76,160.00,1.1570,1.1670,1.5570,1.7920,1.8510,2.1310,2.2580,5.7720,5.7720,5.7720),(2543,76,176.01,1.1570,1.1660,1.5550,1.7880,1.8490,2.1260,2.2340,5.7720,5.7710,5.7720),(2544,76,192.00,1.1570,1.1650,1.5540,1.7880,1.8400,2.1330,2.2120,5.7720,5.7720,5.7720),(2545,76,207.99,1.1570,1.1650,1.5520,1.7850,1.8360,2.1220,2.2010,5.7720,5.7720,5.7720),(2546,76,224.00,1.1570,1.1640,1.5520,1.7840,1.8370,2.1140,2.1940,11.7940,5.7720,5.7720),(2547,76,240.01,1.1570,1.1630,1.5510,1.7810,1.8340,2.1120,2.1850,11.3910,5.7720,5.7720),(2548,76,256.00,1.1560,1.1630,1.5500,1.7800,1.8310,2.1040,2.1730,15.7680,5.7720,5.7720),(2549,76,288.00,1.1590,1.1680,1.5740,2.1930,1.6140,2.4570,2.3030,15.4490,11.1930,7.3110),(2550,76,320.00,1.2480,1.1670,1.5730,2.2770,1.6110,2.8990,3.2770,15.4090,10.8140,7.3110),(2551,76,352.00,1.2240,1.2450,1.7570,2.1990,2.3640,2.6000,2.8300,16.1320,14.0060,7.3110),(2552,76,384.00,1.2270,1.2390,1.9490,2.3480,2.7060,2.7710,2.7670,18.4890,13.7670,7.3110),(2553,76,416.00,1.2720,1.2560,2.1010,2.4250,3.0990,3.6830,2.8350,17.8970,15.9560,7.3110),(2554,76,448.00,1.2830,1.2440,2.1040,2.3940,2.9590,3.4880,3.7060,17.3860,15.8960,7.3110),(2555,76,480.00,1.2930,1.2330,2.1060,2.2620,2.9210,3.9140,5.0460,21.9990,18.1540,7.3110),(2556,76,512.00,1.2420,1.2290,2.0830,2.3530,2.9680,3.8940,5.8590,26.3060,22.0900,7.3110),(2557,76,576.00,1.2530,1.2110,2.1290,2.3540,3.0400,4.0100,6.1200,30.2010,29.2440,7.3110),(2558,76,640.00,1.2210,1.2140,2.1320,2.1980,3.2320,3.9780,6.0190,33.9370,32.4780,7.3110),(2559,76,704.00,1.2120,1.2130,2.1360,2.2740,3.2490,3.9280,5.9260,36.9830,37.0420,11.1770),(2560,76,768.00,1.2040,1.2120,2.1740,2.2860,3.3050,3.8880,6.4460,38.2960,36.9830,16.3510),(2561,76,832.00,1.1800,1.2120,2.2110,2.2910,3.2910,3.9320,6.4680,38.4410,38.2530,19.5260),(2562,76,896.00,1.1800,1.2110,2.2070,2.2860,3.3700,3.9140,14.8720,38.4180,38.2520,21.6960),(2563,76,960.00,1.1750,1.2090,2.2050,2.2820,3.3700,3.8900,14.8600,39.2370,38.2530,24.0950),(2564,76,1024.00,1.1610,1.2090,2.2020,2.2790,3.4190,3.9250,14.8530,40.2140,38.2520,25.6940),(2565,76,1152.00,1.1610,1.2080,2.2190,2.2730,3.4610,3.8850,14.8230,40.2140,38.2500,28.6040),(2566,76,1280.00,1.1610,1.2070,2.2180,2.2690,3.4520,3.8760,14.8240,40.2130,38.2490,32.0970),(2567,76,1408.00,1.1600,1.2070,2.2160,2.2650,3.4470,3.8520,14.8090,40.2150,38.2500,32.1270),(2568,76,1536.00,1.1600,1.2060,2.2150,2.2620,3.4440,3.8540,14.8070,40.2150,38.2490,33.6010),(2569,76,1664.00,1.1600,1.2050,2.2150,2.2590,3.4380,3.8450,14.8010,40.2180,38.2490,36.1820),(2570,76,1792.00,1.1600,1.2050,2.2140,2.2560,3.4340,3.8360,14.7890,40.2180,38.2480,37.2900),(2571,76,1920.00,1.1600,1.2060,2.2130,2.2540,3.4300,3.8290,14.7840,40.2160,38.2480,38.2450),(2572,76,2048.00,1.1600,1.2050,2.2130,2.2530,3.4260,3.8190,14.7790,40.2160,38.2490,38.2520),(2573,76,2304.00,1.1590,1.2050,2.2120,2.2500,3.4210,3.8100,14.7740,40.2150,38.2490,38.2510),(2574,76,2560.00,1.1590,1.2050,2.2110,2.2470,3.4160,3.7960,14.7640,40.2160,38.2480,38.2520),(2575,76,2816.00,1.1590,1.2040,2.2110,2.2450,3.4120,3.7870,14.7570,40.2170,38.2480,38.2510),(2576,76,3072.00,1.1590,1.2040,2.2100,2.2440,3.4090,3.7860,14.7560,40.2140,38.2470,38.2500),(2577,76,3328.00,1.1590,1.2040,2.2100,2.2430,3.4060,3.7790,14.7530,40.2160,38.2470,38.2480),(2578,76,3584.00,1.1590,1.2040,2.2100,2.2410,3.4050,3.7710,14.7480,40.2160,38.2470,38.2500),(2579,76,3840.00,1.1590,1.2040,2.2090,2.2400,3.4030,3.7660,14.7460,40.2140,38.2470,38.2490),(2580,76,4096.00,1.1590,1.2040,2.2090,2.2400,3.4000,3.7670,14.7420,40.2150,38.2470,38.3210),(2581,76,4608.00,1.1590,1.2030,2.2090,2.2380,3.3980,3.7600,14.7410,40.2130,38.2460,38.3120),(2582,76,5120.00,1.1580,1.2030,2.2090,2.2370,3.3960,3.7530,14.7400,40.2140,38.2470,38.3060),(2583,76,5632.00,1.1580,1.2030,2.2080,2.2360,3.3940,3.7510,14.7330,40.2120,38.2470,38.3010),(2584,76,6144.00,1.1580,1.2030,2.2080,2.2350,3.3920,3.7500,14.7300,40.2120,38.2480,38.2960),(2585,76,6656.00,1.1580,1.2030,2.2080,2.2350,3.3910,3.7440,14.7330,40.2140,38.2470,38.2930),(2586,76,7168.00,1.1580,1.2030,2.2080,2.2340,3.3900,3.7420,14.7300,40.2140,38.2460,38.2880),(2587,76,7680.00,1.1580,1.2030,2.2080,2.2330,3.3880,3.7390,14.7280,40.2150,38.2470,38.2860),(2588,76,8192.00,1.1580,1.2030,2.2070,2.2330,3.3880,3.7400,14.7270,40.2120,38.2470,38.3160),(2589,76,9216.00,1.1580,1.2030,2.2070,2.2320,3.3860,3.7350,14.7270,40.2140,38.2480,38.3090),(2590,76,10240.00,1.1580,1.2020,2.2070,2.2310,3.3860,3.7330,14.7250,40.2150,38.2460,38.3010),(2591,76,11264.00,1.1580,1.2020,2.2070,2.2310,3.3840,3.7320,14.7220,40.2170,38.2460,38.2960),(2592,76,12288.00,1.1580,1.2020,2.2070,2.2310,3.3830,3.7320,14.7200,40.2110,38.2470,38.3140),(2593,76,13312.00,1.1580,1.2020,2.2070,2.2310,3.3820,3.7290,14.7200,40.2140,38.2450,38.3100),(2594,76,14336.00,1.1580,1.2020,2.2060,2.2300,3.3820,3.7270,14.7200,40.2160,38.2470,38.3040),(2595,76,15360.00,1.1580,1.2020,2.2070,2.2300,3.3820,3.7270,14.7200,40.2140,38.2450,38.3000),(2596,76,16384.00,1.1580,1.2020,2.2060,2.2300,3.3810,3.7280,14.7180,40.2150,38.2460,38.3150),(2597,76,18432.00,1.1580,1.2020,2.2060,2.2290,3.3800,3.7240,14.7170,40.2130,38.2460,38.3060),(2598,76,20480.00,1.1580,1.2020,2.2060,2.2290,3.3800,3.7230,14.7170,40.2150,38.2450,38.3140),(2599,76,22528.00,1.1580,1.2020,2.2060,2.2280,3.3800,3.7220,14.7160,40.2140,38.2450,38.3080),(2600,76,24576.00,1.1580,1.2020,2.2060,2.2280,3.3790,3.7230,14.7140,40.2120,38.2450,38.3130),(2601,76,26624.00,1.1580,1.2020,2.2060,2.2290,3.3790,3.7230,14.7140,40.2130,38.2450,38.3080),(2602,76,28672.00,1.1580,1.2020,2.2060,2.2280,3.3780,3.7190,14.7160,40.2130,38.2460,38.3150),(2603,76,30720.00,1.1580,1.2020,2.2060,2.2280,3.3790,3.7180,14.7140,40.2150,38.2440,38.3100),(2604,76,32768.00,1.1580,1.2020,2.2060,2.2280,3.3830,3.7210,14.7120,40.2140,38.2460,38.3160),(2605,76,36864.00,1.1580,1.2040,2.2080,2.2290,3.4380,3.7220,14.7190,40.2120,38.2440,38.3180),(2606,76,40960.00,1.1580,1.2140,2.2190,2.2340,3.4370,3.7230,14.7360,40.2140,38.2450,38.3160),(2607,76,45056.00,1.1590,1.2730,2.3290,2.2620,3.4640,3.7570,14.8230,40.2110,38.2470,38.3170),(2608,76,49152.00,1.1630,1.4130,2.5960,2.3670,3.5350,3.9590,15.0770,40.2150,38.2480,38.3180),(2609,76,53248.00,1.1770,1.6040,2.9630,2.9110,3.7450,4.3750,15.5210,40.2210,38.2460,38.3200),(2610,76,57344.00,1.2040,1.7070,3.1840,3.8290,4.1870,5.1100,16.8960,40.2250,38.2450,38.3210),(2611,76,61440.00,1.2400,1.7150,3.2210,4.6560,4.7300,5.8460,18.8440,40.2610,38.2980,38.3180),(2612,76,65536.00,1.2500,1.7080,3.2240,4.2110,5.1980,6.6290,20.7840,40.4400,38.3010,38.3200),(2613,76,73728.00,1.2740,1.7580,3.3130,3.5330,6.0750,7.8430,24.0490,41.5330,39.4050,38.3170),(2614,76,81920.00,1.3010,1.8150,3.4280,3.6520,6.9610,8.5700,27.8140,47.8520,46.8780,38.4140),(2615,76,90112.00,1.3140,1.8640,3.5170,3.7140,7.7450,9.1490,31.8960,60.9050,59.8000,38.7370),(2616,76,98304.00,1.3290,1.8850,3.5800,3.7850,8.4350,9.4790,34.3610,74.9670,74.0430,39.3730),(2617,76,106496.00,1.3390,1.8930,3.6070,3.8360,9.0900,9.6380,36.1580,85.9400,84.6980,39.2250),(2618,76,114688.00,1.3410,1.8990,3.6240,3.8580,9.3760,9.6200,37.5970,93.0060,93.3120,38.9410),(2619,76,122880.00,1.3410,1.9020,3.6230,3.8580,9.3790,9.6520,38.0810,97.5700,97.2960,38.8700),(2620,76,131072.00,1.3420,1.9020,3.6240,3.8560,9.3780,9.6640,39.1000,105.0820,107.9080,40.6020),(2621,76,147456.00,1.3420,1.9020,3.6240,3.8570,9.3780,9.6740,40.1370,118.2480,118.3120,43.5290),(2622,76,163840.00,1.3410,1.9030,3.6250,3.8570,9.3790,9.6730,40.0160,118.2540,118.3090,51.9100),(2623,76,180224.00,1.3410,1.9020,3.6240,3.8540,9.3780,9.6760,40.1630,118.2530,118.2960,62.5920),(2624,76,196608.00,1.3410,1.9030,3.6240,3.8580,9.3790,9.6800,40.0210,118.2490,118.3070,73.7480),(2625,76,212992.00,1.3410,1.9020,3.6250,3.8560,9.3780,9.7000,40.2000,118.2550,118.3090,80.7730),(2626,76,229376.00,1.3410,1.9020,3.6250,3.8540,9.3790,9.7300,40.1350,118.2550,118.2970,93.0390),(2627,76,245760.00,1.3410,1.9010,3.6250,3.8540,9.3790,9.7670,40.2940,118.2520,118.2980,102.2780),(2628,76,262144.00,1.3410,1.9030,3.6230,3.8530,9.3780,9.7950,40.3950,118.2530,118.3030,107.8850),(2629,76,294912.00,1.3410,1.9020,3.6240,3.8530,9.3790,9.8640,40.7380,118.2540,118.3080,118.3580),(2630,76,327680.00,1.3410,1.9020,3.6260,3.8520,9.3780,9.9370,41.2440,118.2640,118.3110,118.3470),(2631,76,360448.00,1.3410,1.9020,3.6230,3.8540,9.3780,9.9870,41.6450,118.2460,118.2960,118.3370),(2632,76,393216.00,1.3410,1.9030,3.6250,3.8530,9.3760,10.0460,42.0060,118.2700,118.3190,118.3450),(2633,76,425984.00,1.3410,1.9010,3.6230,3.8510,9.3800,10.0770,42.3260,118.2520,118.3020,118.3460),(2634,76,458752.00,1.3410,1.9020,3.6210,3.8530,9.3780,10.1100,42.4980,118.2640,118.3120,118.3500),(2635,76,491520.00,1.3410,1.9020,3.6250,3.8530,9.3790,10.1180,42.7790,118.2640,118.3050,118.3370),(2636,76,524288.00,1.3410,1.9010,3.6240,3.8560,9.3770,10.1280,42.8710,118.2800,118.3520,118.3530),(2637,82,0.50,1.1500,1.1500,1.1500,1.1500,1.1500,1.1500,-1.0000,-1.0000,-1.0000,-1.0000),(2638,82,1.00,1.1500,1.1500,1.1500,1.1500,1.1500,1.1500,1.1500,-1.0000,-1.0000,-1.0000),(2639,82,2.00,1.1500,1.1500,1.1500,1.1500,1.1500,1.1500,1.1500,1.1500,-1.0000,-1.0000),(2640,82,3.00,1.1500,1.1500,1.1500,1.1500,1.1500,1.1500,1.1500,1.1500,-1.0000,-1.0000),(2641,82,4.00,1.1500,1.1500,1.1500,1.1500,1.1500,1.1500,1.1500,1.1500,1.1500,-1.0000),(2642,82,6.00,1.1500,1.1500,1.1500,1.1500,1.1500,1.1500,1.1500,1.1500,1.1500,-1.0000),(2643,82,8.00,1.1500,1.1500,1.1500,1.1500,1.1500,1.1500,1.1500,1.1500,1.1500,1.1500),(2644,82,10.00,1.1500,1.1500,1.1500,1.1500,1.1500,1.1500,1.1500,1.1500,1.1500,1.1500),(2645,82,12.00,1.1500,1.1500,1.1500,1.1500,1.1500,1.1500,1.1500,1.1500,1.1500,1.1500),(2646,82,14.00,1.1500,1.1500,1.1500,1.1500,1.1500,1.1500,1.1500,1.1500,1.1500,1.1500),(2647,82,15.99,1.1500,1.1500,1.1500,1.1500,1.1500,1.1500,1.1500,1.1500,1.1500,1.1500),(2648,82,18.00,1.1500,1.1500,1.1500,1.1500,1.1500,1.1500,1.1500,1.1500,1.1500,1.1500),(2649,82,20.00,1.1500,1.1500,1.1500,1.1500,1.1500,1.1500,1.1500,1.1500,1.1500,1.1500),(2650,82,22.00,1.1500,1.1500,1.1500,1.1500,1.1500,1.1500,1.1500,1.1500,1.1500,1.1500),(2651,82,24.00,1.1500,1.1500,1.1500,1.1500,1.1500,1.1500,1.1500,1.1500,1.1500,1.1500),(2652,82,26.00,1.1500,1.1500,1.1500,1.1500,1.1500,1.1500,1.1500,1.1500,1.1500,1.1500),(2653,82,28.00,1.1500,1.1500,1.1500,1.1500,1.1500,1.1500,1.1500,1.1500,1.1500,1.1500),(2654,82,30.00,1.1500,1.1500,1.1500,1.1500,1.1500,1.1500,1.1500,1.1500,1.1500,1.1500),(2655,82,32.00,1.1500,1.1500,1.1500,1.1500,1.1500,1.1500,1.1500,1.1500,1.1500,1.1500),(2656,82,36.00,1.1700,1.2100,1.6100,1.9000,2.0400,2.2500,2.5400,5.7700,1.7700,1.1500),(2657,82,40.00,1.1700,1.2100,1.6100,1.8900,2.0200,2.4100,2.7800,5.7700,5.7700,1.1500),(2658,82,44.00,1.1700,1.2000,1.6000,1.8800,2.0100,2.4200,2.8300,5.7700,5.7700,1.1500),(2659,82,48.01,1.1600,1.2000,1.6000,1.8700,1.9700,2.4000,2.7400,5.7700,5.7700,1.1500),(2660,82,52.00,1.1600,1.2000,1.5900,1.8700,1.9700,2.3900,2.6800,5.7700,5.7700,1.1500),(2661,82,56.00,1.1600,1.1900,1.5900,1.8500,1.9600,2.3100,2.6500,5.7700,5.7700,1.1500),(2662,82,60.00,1.1600,1.1900,1.5900,1.8500,1.9500,2.2800,2.6200,5.7700,5.7700,1.1500),(2663,82,64.00,1.1600,1.1900,1.5800,1.8400,1.9300,2.3000,2.5800,5.7700,5.7700,1.1500),(2664,82,72.00,1.1600,1.1800,1.5800,1.8300,1.9200,2.2900,2.5000,5.7700,5.7700,1.7700),(2665,82,79.99,1.1600,1.1800,1.5800,1.8300,1.9100,2.2600,2.4800,5.7700,5.7700,5.0200),(2666,82,88.00,1.1600,1.1800,1.5700,1.8200,1.9000,2.2300,2.4200,5.7700,5.7700,5.7700),(2667,82,96.00,1.1600,1.1800,1.5700,1.8200,1.8900,2.2100,2.4000,5.7700,5.7700,5.7700),(2668,82,104.00,1.1600,1.1800,1.5700,1.8100,1.8900,2.2000,2.3900,5.7700,5.7700,5.7700),(2669,82,112.01,1.1600,1.1700,1.5600,1.8100,1.8800,2.2000,2.3400,5.7700,5.7700,5.7700),(2670,82,120.00,1.1600,1.1700,1.5600,1.8000,1.8700,2.1900,2.3300,5.7700,5.7700,5.7700),(2671,82,128.00,1.1600,1.1700,1.5600,1.8000,1.8700,2.1700,2.3000,5.7700,5.7700,5.7700),(2672,82,143.99,1.1600,1.1700,1.5600,1.8000,1.8600,2.1600,2.2800,5.7700,5.7700,5.7700),(2673,82,160.00,1.1600,1.1700,1.5600,1.7900,1.8500,2.1300,2.2600,5.7700,5.7700,5.7700),(2674,82,176.01,1.1600,1.1700,1.5500,1.7900,1.8500,2.1300,2.2300,5.7700,5.7700,5.7700),(2675,82,192.00,1.1600,1.1700,1.5500,1.7900,1.8400,2.1300,2.2100,5.7700,5.7700,5.7700),(2676,82,207.99,1.1600,1.1600,1.5500,2.1200,1.8400,2.1200,2.2000,5.7700,5.7700,5.7700),(2677,82,224.00,1.1600,1.1600,1.5500,2.0900,1.8400,2.1100,3.5500,5.7700,5.7700,5.7700),(2678,82,240.01,1.1600,1.2300,1.5500,2.0800,1.8300,2.1100,3.1100,5.7700,5.7700,5.7700),(2679,82,256.00,1.1600,1.2200,1.5500,2.0600,1.8300,2.1000,2.1700,5.7700,5.7700,5.7700),(2680,82,288.00,1.1600,1.2300,1.5700,2.0900,1.6100,1.8900,3.8000,6.5500,7.3300,7.3100),(2681,82,320.00,1.2400,1.2200,1.8200,2.1900,2.1200,1.8800,3.3500,6.5500,10.8100,7.3100),(2682,82,352.00,1.2400,1.2200,1.8300,2.0400,2.0800,1.8700,2.9600,9.9900,10.4900,7.3100),(2683,82,384.00,1.2700,1.2500,1.8300,2.0800,2.2900,1.8600,3.8600,16.0400,10.2300,7.3100),(2684,82,416.00,1.2700,1.2500,1.9600,2.1900,2.4900,2.5800,3.9700,15.6300,12.6800,7.3100),(2685,82,448.00,1.2600,1.2600,1.9600,2.2600,2.6800,2.8200,3.6900,15.2800,12.8500,7.3100),(2686,82,480.00,1.2800,1.2600,2.1500,2.3000,2.8300,3.4700,4.8400,17.5100,17.3900,7.3100),(2687,82,512.00,1.2900,1.2500,2.1200,2.2500,2.9100,3.4100,5.1500,19.4600,23.7500,7.3100),(2688,82,576.00,1.2500,1.2500,2.1100,2.3900,3.1500,3.5100,5.8700,29.9600,30.9800,7.3300),(2689,82,640.00,1.2400,1.2200,2.1700,2.3500,3.2400,3.6800,6.1000,33.7500,32.4800,10.8100),(2690,82,704.00,1.2400,1.2000,2.1700,2.3400,3.3200,3.9500,5.7000,38.7000,35.4800,10.8500),(2691,82,768.00,1.1800,1.2100,2.2100,2.2800,3.3800,3.8800,6.8400,40.2200,38.2500,16.7000),(2692,82,832.00,1.1600,1.2100,2.2100,2.2800,3.4300,3.8800,6.3100,40.2200,38.2500,22.2400),(2693,82,896.00,1.1600,1.2100,2.2200,2.2900,3.4900,3.9200,14.8400,40.2200,38.2500,25.3100),(2694,82,960.00,1.1600,1.2100,2.2200,2.2700,3.4800,3.9000,14.8300,40.2200,38.2500,30.0300),(2695,82,1024.00,1.1600,1.2100,2.2200,2.2800,3.4700,3.9400,14.8200,40.2200,38.2500,30.5500),(2696,82,1152.00,1.1600,1.2100,2.2200,2.2700,3.4600,3.9200,14.8100,40.2200,38.2500,31.4000),(2697,82,1280.00,1.1600,1.2100,2.2200,2.2700,3.4500,3.9000,14.8000,40.2200,38.2500,32.0800),(2698,82,1408.00,1.1600,1.2100,2.2200,2.2700,3.4500,3.8700,14.7900,40.2200,38.2500,32.4700),(2699,82,1536.00,1.1600,1.2100,2.2100,2.2600,3.4500,3.8600,14.7800,40.2200,38.2500,33.1100),(2700,82,1664.00,1.1600,1.2100,2.2100,2.2600,3.4400,3.8500,14.7800,40.2200,38.2500,33.3600),(2701,82,1792.00,1.1600,1.2100,2.2100,2.2600,3.4400,3.8400,14.7700,40.2200,38.2500,33.8400),(2702,82,1920.00,1.1600,1.2100,2.2100,2.2500,3.4300,3.8300,14.7700,40.2200,38.2500,34.0100),(2703,82,2048.00,1.1600,1.2000,2.2100,2.2500,3.4300,3.8200,14.7700,40.2200,38.2500,34.3900),(2704,82,2304.00,1.1600,1.2000,2.2100,2.2500,3.4200,3.8100,14.7600,40.2200,38.2500,34.7200),(2705,82,2560.00,1.1600,1.2000,2.2100,2.2500,3.4200,3.8000,14.7600,40.2200,38.2500,35.0700),(2706,82,2816.00,1.1600,1.2000,2.2100,2.2500,3.4100,3.7900,14.7500,40.2200,38.2500,35.4400),(2707,82,3072.00,1.1600,1.2000,2.2100,2.2400,3.4100,3.7800,14.7500,40.2200,38.2500,35.6800),(2708,82,3328.00,1.1600,1.2000,2.2100,2.2400,3.4100,3.7800,14.7400,40.2200,38.2500,35.8000),(2709,82,3584.00,1.1600,1.2000,2.2100,2.2400,3.4100,3.7800,14.7400,40.2200,38.2500,36.0400),(2710,82,3840.00,1.1600,1.2000,2.2100,2.2400,3.4000,3.7700,14.7400,40.2200,38.2500,36.1900),(2711,82,4096.00,1.1600,1.2000,2.2100,2.2400,3.4000,3.7700,14.7400,40.2200,38.2500,36.3200),(2712,82,4608.00,1.1600,1.2000,2.2100,2.2400,3.4000,3.7600,14.7300,40.2200,38.2500,36.4800),(2713,82,5120.00,1.1600,1.2000,2.2100,2.2400,3.4000,3.7600,14.7300,40.2200,38.2500,36.7000),(2714,82,5632.00,1.1600,1.2000,2.2100,2.2400,3.3900,3.7500,14.7300,40.2100,38.2500,36.8000),(2715,82,6144.00,1.1600,1.2000,2.2100,2.2400,3.3900,3.7500,14.7300,40.2200,38.2500,36.9600),(2716,82,6656.00,1.1600,1.2000,2.2100,2.2400,3.3900,3.7500,14.7300,40.2200,38.2500,37.0200),(2717,82,7168.00,1.1600,1.2000,2.2100,2.2300,3.3900,3.7500,14.7200,40.2200,38.2500,37.1400),(2718,82,7680.00,1.1600,1.2000,2.2100,2.2300,3.3900,3.7500,14.7300,40.2200,38.2500,37.1900),(2719,82,8192.00,1.1600,1.2000,2.2100,2.2300,3.3900,3.7400,14.7200,40.2200,38.2500,37.2500),(2720,82,9216.00,1.1600,1.2000,2.2100,2.2300,3.3900,3.7400,14.7200,40.2200,38.2500,37.3900),(2721,82,10240.00,1.1600,1.2000,2.2100,2.2300,3.3900,3.7400,14.7200,40.2200,38.2500,37.4500),(2722,82,11264.00,1.1600,1.2000,2.2100,2.2300,3.3800,3.7400,14.7200,40.2200,38.2500,37.5400),(2723,82,12288.00,1.1600,1.2000,2.2100,2.2300,3.3800,3.7300,14.7200,40.2200,38.2500,37.6200),(2724,82,13312.00,1.1600,1.2000,2.2100,2.2300,3.3800,3.7300,14.7200,40.2100,38.2500,37.6700),(2725,82,14336.00,1.1600,1.2000,2.2100,2.2300,3.3800,3.7300,14.7200,40.2200,38.2500,37.7100),(2726,82,15360.00,1.1600,1.2000,2.2100,2.2300,3.3800,3.7300,14.7200,40.2200,38.2500,37.7500),(2727,82,16384.00,1.1600,1.2000,2.2100,2.2300,3.3800,3.7300,14.7200,40.2200,38.2500,37.7600),(2728,82,18432.00,1.1600,1.2000,2.2100,2.2300,3.3800,3.7300,14.7200,40.2200,38.2500,37.8300),(2729,82,20480.00,1.1600,1.2000,2.2100,2.2300,3.3800,3.7200,14.7200,40.2200,38.2500,37.8600),(2730,82,22528.00,1.1600,1.2000,2.2100,2.2300,3.3800,3.7200,14.7200,40.2200,38.2500,37.9100),(2731,82,24576.00,1.1600,1.2000,2.2100,2.2300,3.3800,3.7200,14.7100,40.2100,38.2500,37.9300),(2732,82,26624.00,1.1600,1.2000,2.2100,2.2300,3.3800,3.7200,14.7100,40.2200,38.2500,37.9600),(2733,82,28672.00,1.1600,1.2000,2.2100,2.2300,3.3800,3.7200,14.7100,40.2200,38.2500,37.9800),(2734,82,30720.00,1.1600,1.2000,2.2100,2.2300,3.3800,3.7200,14.7100,40.2200,38.2500,37.9800),(2735,82,32768.00,1.1600,1.2000,2.2100,2.2300,3.3800,3.7200,14.7100,40.2200,38.2500,38.0100),(2736,82,36864.00,1.1600,1.2300,2.2100,2.2300,3.4400,3.7200,14.7100,40.2200,38.2500,38.0400),(2737,82,40960.00,1.1600,1.2600,2.2100,2.2400,3.4400,3.7200,14.7200,40.2200,38.2500,38.0500),(2738,82,45056.00,1.1700,1.4000,2.2700,2.2900,3.4800,3.7600,14.7500,40.2200,38.2500,38.0800),(2739,82,49152.00,1.1900,1.5100,2.4000,2.4900,3.5600,3.8100,15.0000,40.2200,38.2500,38.0900),(2740,82,53248.00,1.2200,1.6100,2.7100,2.9600,3.8200,4.0300,15.6400,40.2200,38.2500,38.1000),(2741,82,57344.00,1.2300,1.6600,3.0100,3.6900,4.2800,4.5800,16.4000,40.2200,38.2800,38.1000),(2742,82,61440.00,1.2400,1.7000,3.1800,4.5000,4.8600,5.4900,17.9400,40.2400,38.2500,38.1200),(2743,82,65536.00,1.2600,1.7300,3.2300,4.6400,5.2700,6.4800,20.4800,40.2800,38.3300,38.1300),(2744,82,73728.00,1.2800,1.7800,3.3500,3.5900,6.0500,7.9200,24.6400,43.3500,39.3800,38.1400),(2745,82,81920.00,1.3000,1.8400,3.4800,3.7200,6.9200,8.6600,28.0800,51.7900,44.5700,38.1500),(2746,82,90112.00,1.3200,1.8900,3.5600,3.8100,7.7700,9.1100,31.3000,62.0400,59.7800,38.1600),(2747,82,98304.00,1.3300,1.9100,3.6300,3.8900,8.4300,9.5100,34.8600,74.6500,74.0300,38.1600),(2748,82,106496.00,1.3400,1.9300,3.6700,3.9700,9.0400,9.6400,36.6400,85.0900,85.2600,38.1800),(2749,82,114688.00,1.3500,1.9300,3.6900,3.9900,9.2900,9.7000,37.6000,93.3600,93.5200,38.2600),(2750,82,122880.00,1.3500,1.9400,3.6900,3.9900,9.3800,9.7100,38.0000,97.3500,97.4000,38.1900),(2751,82,131072.00,1.3500,1.9400,3.7000,3.9800,9.3800,9.7200,38.4000,108.9600,100.9700,38.9000),(2752,82,147456.00,1.3500,1.9400,3.6900,3.9800,9.3800,9.7500,40.0700,118.2500,118.2500,46.1900),(2753,82,163840.00,1.3500,1.9400,3.7000,3.9800,9.3800,9.7500,40.0400,118.2600,118.2500,56.9800),(2754,82,180224.00,1.3500,1.9400,3.6900,3.9800,9.3800,9.7500,40.0600,118.2500,118.2600,61.4400),(2755,82,196608.00,1.3500,1.9400,3.6900,3.9800,9.3800,9.7500,40.1100,118.2500,118.2600,73.8700),(2756,82,212992.00,1.3500,1.9400,3.6900,3.9800,9.3800,9.7600,40.1000,118.2600,118.2600,85.2000),(2757,82,229376.00,1.3500,1.9400,3.6900,3.9800,9.3800,9.7800,40.2300,118.2600,118.2600,92.5600),(2758,82,245760.00,1.3500,1.9400,3.6900,3.9800,9.3800,9.8100,40.3100,118.2600,118.2600,97.0000),(2759,82,262144.00,1.3500,1.9400,3.7000,3.9800,9.3800,9.8300,40.4900,118.2600,118.2600,108.7200),(2760,82,294912.00,1.3500,1.9400,3.6900,3.9800,9.3800,9.8700,40.8000,118.2600,118.2600,118.2700),(2761,82,327680.00,1.3500,1.9400,3.6900,3.9800,9.3800,9.9100,41.1900,118.2500,118.2600,118.2800),(2762,82,360448.00,1.3500,1.9400,3.6900,3.9800,9.3800,9.9500,41.5600,118.2600,118.2400,118.2800),(2763,82,393216.00,1.3500,1.9400,3.6900,3.9800,9.3800,10.0000,41.8700,118.2600,118.2500,118.3000),(2764,82,425984.00,1.3500,1.9400,3.6900,3.9800,9.3800,10.0200,42.2100,118.2600,118.2400,118.3000),(2765,82,458752.00,1.3500,1.9400,3.6900,3.9800,9.3800,10.0400,42.3100,118.2600,118.2600,118.3100),(2766,82,491520.00,1.3500,1.9400,3.6900,3.9800,9.3800,10.0500,42.5300,118.2600,118.2500,118.3000),(2767,82,524288.00,1.3500,1.9400,3.6900,3.9800,9.3800,10.0700,42.6300,118.3000,118.3000,118.4100),(2768,83,0.50,1.1500,1.1500,1.1500,1.1500,1.1500,1.1500,-1.0000,-1.0000,-1.0000,-1.0000),(2769,83,1.00,1.1500,1.1500,1.1500,1.1500,1.1500,1.1500,1.1500,-1.0000,-1.0000,-1.0000),(2770,83,2.00,1.1500,1.1500,1.1500,1.1500,1.1500,1.1500,1.1500,1.1500,-1.0000,-1.0000),(2771,83,3.00,1.1500,1.1500,1.1500,1.1500,1.1500,1.1500,1.1500,1.1500,-1.0000,-1.0000),(2772,83,4.00,1.1500,1.1500,1.1500,1.1500,1.1500,1.1500,1.1500,1.1500,1.1500,-1.0000),(2773,83,6.00,1.1500,1.1500,1.1500,1.1500,1.1500,1.1500,1.1500,1.1500,1.1500,-1.0000),(2774,83,8.00,1.1500,1.1500,1.1500,1.1500,1.1500,1.1500,1.1500,1.1500,1.1500,1.1500),(2775,83,10.00,1.1500,1.1500,1.1500,1.1500,1.1500,1.1500,1.1500,1.1500,1.1500,1.1500),(2776,83,12.00,1.1500,1.1500,1.1500,1.1500,1.1500,1.1500,1.1500,1.1500,1.1500,1.1500),(2777,83,14.00,1.1500,1.1500,1.1500,1.1500,1.1500,1.1500,1.1500,1.1500,1.1500,1.1500),(2778,83,15.99,1.1500,1.1500,1.1500,1.1500,1.1500,1.1500,1.1500,1.1500,1.1500,1.1500),(2779,83,18.00,1.1500,1.1500,1.1500,1.1500,1.1500,1.1500,1.1500,1.1500,1.1500,1.1500),(2780,83,20.00,1.1500,1.1500,1.1500,1.1500,1.1500,1.1500,1.1500,1.1500,1.1500,1.1500),(2781,83,22.00,1.1500,1.1500,1.1500,1.1500,1.1500,1.1500,1.1500,1.1500,1.1500,1.1500),(2782,83,24.00,1.1500,1.1500,1.1500,1.1500,1.1500,1.1500,1.1500,1.1500,1.1500,1.1500),(2783,83,26.00,1.1500,1.1500,1.1500,1.1500,1.1500,1.1500,1.1500,1.1500,1.1500,1.1500),(2784,83,28.00,1.1500,1.1500,1.1500,1.1500,1.1500,1.1500,1.1500,1.1500,1.1500,1.1500),(2785,83,30.00,1.1500,1.1500,1.1500,1.1500,1.1500,1.1500,1.1500,1.1500,1.1500,1.1500),(2786,83,32.00,1.1500,1.1500,1.1500,1.1500,1.1500,1.1500,1.1500,1.1500,1.1500,1.1500),(2787,83,36.00,1.1700,1.2100,1.6100,1.9000,2.0400,2.2500,2.5400,5.7700,1.7700,1.1500),(2788,83,40.00,1.1700,1.2100,1.6100,1.8900,2.0200,2.4100,2.7800,5.7700,5.7700,1.1500),(2789,83,44.00,1.1700,1.2000,1.6000,1.8800,2.0100,2.4200,2.8300,5.7700,5.7700,1.1500),(2790,83,48.01,1.1600,1.2000,1.6000,1.8700,1.9700,2.4000,2.7400,5.7700,5.7700,1.1500),(2791,83,52.00,1.1600,1.2000,1.5900,1.8700,1.9700,2.3900,2.6800,5.7700,5.7700,1.1500),(2792,83,56.00,1.1600,1.1900,1.5900,1.8500,1.9600,2.3100,2.6500,5.7700,5.7700,1.1500),(2793,83,60.00,1.1600,1.1900,1.5900,1.8500,1.9500,2.2800,2.6200,5.7700,5.7700,1.1500),(2794,83,64.00,1.1600,1.1900,1.5800,1.8400,1.9300,2.3000,2.5800,5.7700,5.7700,1.1500),(2795,83,72.00,1.1600,1.1800,1.5800,1.8300,1.9200,2.2900,2.5000,5.7700,5.7700,1.7700),(2796,83,79.99,1.1600,1.1800,1.5800,1.8300,1.9100,2.2600,2.4800,5.7700,5.7700,5.0200),(2797,83,88.00,1.1600,1.1800,1.5700,1.8200,1.9000,2.2300,2.4200,5.7700,5.7700,5.7700),(2798,83,96.00,1.1600,1.1800,1.5700,1.8200,1.8900,2.2100,2.4000,5.7700,5.7700,5.7700),(2799,83,104.00,1.1600,1.1800,1.5700,1.8100,1.8900,2.2000,2.3900,5.7700,5.7700,5.7700),(2800,83,112.01,1.1600,1.1700,1.5600,1.8100,1.8800,2.2000,2.3400,5.7700,5.7700,5.7700),(2801,83,120.00,1.1600,1.1700,1.5600,1.8000,1.8700,2.1900,2.3300,5.7700,5.7700,5.7700),(2802,83,128.00,1.1600,1.1700,1.5600,1.8000,1.8700,2.1700,2.3000,5.7700,5.7700,5.7700),(2803,83,143.99,1.1600,1.1700,1.5600,1.8000,1.8600,2.1600,2.2800,5.7700,5.7700,5.7700),(2804,83,160.00,1.1600,1.1700,1.5600,1.7900,1.8500,2.1300,2.2600,5.7700,5.7700,5.7700),(2805,83,176.01,1.1600,1.1700,1.5500,1.7900,1.8500,2.1300,2.2300,5.7700,5.7700,5.7700),(2806,83,192.00,1.1600,1.1700,1.5500,1.7900,1.8400,2.1300,2.2100,5.7700,5.7700,5.7700),(2807,83,207.99,1.1600,1.1600,1.5500,2.1200,1.8400,2.1200,2.2000,5.7700,5.7700,5.7700),(2808,83,224.00,1.1600,1.1600,1.5500,2.0900,1.8400,2.1100,3.5500,5.7700,5.7700,5.7700),(2809,83,240.01,1.1600,1.2300,1.5500,2.0800,1.8300,2.1100,3.1100,5.7700,5.7700,5.7700),(2810,83,256.00,1.1600,1.2200,1.5500,2.0600,1.8300,2.1000,2.1700,5.7700,5.7700,5.7700),(2811,83,288.00,1.1600,1.2300,1.5700,2.0900,1.6100,1.8900,3.8000,6.5500,7.3300,7.3100),(2812,83,320.00,1.2400,1.2200,1.8200,2.1900,2.1200,1.8800,3.3500,6.5500,10.8100,7.3100),(2813,83,352.00,1.2400,1.2200,1.8300,2.0400,2.0800,1.8700,2.9600,9.9900,10.4900,7.3100),(2814,83,384.00,1.2700,1.2500,1.8300,2.0800,2.2900,1.8600,3.8600,16.0400,10.2300,7.3100),(2815,83,416.00,1.2700,1.2500,1.9600,2.1900,2.4900,2.5800,3.9700,15.6300,12.6800,7.3100),(2816,83,448.00,1.2600,1.2600,1.9600,2.2600,2.6800,2.8200,3.6900,15.2800,12.8500,7.3100),(2817,83,480.00,1.2800,1.2600,2.1500,2.3000,2.8300,3.4700,4.8400,17.5100,17.3900,7.3100),(2818,83,512.00,1.2900,1.2500,2.1200,2.2500,2.9100,3.4100,5.1500,19.4600,23.7500,7.3100),(2819,83,576.00,1.2500,1.2500,2.1100,2.3900,3.1500,3.5100,5.8700,29.9600,30.9800,7.3300),(2820,83,640.00,1.2400,1.2200,2.1700,2.3500,3.2400,3.6800,6.1000,33.7500,32.4800,10.8100),(2821,83,704.00,1.2400,1.2000,2.1700,2.3400,3.3200,3.9500,5.7000,38.7000,35.4800,10.8500),(2822,83,768.00,1.1800,1.2100,2.2100,2.2800,3.3800,3.8800,6.8400,40.2200,38.2500,16.7000),(2823,83,832.00,1.1600,1.2100,2.2100,2.2800,3.4300,3.8800,6.3100,40.2200,38.2500,22.2400),(2824,83,896.00,1.1600,1.2100,2.2200,2.2900,3.4900,3.9200,14.8400,40.2200,38.2500,25.3100),(2825,83,960.00,1.1600,1.2100,2.2200,2.2700,3.4800,3.9000,14.8300,40.2200,38.2500,30.0300),(2826,83,1024.00,1.1600,1.2100,2.2200,2.2800,3.4700,3.9400,14.8200,40.2200,38.2500,30.5500),(2827,83,1152.00,1.1600,1.2100,2.2200,2.2700,3.4600,3.9200,14.8100,40.2200,38.2500,31.4000),(2828,83,1280.00,1.1600,1.2100,2.2200,2.2700,3.4500,3.9000,14.8000,40.2200,38.2500,32.0800),(2829,83,1408.00,1.1600,1.2100,2.2200,2.2700,3.4500,3.8700,14.7900,40.2200,38.2500,32.4700),(2830,83,1536.00,1.1600,1.2100,2.2100,2.2600,3.4500,3.8600,14.7800,40.2200,38.2500,33.1100),(2831,83,1664.00,1.1600,1.2100,2.2100,2.2600,3.4400,3.8500,14.7800,40.2200,38.2500,33.3600),(2832,83,1792.00,1.1600,1.2100,2.2100,2.2600,3.4400,3.8400,14.7700,40.2200,38.2500,33.8400),(2833,83,1920.00,1.1600,1.2100,2.2100,2.2500,3.4300,3.8300,14.7700,40.2200,38.2500,34.0100),(2834,83,2048.00,1.1600,1.2000,2.2100,2.2500,3.4300,3.8200,14.7700,40.2200,38.2500,34.3900),(2835,83,2304.00,1.1600,1.2000,2.2100,2.2500,3.4200,3.8100,14.7600,40.2200,38.2500,34.7200),(2836,83,2560.00,1.1600,1.2000,2.2100,2.2500,3.4200,3.8000,14.7600,40.2200,38.2500,35.0700),(2837,83,2816.00,1.1600,1.2000,2.2100,2.2500,3.4100,3.7900,14.7500,40.2200,38.2500,35.4400),(2838,83,3072.00,1.1600,1.2000,2.2100,2.2400,3.4100,3.7800,14.7500,40.2200,38.2500,35.6800),(2839,83,3328.00,1.1600,1.2000,2.2100,2.2400,3.4100,3.7800,14.7400,40.2200,38.2500,35.8000),(2840,83,3584.00,1.1600,1.2000,2.2100,2.2400,3.4100,3.7800,14.7400,40.2200,38.2500,36.0400),(2841,83,3840.00,1.1600,1.2000,2.2100,2.2400,3.4000,3.7700,14.7400,40.2200,38.2500,36.1900),(2842,83,4096.00,1.1600,1.2000,2.2100,2.2400,3.4000,3.7700,14.7400,40.2200,38.2500,36.3200),(2843,83,4608.00,1.1600,1.2000,2.2100,2.2400,3.4000,3.7600,14.7300,40.2200,38.2500,36.4800),(2844,83,5120.00,1.1600,1.2000,2.2100,2.2400,3.4000,3.7600,14.7300,40.2200,38.2500,36.7000),(2845,83,5632.00,1.1600,1.2000,2.2100,2.2400,3.3900,3.7500,14.7300,40.2100,38.2500,36.8000),(2846,83,6144.00,1.1600,1.2000,2.2100,2.2400,3.3900,3.7500,14.7300,40.2200,38.2500,36.9600),(2847,83,6656.00,1.1600,1.2000,2.2100,2.2400,3.3900,3.7500,14.7300,40.2200,38.2500,37.0200),(2848,83,7168.00,1.1600,1.2000,2.2100,2.2300,3.3900,3.7500,14.7200,40.2200,38.2500,37.1400),(2849,83,7680.00,1.1600,1.2000,2.2100,2.2300,3.3900,3.7500,14.7300,40.2200,38.2500,37.1900),(2850,83,8192.00,1.1600,1.2000,2.2100,2.2300,3.3900,3.7400,14.7200,40.2200,38.2500,37.2500),(2851,83,9216.00,1.1600,1.2000,2.2100,2.2300,3.3900,3.7400,14.7200,40.2200,38.2500,37.3900),(2852,83,10240.00,1.1600,1.2000,2.2100,2.2300,3.3900,3.7400,14.7200,40.2200,38.2500,37.4500),(2853,83,11264.00,1.1600,1.2000,2.2100,2.2300,3.3800,3.7400,14.7200,40.2200,38.2500,37.5400),(2854,83,12288.00,1.1600,1.2000,2.2100,2.2300,3.3800,3.7300,14.7200,40.2200,38.2500,37.6200),(2855,83,13312.00,1.1600,1.2000,2.2100,2.2300,3.3800,3.7300,14.7200,40.2100,38.2500,37.6700),(2856,83,14336.00,1.1600,1.2000,2.2100,2.2300,3.3800,3.7300,14.7200,40.2200,38.2500,37.7100),(2857,83,15360.00,1.1600,1.2000,2.2100,2.2300,3.3800,3.7300,14.7200,40.2200,38.2500,37.7500),(2858,83,16384.00,1.1600,1.2000,2.2100,2.2300,3.3800,3.7300,14.7200,40.2200,38.2500,37.7600),(2859,83,18432.00,1.1600,1.2000,2.2100,2.2300,3.3800,3.7300,14.7200,40.2200,38.2500,37.8300),(2860,83,20480.00,1.1600,1.2000,2.2100,2.2300,3.3800,3.7200,14.7200,40.2200,38.2500,37.8600),(2861,83,22528.00,1.1600,1.2000,2.2100,2.2300,3.3800,3.7200,14.7200,40.2200,38.2500,37.9100),(2862,83,24576.00,1.1600,1.2000,2.2100,2.2300,3.3800,3.7200,14.7100,40.2100,38.2500,37.9300),(2863,83,26624.00,1.1600,1.2000,2.2100,2.2300,3.3800,3.7200,14.7100,40.2200,38.2500,37.9600),(2864,83,28672.00,1.1600,1.2000,2.2100,2.2300,3.3800,3.7200,14.7100,40.2200,38.2500,37.9800),(2865,83,30720.00,1.1600,1.2000,2.2100,2.2300,3.3800,3.7200,14.7100,40.2200,38.2500,37.9800),(2866,83,32768.00,1.1600,1.2000,2.2100,2.2300,3.3800,3.7200,14.7100,40.2200,38.2500,38.0100),(2867,83,36864.00,1.1600,1.2300,2.2100,2.2300,3.4400,3.7200,14.7100,40.2200,38.2500,38.0400),(2868,83,40960.00,1.1600,1.2600,2.2100,2.2400,3.4400,3.7200,14.7200,40.2200,38.2500,38.0500),(2869,83,45056.00,1.1700,1.4000,2.2700,2.2900,3.4800,3.7600,14.7500,40.2200,38.2500,38.0800),(2870,83,49152.00,1.1900,1.5100,2.4000,2.4900,3.5600,3.8100,15.0000,40.2200,38.2500,38.0900),(2871,83,53248.00,1.2200,1.6100,2.7100,2.9600,3.8200,4.0300,15.6400,40.2200,38.2500,38.1000),(2872,83,57344.00,1.2300,1.6600,3.0100,3.6900,4.2800,4.5800,16.4000,40.2200,38.2800,38.1000),(2873,83,61440.00,1.2400,1.7000,3.1800,4.5000,4.8600,5.4900,17.9400,40.2400,38.2500,38.1200),(2874,83,65536.00,1.2600,1.7300,3.2300,4.6400,5.2700,6.4800,20.4800,40.2800,38.3300,38.1300),(2875,83,73728.00,1.2800,1.7800,3.3500,3.5900,6.0500,7.9200,24.6400,43.3500,39.3800,38.1400),(2876,83,81920.00,1.3000,1.8400,3.4800,3.7200,6.9200,8.6600,28.0800,51.7900,44.5700,38.1500),(2877,83,90112.00,1.3200,1.8900,3.5600,3.8100,7.7700,9.1100,31.3000,62.0400,59.7800,38.1600),(2878,83,98304.00,1.3300,1.9100,3.6300,3.8900,8.4300,9.5100,34.8600,74.6500,74.0300,38.1600),(2879,83,106496.00,1.3400,1.9300,3.6700,3.9700,9.0400,9.6400,36.6400,85.0900,85.2600,38.1800),(2880,83,114688.00,1.3500,1.9300,3.6900,3.9900,9.2900,9.7000,37.6000,93.3600,93.5200,38.2600),(2881,83,122880.00,1.3500,1.9400,3.6900,3.9900,9.3800,9.7100,38.0000,97.3500,97.4000,38.1900),(2882,83,131072.00,1.3500,1.9400,3.7000,3.9800,9.3800,9.7200,38.4000,108.9600,100.9700,38.9000),(2883,83,147456.00,1.3500,1.9400,3.6900,3.9800,9.3800,9.7500,40.0700,118.2500,118.2500,46.1900),(2884,83,163840.00,1.3500,1.9400,3.7000,3.9800,9.3800,9.7500,40.0400,118.2600,118.2500,56.9800),(2885,83,180224.00,1.3500,1.9400,3.6900,3.9800,9.3800,9.7500,40.0600,118.2500,118.2600,61.4400),(2886,83,196608.00,1.3500,1.9400,3.6900,3.9800,9.3800,9.7500,40.1100,118.2500,118.2600,73.8700),(2887,83,212992.00,1.3500,1.9400,3.6900,3.9800,9.3800,9.7600,40.1000,118.2600,118.2600,85.2000),(2888,83,229376.00,1.3500,1.9400,3.6900,3.9800,9.3800,9.7800,40.2300,118.2600,118.2600,92.5600),(2889,83,245760.00,1.3500,1.9400,3.6900,3.9800,9.3800,9.8100,40.3100,118.2600,118.2600,97.0000),(2890,83,262144.00,1.3500,1.9400,3.7000,3.9800,9.3800,9.8300,40.4900,118.2600,118.2600,108.7200),(2891,83,294912.00,1.3500,1.9400,3.6900,3.9800,9.3800,9.8700,40.8000,118.2600,118.2600,118.2700),(2892,83,327680.00,1.3500,1.9400,3.6900,3.9800,9.3800,9.9100,41.1900,118.2500,118.2600,118.2800),(2893,83,360448.00,1.3500,1.9400,3.6900,3.9800,9.3800,9.9500,41.5600,118.2600,118.2400,118.2800),(2894,83,393216.00,1.3500,1.9400,3.6900,3.9800,9.3800,10.0000,41.8700,118.2600,118.2500,118.3000),(2895,83,425984.00,1.3500,1.9400,3.6900,3.9800,9.3800,10.0200,42.2100,118.2600,118.2400,118.3000),(2896,83,458752.00,1.3500,1.9400,3.6900,3.9800,9.3800,10.0400,42.3100,118.2600,118.2600,118.3100),(2897,83,491520.00,1.3500,1.9400,3.6900,3.9800,9.3800,10.0500,42.5300,118.2600,118.2500,118.3000),(2898,83,524288.00,1.3500,1.9400,3.6900,3.9800,9.3800,10.0700,42.6300,118.3000,118.3000,118.4100),(2935,87,0.50,1.1500,1.1500,1.1500,1.1500,1.1500,1.1500,-1.0000,-1.0000,-1.0000,-1.0000),(2936,87,1.00,1.1500,1.1500,1.1500,1.1500,1.1500,1.1500,1.1500,-1.0000,-1.0000,-1.0000),(2937,87,2.00,1.1500,1.1500,1.1500,1.1500,1.1500,1.1500,1.1500,1.1500,-1.0000,-1.0000),(2938,87,3.00,1.1500,1.1500,1.1500,1.1500,1.1500,1.1500,1.1500,1.1500,-1.0000,-1.0000),(2939,87,4.00,1.1500,1.1500,1.1500,1.1500,1.1500,1.1500,1.1500,1.1500,1.1500,-1.0000),(2940,87,6.00,1.1500,1.1500,1.1500,1.1500,1.1500,1.1500,1.1500,1.1500,1.1500,-1.0000),(2941,87,8.00,1.1500,1.1500,1.1500,1.1500,1.1500,1.1500,1.1500,1.1500,1.1500,1.1500),(2942,87,10.00,1.1500,1.1500,1.1500,1.1500,1.1500,1.1500,1.1500,1.1500,1.1500,1.1500),(2943,87,12.00,1.1500,1.1500,1.1500,1.1500,1.1500,1.1500,1.1500,1.1500,1.1500,1.1500),(2944,87,14.00,1.1500,1.1500,1.1500,1.1500,1.1500,1.1500,1.1500,1.1500,1.1500,1.1500),(2945,87,15.99,1.1500,1.1500,1.1500,1.1500,1.1500,1.1500,1.1500,1.1500,1.1500,1.1500),(2946,87,18.00,1.1500,1.1500,1.1500,1.1500,1.1500,1.1500,1.1500,1.1500,1.1500,1.1500),(2947,87,20.00,1.1500,1.1500,1.1500,1.1500,1.1500,1.1500,1.1500,1.1500,1.1500,1.1500),(2948,87,22.00,1.1500,1.1500,1.1500,1.1500,1.1500,1.1500,1.1500,1.1500,1.1500,1.1500),(2949,87,24.00,1.1500,1.1500,1.1500,1.1500,1.1500,1.1500,1.1500,1.1500,1.1500,1.1500),(2950,87,26.00,1.1500,1.1500,1.1500,1.1500,1.1500,1.1500,1.1500,1.1500,1.1500,1.1500),(2951,87,28.00,1.1500,1.1500,1.1500,1.1500,1.1500,1.1500,1.1500,1.1500,1.1500,1.1500),(2952,87,30.00,1.1500,1.1500,1.1500,1.1500,1.1500,1.1500,1.1500,1.1500,1.1500,1.1500),(2953,87,32.00,1.1500,1.1500,1.1500,1.1500,1.1500,1.1500,1.1500,1.1500,1.1500,1.1500),(2954,87,36.00,1.1700,1.2100,1.6100,1.9000,2.0400,2.2500,2.5400,5.7700,1.7700,1.1500),(2955,87,40.00,1.1700,1.2100,1.6100,1.8900,2.0200,2.4100,2.7800,5.7700,5.7700,1.1500),(2956,87,44.00,1.1700,1.2000,1.6000,1.8800,2.0100,2.4200,2.8300,5.7700,5.7700,1.1500),(2957,87,48.01,1.1600,1.2000,1.6000,1.8700,1.9700,2.4000,2.7400,5.7700,5.7700,1.1500),(2958,87,52.00,1.1600,1.2000,1.5900,1.8700,1.9700,2.3900,2.6800,5.7700,5.7700,1.1500),(2959,87,56.00,1.1600,1.1900,1.5900,1.8500,1.9600,2.3100,2.6500,5.7700,5.7700,1.1500),(2960,87,60.00,1.1600,1.1900,1.5900,1.8500,1.9500,2.2800,2.6200,5.7700,5.7700,1.1500),(2961,87,64.00,1.1600,1.1900,1.5800,1.8400,1.9300,2.3000,2.5800,5.7700,5.7700,1.1500),(2962,87,72.00,1.1600,1.1800,1.5800,1.8300,1.9200,2.2900,2.5000,5.7700,5.7700,1.7700),(2963,87,79.99,1.1600,1.1800,1.5800,1.8300,1.9100,2.2600,2.4800,5.7700,5.7700,5.0200),(2964,87,88.00,1.1600,1.1800,1.5700,1.8200,1.9000,2.2300,2.4200,5.7700,5.7700,5.7700),(2965,87,96.00,1.1600,1.1800,1.5700,1.8200,1.8900,2.2100,2.4000,5.7700,5.7700,5.7700),(2966,87,104.00,1.1600,1.1800,1.5700,1.8100,1.8900,2.2000,2.3900,5.7700,5.7700,5.7700),(2967,87,112.01,1.1600,1.1700,1.5600,1.8100,1.8800,2.2000,2.3400,5.7700,5.7700,5.7700),(2968,87,120.00,1.1600,1.1700,1.5600,1.8000,1.8700,2.1900,2.3300,5.7700,5.7700,5.7700),(2969,87,128.00,1.1600,1.1700,1.5600,1.8000,1.8700,2.1700,2.3000,5.7700,5.7700,5.7700),(2970,87,143.99,1.1600,1.1700,1.5600,1.8000,1.8600,2.1600,2.2800,5.7700,5.7700,5.7700),(2971,87,160.00,1.1600,1.1700,1.5600,1.7900,1.8500,2.1300,2.2600,5.7700,5.7700,5.7700),(2972,87,176.01,1.1600,1.1700,1.5500,1.7900,1.8500,2.1300,2.2300,5.7700,5.7700,5.7700),(2973,87,192.00,1.1600,1.1700,1.5500,1.7900,1.8400,2.1300,2.2100,5.7700,5.7700,5.7700),(2974,87,207.99,1.1600,1.1600,1.5500,2.1200,1.8400,2.1200,2.2000,5.7700,5.7700,5.7700),(2975,87,224.00,1.1600,1.1600,1.5500,2.0900,1.8400,2.1100,3.5500,5.7700,5.7700,5.7700),(2976,87,240.01,1.1600,1.2300,1.5500,2.0800,1.8300,2.1100,3.1100,5.7700,5.7700,5.7700),(2977,87,256.00,1.1600,1.2200,1.5500,2.0600,1.8300,2.1000,2.1700,5.7700,5.7700,5.7700),(2978,87,288.00,1.1600,1.2300,1.5700,2.0900,1.6100,1.8900,3.8000,6.5500,7.3300,7.3100),(2979,87,320.00,1.2400,1.2200,1.8200,2.1900,2.1200,1.8800,3.3500,6.5500,10.8100,7.3100),(2980,87,352.00,1.2400,1.2200,1.8300,2.0400,2.0800,1.8700,2.9600,9.9900,10.4900,7.3100),(2981,87,384.00,1.2700,1.2500,1.8300,2.0800,2.2900,1.8600,3.8600,16.0400,10.2300,7.3100),(2982,87,416.00,1.2700,1.2500,1.9600,2.1900,2.4900,2.5800,3.9700,15.6300,12.6800,7.3100),(2983,87,448.00,1.2600,1.2600,1.9600,2.2600,2.6800,2.8200,3.6900,15.2800,12.8500,7.3100),(2984,87,480.00,1.2800,1.2600,2.1500,2.3000,2.8300,3.4700,4.8400,17.5100,17.3900,7.3100),(2985,87,512.00,1.2900,1.2500,2.1200,2.2500,2.9100,3.4100,5.1500,19.4600,23.7500,7.3100),(2986,87,576.00,1.2500,1.2500,2.1100,2.3900,3.1500,3.5100,5.8700,29.9600,30.9800,7.3300),(2987,87,640.00,1.2400,1.2200,2.1700,2.3500,3.2400,3.6800,6.1000,33.7500,32.4800,10.8100),(2988,87,704.00,1.2400,1.2000,2.1700,2.3400,3.3200,3.9500,5.7000,38.7000,35.4800,10.8500),(2989,87,768.00,1.1800,1.2100,2.2100,2.2800,3.3800,3.8800,6.8400,40.2200,38.2500,16.7000),(2990,87,832.00,1.1600,1.2100,2.2100,2.2800,3.4300,3.8800,6.3100,40.2200,38.2500,22.2400),(2991,87,896.00,1.1600,1.2100,2.2200,2.2900,3.4900,3.9200,14.8400,40.2200,38.2500,25.3100),(2992,87,960.00,1.1600,1.2100,2.2200,2.2700,3.4800,3.9000,14.8300,40.2200,38.2500,30.0300),(2993,87,1024.00,1.1600,1.2100,2.2200,2.2800,3.4700,3.9400,14.8200,40.2200,38.2500,30.5500),(2994,87,1152.00,1.1600,1.2100,2.2200,2.2700,3.4600,3.9200,14.8100,40.2200,38.2500,31.4000),(2995,87,1280.00,1.1600,1.2100,2.2200,2.2700,3.4500,3.9000,14.8000,40.2200,38.2500,32.0800),(2996,87,1408.00,1.1600,1.2100,2.2200,2.2700,3.4500,3.8700,14.7900,40.2200,38.2500,32.4700),(2997,87,1536.00,1.1600,1.2100,2.2100,2.2600,3.4500,3.8600,14.7800,40.2200,38.2500,33.1100),(2998,87,1664.00,1.1600,1.2100,2.2100,2.2600,3.4400,3.8500,14.7800,40.2200,38.2500,33.3600),(2999,87,1792.00,1.1600,1.2100,2.2100,2.2600,3.4400,3.8400,14.7700,40.2200,38.2500,33.8400),(3000,87,1920.00,1.1600,1.2100,2.2100,2.2500,3.4300,3.8300,14.7700,40.2200,38.2500,34.0100),(3001,87,2048.00,1.1600,1.2000,2.2100,2.2500,3.4300,3.8200,14.7700,40.2200,38.2500,34.3900),(3002,87,2304.00,1.1600,1.2000,2.2100,2.2500,3.4200,3.8100,14.7600,40.2200,38.2500,34.7200),(3003,87,2560.00,1.1600,1.2000,2.2100,2.2500,3.4200,3.8000,14.7600,40.2200,38.2500,35.0700),(3004,87,2816.00,1.1600,1.2000,2.2100,2.2500,3.4100,3.7900,14.7500,40.2200,38.2500,35.4400),(3005,87,3072.00,1.1600,1.2000,2.2100,2.2400,3.4100,3.7800,14.7500,40.2200,38.2500,35.6800),(3006,87,3328.00,1.1600,1.2000,2.2100,2.2400,3.4100,3.7800,14.7400,40.2200,38.2500,35.8000),(3007,87,3584.00,1.1600,1.2000,2.2100,2.2400,3.4100,3.7800,14.7400,40.2200,38.2500,36.0400),(3008,87,3840.00,1.1600,1.2000,2.2100,2.2400,3.4000,3.7700,14.7400,40.2200,38.2500,36.1900),(3009,87,4096.00,1.1600,1.2000,2.2100,2.2400,3.4000,3.7700,14.7400,40.2200,38.2500,36.3200),(3010,87,4608.00,1.1600,1.2000,2.2100,2.2400,3.4000,3.7600,14.7300,40.2200,38.2500,36.4800),(3011,87,5120.00,1.1600,1.2000,2.2100,2.2400,3.4000,3.7600,14.7300,40.2200,38.2500,36.7000),(3012,87,5632.00,1.1600,1.2000,2.2100,2.2400,3.3900,3.7500,14.7300,40.2100,38.2500,36.8000),(3013,87,6144.00,1.1600,1.2000,2.2100,2.2400,3.3900,3.7500,14.7300,40.2200,38.2500,36.9600),(3014,87,6656.00,1.1600,1.2000,2.2100,2.2400,3.3900,3.7500,14.7300,40.2200,38.2500,37.0200),(3015,87,7168.00,1.1600,1.2000,2.2100,2.2300,3.3900,3.7500,14.7200,40.2200,38.2500,37.1400),(3016,87,7680.00,1.1600,1.2000,2.2100,2.2300,3.3900,3.7500,14.7300,40.2200,38.2500,37.1900),(3017,87,8192.00,1.1600,1.2000,2.2100,2.2300,3.3900,3.7400,14.7200,40.2200,38.2500,37.2500),(3018,87,9216.00,1.1600,1.2000,2.2100,2.2300,3.3900,3.7400,14.7200,40.2200,38.2500,37.3900),(3019,87,10240.00,1.1600,1.2000,2.2100,2.2300,3.3900,3.7400,14.7200,40.2200,38.2500,37.4500),(3020,87,11264.00,1.1600,1.2000,2.2100,2.2300,3.3800,3.7400,14.7200,40.2200,38.2500,37.5400),(3021,87,12288.00,1.1600,1.2000,2.2100,2.2300,3.3800,3.7300,14.7200,40.2200,38.2500,37.6200),(3022,87,13312.00,1.1600,1.2000,2.2100,2.2300,3.3800,3.7300,14.7200,40.2100,38.2500,37.6700),(3023,87,14336.00,1.1600,1.2000,2.2100,2.2300,3.3800,3.7300,14.7200,40.2200,38.2500,37.7100),(3024,87,15360.00,1.1600,1.2000,2.2100,2.2300,3.3800,3.7300,14.7200,40.2200,38.2500,37.7500),(3025,87,16384.00,1.1600,1.2000,2.2100,2.2300,3.3800,3.7300,14.7200,40.2200,38.2500,37.7600),(3026,87,18432.00,1.1600,1.2000,2.2100,2.2300,3.3800,3.7300,14.7200,40.2200,38.2500,37.8300),(3027,87,20480.00,1.1600,1.2000,2.2100,2.2300,3.3800,3.7200,14.7200,40.2200,38.2500,37.8600),(3028,87,22528.00,1.1600,1.2000,2.2100,2.2300,3.3800,3.7200,14.7200,40.2200,38.2500,37.9100),(3029,87,24576.00,1.1600,1.2000,2.2100,2.2300,3.3800,3.7200,14.7100,40.2100,38.2500,37.9300),(3030,87,26624.00,1.1600,1.2000,2.2100,2.2300,3.3800,3.7200,14.7100,40.2200,38.2500,37.9600),(3031,87,28672.00,1.1600,1.2000,2.2100,2.2300,3.3800,3.7200,14.7100,40.2200,38.2500,37.9800),(3032,87,30720.00,1.1600,1.2000,2.2100,2.2300,3.3800,3.7200,14.7100,40.2200,38.2500,37.9800),(3033,87,32768.00,1.1600,1.2000,2.2100,2.2300,3.3800,3.7200,14.7100,40.2200,38.2500,38.0100),(3034,87,36864.00,1.1600,1.2300,2.2100,2.2300,3.4400,3.7200,14.7100,40.2200,38.2500,38.0400),(3035,87,40960.00,1.1600,1.2600,2.2100,2.2400,3.4400,3.7200,14.7200,40.2200,38.2500,38.0500),(3036,87,45056.00,1.1700,1.4000,2.2700,2.2900,3.4800,3.7600,14.7500,40.2200,38.2500,38.0800),(3037,87,49152.00,1.1900,1.5100,2.4000,2.4900,3.5600,3.8100,15.0000,40.2200,38.2500,38.0900),(3038,87,53248.00,1.2200,1.6100,2.7100,2.9600,3.8200,4.0300,15.6400,40.2200,38.2500,38.1000),(3039,87,57344.00,1.2300,1.6600,3.0100,3.6900,4.2800,4.5800,16.4000,40.2200,38.2800,38.1000),(3040,87,61440.00,1.2400,1.7000,3.1800,4.5000,4.8600,5.4900,17.9400,40.2400,38.2500,38.1200),(3041,87,65536.00,1.2600,1.7300,3.2300,4.6400,5.2700,6.4800,20.4800,40.2800,38.3300,38.1300),(3042,87,73728.00,1.2800,1.7800,3.3500,3.5900,6.0500,7.9200,24.6400,43.3500,39.3800,38.1400),(3043,87,81920.00,1.3000,1.8400,3.4800,3.7200,6.9200,8.6600,28.0800,51.7900,44.5700,38.1500),(3044,87,90112.00,1.3200,1.8900,3.5600,3.8100,7.7700,9.1100,31.3000,62.0400,59.7800,38.1600),(3045,87,98304.00,1.3300,1.9100,3.6300,3.8900,8.4300,9.5100,34.8600,74.6500,74.0300,38.1600),(3046,87,106496.00,1.3400,1.9300,3.6700,3.9700,9.0400,9.6400,36.6400,85.0900,85.2600,38.1800),(3047,87,114688.00,1.3500,1.9300,3.6900,3.9900,9.2900,9.7000,37.6000,93.3600,93.5200,38.2600),(3048,87,122880.00,1.3500,1.9400,3.6900,3.9900,9.3800,9.7100,38.0000,97.3500,97.4000,38.1900),(3049,87,131072.00,1.3500,1.9400,3.7000,3.9800,9.3800,9.7200,38.4000,108.9600,100.9700,38.9000),(3050,87,147456.00,1.3500,1.9400,3.6900,3.9800,9.3800,9.7500,40.0700,118.2500,118.2500,46.1900),(3051,87,163840.00,1.3500,1.9400,3.7000,3.9800,9.3800,9.7500,40.0400,118.2600,118.2500,56.9800),(3052,87,180224.00,1.3500,1.9400,3.6900,3.9800,9.3800,9.7500,40.0600,118.2500,118.2600,61.4400),(3053,87,196608.00,1.3500,1.9400,3.6900,3.9800,9.3800,9.7500,40.1100,118.2500,118.2600,73.8700),(3054,87,212992.00,1.3500,1.9400,3.6900,3.9800,9.3800,9.7600,40.1000,118.2600,118.2600,85.2000),(3055,87,229376.00,1.3500,1.9400,3.6900,3.9800,9.3800,9.7800,40.2300,118.2600,118.2600,92.5600),(3056,87,245760.00,1.3500,1.9400,3.6900,3.9800,9.3800,9.8100,40.3100,118.2600,118.2600,97.0000),(3057,87,262144.00,1.3500,1.9400,3.7000,3.9800,9.3800,9.8300,40.4900,118.2600,118.2600,108.7200),(3058,87,294912.00,1.3500,1.9400,3.6900,3.9800,9.3800,9.8700,40.8000,118.2600,118.2600,118.2700),(3059,87,327680.00,1.3500,1.9400,3.6900,3.9800,9.3800,9.9100,41.1900,118.2500,118.2600,118.2800),(3060,87,360448.00,1.3500,1.9400,3.6900,3.9800,9.3800,9.9500,41.5600,118.2600,118.2400,118.2800),(3061,87,393216.00,1.3500,1.9400,3.6900,3.9800,9.3800,10.0000,41.8700,118.2600,118.2500,118.3000),(3062,87,425984.00,1.3500,1.9400,3.6900,3.9800,9.3800,10.0200,42.2100,118.2600,118.2400,118.3000),(3063,87,458752.00,1.3500,1.9400,3.6900,3.9800,9.3800,10.0400,42.3100,118.2600,118.2600,118.3100),(3064,87,491520.00,1.3500,1.9400,3.6900,3.9800,9.3800,10.0500,42.5300,118.2600,118.2500,118.3000),(3065,87,524288.00,1.3500,1.9400,3.6900,3.9800,9.3800,10.0700,42.6300,118.3000,118.3000,118.4100),(3066,88,0.50,1.1500,1.1500,1.1500,1.1500,1.1500,1.1500,-1.0000,-1.0000,-1.0000,-1.0000),(3067,88,1.00,1.1500,1.1500,1.1500,1.1500,1.1500,1.1500,1.1500,-1.0000,-1.0000,-1.0000),(3068,88,2.00,1.1500,1.1500,1.1500,1.1500,1.1500,1.1500,1.1500,1.1500,-1.0000,-1.0000),(3069,88,3.00,1.1500,1.1500,1.1500,1.1500,1.1500,1.1500,1.1500,1.1500,-1.0000,-1.0000),(3070,88,4.00,1.1500,1.1500,1.1500,1.1500,1.1500,1.1500,1.1500,1.1500,1.1500,-1.0000),(3071,88,6.00,1.1500,1.1500,1.1500,1.1500,1.1500,1.1500,1.1500,1.1500,1.1500,-1.0000),(3072,88,8.00,1.1500,1.1500,1.1500,1.1500,1.1500,1.1500,1.1500,1.1500,1.1500,1.1500),(3073,88,10.00,1.1500,1.1500,1.1500,1.1500,1.1500,1.1500,1.1500,1.1500,1.1500,1.1500),(3074,88,12.00,1.1500,1.1500,1.1500,1.1500,1.1500,1.1500,1.1500,1.1500,1.1500,1.1500),(3075,88,14.00,1.1500,1.1500,1.1500,1.1500,1.1500,1.1500,1.1500,1.1500,1.1500,1.1500),(3076,88,15.99,1.1500,1.1500,1.1500,1.1500,1.1500,1.1500,1.1500,1.1500,1.1500,1.1500),(3077,88,18.00,1.1500,1.1500,1.1500,1.1500,1.1500,1.1500,1.1500,1.1500,1.1500,1.1500),(3078,88,20.00,1.1500,1.1500,1.1500,1.1500,1.1500,1.1500,1.1500,1.1500,1.1500,1.1500),(3079,88,22.00,1.1500,1.1500,1.1500,1.1500,1.1500,1.1500,1.1500,1.1500,1.1500,1.1500),(3080,88,24.00,1.1500,1.1500,1.1500,1.1500,1.1500,1.1500,1.1500,1.1500,1.1500,1.1500),(3081,88,26.00,1.1500,1.1500,1.1500,1.1500,1.1500,1.1500,1.1500,1.1500,1.1500,1.1500),(3082,88,28.00,1.1500,1.1500,1.1500,1.1500,1.1500,1.1500,1.1500,1.1500,1.1500,1.1500),(3083,88,30.00,1.1500,1.1500,1.1500,1.1500,1.1500,1.1500,1.1500,1.1500,1.1500,1.1500),(3084,88,32.00,1.1500,1.1500,1.1500,1.1500,1.1500,1.1500,1.1500,1.1500,1.1500,1.1500),(3085,88,36.00,1.1700,1.2100,1.6100,1.9000,2.0400,2.2500,2.5400,5.7700,1.7700,1.1500),(3086,88,40.00,1.1700,1.2100,1.6100,1.8900,2.0200,2.4100,2.7800,5.7700,5.7700,1.1500),(3087,88,44.00,1.1700,1.2000,1.6000,1.8800,2.0100,2.4200,2.8300,5.7700,5.7700,1.1500),(3088,88,48.01,1.1600,1.2000,1.6000,1.8700,1.9700,2.4000,2.7400,5.7700,5.7700,1.1500),(3089,88,52.00,1.1600,1.2000,1.5900,1.8700,1.9700,2.3900,2.6800,5.7700,5.7700,1.1500),(3090,88,56.00,1.1600,1.1900,1.5900,1.8500,1.9600,2.3100,2.6500,5.7700,5.7700,1.1500),(3091,88,60.00,1.1600,1.1900,1.5900,1.8500,1.9500,2.2800,2.6200,5.7700,5.7700,1.1500),(3092,88,64.00,1.1600,1.1900,1.5800,1.8400,1.9300,2.3000,2.5800,5.7700,5.7700,1.1500),(3093,88,72.00,1.1600,1.1800,1.5800,1.8300,1.9200,2.2900,2.5000,5.7700,5.7700,1.7700),(3094,88,79.99,1.1600,1.1800,1.5800,1.8300,1.9100,2.2600,2.4800,5.7700,5.7700,5.0200),(3095,88,88.00,1.1600,1.1800,1.5700,1.8200,1.9000,2.2300,2.4200,5.7700,5.7700,5.7700),(3096,88,96.00,1.1600,1.1800,1.5700,1.8200,1.8900,2.2100,2.4000,5.7700,5.7700,5.7700),(3097,88,104.00,1.1600,1.1800,1.5700,1.8100,1.8900,2.2000,2.3900,5.7700,5.7700,5.7700),(3098,88,112.01,1.1600,1.1700,1.5600,1.8100,1.8800,2.2000,2.3400,5.7700,5.7700,5.7700),(3099,88,120.00,1.1600,1.1700,1.5600,1.8000,1.8700,2.1900,2.3300,5.7700,5.7700,5.7700),(3100,88,128.00,1.1600,1.1700,1.5600,1.8000,1.8700,2.1700,2.3000,5.7700,5.7700,5.7700),(3101,88,143.99,1.1600,1.1700,1.5600,1.8000,1.8600,2.1600,2.2800,5.7700,5.7700,5.7700),(3102,88,160.00,1.1600,1.1700,1.5600,1.7900,1.8500,2.1300,2.2600,5.7700,5.7700,5.7700),(3103,88,176.01,1.1600,1.1700,1.5500,1.7900,1.8500,2.1300,2.2300,5.7700,5.7700,5.7700),(3104,88,192.00,1.1600,1.1700,1.5500,1.7900,1.8400,2.1300,2.2100,5.7700,5.7700,5.7700),(3105,88,207.99,1.1600,1.1600,1.5500,2.1200,1.8400,2.1200,2.2000,5.7700,5.7700,5.7700),(3106,88,224.00,1.1600,1.1600,1.5500,2.0900,1.8400,2.1100,3.5500,5.7700,5.7700,5.7700),(3107,88,240.01,1.1600,1.2300,1.5500,2.0800,1.8300,2.1100,3.1100,5.7700,5.7700,5.7700),(3108,88,256.00,1.1600,1.2200,1.5500,2.0600,1.8300,2.1000,2.1700,5.7700,5.7700,5.7700),(3109,88,288.00,1.1600,1.2300,1.5700,2.0900,1.6100,1.8900,3.8000,6.5500,7.3300,7.3100),(3110,88,320.00,1.2400,1.2200,1.8200,2.1900,2.1200,1.8800,3.3500,6.5500,10.8100,7.3100),(3111,88,352.00,1.2400,1.2200,1.8300,2.0400,2.0800,1.8700,2.9600,9.9900,10.4900,7.3100),(3112,88,384.00,1.2700,1.2500,1.8300,2.0800,2.2900,1.8600,3.8600,16.0400,10.2300,7.3100),(3113,88,416.00,1.2700,1.2500,1.9600,2.1900,2.4900,2.5800,3.9700,15.6300,12.6800,7.3100),(3114,88,448.00,1.2600,1.2600,1.9600,2.2600,2.6800,2.8200,3.6900,15.2800,12.8500,7.3100),(3115,88,480.00,1.2800,1.2600,2.1500,2.3000,2.8300,3.4700,4.8400,17.5100,17.3900,7.3100),(3116,88,512.00,1.2900,1.2500,2.1200,2.2500,2.9100,3.4100,5.1500,19.4600,23.7500,7.3100),(3117,88,576.00,1.2500,1.2500,2.1100,2.3900,3.1500,3.5100,5.8700,29.9600,30.9800,7.3300),(3118,88,640.00,1.2400,1.2200,2.1700,2.3500,3.2400,3.6800,6.1000,33.7500,32.4800,10.8100),(3119,88,704.00,1.2400,1.2000,2.1700,2.3400,3.3200,3.9500,5.7000,38.7000,35.4800,10.8500),(3120,88,768.00,1.1800,1.2100,2.2100,2.2800,3.3800,3.8800,6.8400,40.2200,38.2500,16.7000),(3121,88,832.00,1.1600,1.2100,2.2100,2.2800,3.4300,3.8800,6.3100,40.2200,38.2500,22.2400),(3122,88,896.00,1.1600,1.2100,2.2200,2.2900,3.4900,3.9200,14.8400,40.2200,38.2500,25.3100),(3123,88,960.00,1.1600,1.2100,2.2200,2.2700,3.4800,3.9000,14.8300,40.2200,38.2500,30.0300),(3124,88,1024.00,1.1600,1.2100,2.2200,2.2800,3.4700,3.9400,14.8200,40.2200,38.2500,30.5500),(3125,88,1152.00,1.1600,1.2100,2.2200,2.2700,3.4600,3.9200,14.8100,40.2200,38.2500,31.4000),(3126,88,1280.00,1.1600,1.2100,2.2200,2.2700,3.4500,3.9000,14.8000,40.2200,38.2500,32.0800),(3127,88,1408.00,1.1600,1.2100,2.2200,2.2700,3.4500,3.8700,14.7900,40.2200,38.2500,32.4700),(3128,88,1536.00,1.1600,1.2100,2.2100,2.2600,3.4500,3.8600,14.7800,40.2200,38.2500,33.1100),(3129,88,1664.00,1.1600,1.2100,2.2100,2.2600,3.4400,3.8500,14.7800,40.2200,38.2500,33.3600),(3130,88,1792.00,1.1600,1.2100,2.2100,2.2600,3.4400,3.8400,14.7700,40.2200,38.2500,33.8400),(3131,88,1920.00,1.1600,1.2100,2.2100,2.2500,3.4300,3.8300,14.7700,40.2200,38.2500,34.0100),(3132,88,2048.00,1.1600,1.2000,2.2100,2.2500,3.4300,3.8200,14.7700,40.2200,38.2500,34.3900),(3133,88,2304.00,1.1600,1.2000,2.2100,2.2500,3.4200,3.8100,14.7600,40.2200,38.2500,34.7200),(3134,88,2560.00,1.1600,1.2000,2.2100,2.2500,3.4200,3.8000,14.7600,40.2200,38.2500,35.0700),(3135,88,2816.00,1.1600,1.2000,2.2100,2.2500,3.4100,3.7900,14.7500,40.2200,38.2500,35.4400),(3136,88,3072.00,1.1600,1.2000,2.2100,2.2400,3.4100,3.7800,14.7500,40.2200,38.2500,35.6800),(3137,88,3328.00,1.1600,1.2000,2.2100,2.2400,3.4100,3.7800,14.7400,40.2200,38.2500,35.8000),(3138,88,3584.00,1.1600,1.2000,2.2100,2.2400,3.4100,3.7800,14.7400,40.2200,38.2500,36.0400),(3139,88,3840.00,1.1600,1.2000,2.2100,2.2400,3.4000,3.7700,14.7400,40.2200,38.2500,36.1900),(3140,88,4096.00,1.1600,1.2000,2.2100,2.2400,3.4000,3.7700,14.7400,40.2200,38.2500,36.3200),(3141,88,4608.00,1.1600,1.2000,2.2100,2.2400,3.4000,3.7600,14.7300,40.2200,38.2500,36.4800),(3142,88,5120.00,1.1600,1.2000,2.2100,2.2400,3.4000,3.7600,14.7300,40.2200,38.2500,36.7000),(3143,88,5632.00,1.1600,1.2000,2.2100,2.2400,3.3900,3.7500,14.7300,40.2100,38.2500,36.8000),(3144,88,6144.00,1.1600,1.2000,2.2100,2.2400,3.3900,3.7500,14.7300,40.2200,38.2500,36.9600),(3145,88,6656.00,1.1600,1.2000,2.2100,2.2400,3.3900,3.7500,14.7300,40.2200,38.2500,37.0200),(3146,88,7168.00,1.1600,1.2000,2.2100,2.2300,3.3900,3.7500,14.7200,40.2200,38.2500,37.1400),(3147,88,7680.00,1.1600,1.2000,2.2100,2.2300,3.3900,3.7500,14.7300,40.2200,38.2500,37.1900),(3148,88,8192.00,1.1600,1.2000,2.2100,2.2300,3.3900,3.7400,14.7200,40.2200,38.2500,37.2500),(3149,88,9216.00,1.1600,1.2000,2.2100,2.2300,3.3900,3.7400,14.7200,40.2200,38.2500,37.3900),(3150,88,10240.00,1.1600,1.2000,2.2100,2.2300,3.3900,3.7400,14.7200,40.2200,38.2500,37.4500),(3151,88,11264.00,1.1600,1.2000,2.2100,2.2300,3.3800,3.7400,14.7200,40.2200,38.2500,37.5400),(3152,88,12288.00,1.1600,1.2000,2.2100,2.2300,3.3800,3.7300,14.7200,40.2200,38.2500,37.6200),(3153,88,13312.00,1.1600,1.2000,2.2100,2.2300,3.3800,3.7300,14.7200,40.2100,38.2500,37.6700),(3154,88,14336.00,1.1600,1.2000,2.2100,2.2300,3.3800,3.7300,14.7200,40.2200,38.2500,37.7100),(3155,88,15360.00,1.1600,1.2000,2.2100,2.2300,3.3800,3.7300,14.7200,40.2200,38.2500,37.7500),(3156,88,16384.00,1.1600,1.2000,2.2100,2.2300,3.3800,3.7300,14.7200,40.2200,38.2500,37.7600),(3157,88,18432.00,1.1600,1.2000,2.2100,2.2300,3.3800,3.7300,14.7200,40.2200,38.2500,37.8300),(3158,88,20480.00,1.1600,1.2000,2.2100,2.2300,3.3800,3.7200,14.7200,40.2200,38.2500,37.8600),(3159,88,22528.00,1.1600,1.2000,2.2100,2.2300,3.3800,3.7200,14.7200,40.2200,38.2500,37.9100),(3160,88,24576.00,1.1600,1.2000,2.2100,2.2300,3.3800,3.7200,14.7100,40.2100,38.2500,37.9300),(3161,88,26624.00,1.1600,1.2000,2.2100,2.2300,3.3800,3.7200,14.7100,40.2200,38.2500,37.9600),(3162,88,28672.00,1.1600,1.2000,2.2100,2.2300,3.3800,3.7200,14.7100,40.2200,38.2500,37.9800),(3163,88,30720.00,1.1600,1.2000,2.2100,2.2300,3.3800,3.7200,14.7100,40.2200,38.2500,37.9800),(3164,88,32768.00,1.1600,1.2000,2.2100,2.2300,3.3800,3.7200,14.7100,40.2200,38.2500,38.0100),(3165,88,36864.00,1.1600,1.2300,2.2100,2.2300,3.4400,3.7200,14.7100,40.2200,38.2500,38.0400),(3166,88,40960.00,1.1600,1.2600,2.2100,2.2400,3.4400,3.7200,14.7200,40.2200,38.2500,38.0500),(3167,88,45056.00,1.1700,1.4000,2.2700,2.2900,3.4800,3.7600,14.7500,40.2200,38.2500,38.0800),(3168,88,49152.00,1.1900,1.5100,2.4000,2.4900,3.5600,3.8100,15.0000,40.2200,38.2500,38.0900),(3169,88,53248.00,1.2200,1.6100,2.7100,2.9600,3.8200,4.0300,15.6400,40.2200,38.2500,38.1000),(3170,88,57344.00,1.2300,1.6600,3.0100,3.6900,4.2800,4.5800,16.4000,40.2200,38.2800,38.1000),(3171,88,61440.00,1.2400,1.7000,3.1800,4.5000,4.8600,5.4900,17.9400,40.2400,38.2500,38.1200),(3172,88,65536.00,1.2600,1.7300,3.2300,4.6400,5.2700,6.4800,20.4800,40.2800,38.3300,38.1300),(3173,88,73728.00,1.2800,1.7800,3.3500,3.5900,6.0500,7.9200,24.6400,43.3500,39.3800,38.1400),(3174,88,81920.00,1.3000,1.8400,3.4800,3.7200,6.9200,8.6600,28.0800,51.7900,44.5700,38.1500),(3175,88,90112.00,1.3200,1.8900,3.5600,3.8100,7.7700,9.1100,31.3000,62.0400,59.7800,38.1600),(3176,88,98304.00,1.3300,1.9100,3.6300,3.8900,8.4300,9.5100,34.8600,74.6500,74.0300,38.1600),(3177,88,106496.00,1.3400,1.9300,3.6700,3.9700,9.0400,9.6400,36.6400,85.0900,85.2600,38.1800),(3178,88,114688.00,1.3500,1.9300,3.6900,3.9900,9.2900,9.7000,37.6000,93.3600,93.5200,38.2600),(3179,88,122880.00,1.3500,1.9400,3.6900,3.9900,9.3800,9.7100,38.0000,97.3500,97.4000,38.1900),(3180,88,131072.00,1.3500,1.9400,3.7000,3.9800,9.3800,9.7200,38.4000,108.9600,100.9700,38.9000),(3181,88,147456.00,1.3500,1.9400,3.6900,3.9800,9.3800,9.7500,40.0700,118.2500,118.2500,46.1900),(3182,88,163840.00,1.3500,1.9400,3.7000,3.9800,9.3800,9.7500,40.0400,118.2600,118.2500,56.9800),(3183,88,180224.00,1.3500,1.9400,3.6900,3.9800,9.3800,9.7500,40.0600,118.2500,118.2600,61.4400),(3184,88,196608.00,1.3500,1.9400,3.6900,3.9800,9.3800,9.7500,40.1100,118.2500,118.2600,73.8700),(3185,88,212992.00,1.3500,1.9400,3.6900,3.9800,9.3800,9.7600,40.1000,118.2600,118.2600,85.2000),(3186,88,229376.00,1.3500,1.9400,3.6900,3.9800,9.3800,9.7800,40.2300,118.2600,118.2600,92.5600),(3187,88,245760.00,1.3500,1.9400,3.6900,3.9800,9.3800,9.8100,40.3100,118.2600,118.2600,97.0000),(3188,88,262144.00,1.3500,1.9400,3.7000,3.9800,9.3800,9.8300,40.4900,118.2600,118.2600,108.7200),(3189,88,294912.00,1.3500,1.9400,3.6900,3.9800,9.3800,9.8700,40.8000,118.2600,118.2600,118.2700),(3190,88,327680.00,1.3500,1.9400,3.6900,3.9800,9.3800,9.9100,41.1900,118.2500,118.2600,118.2800),(3191,88,360448.00,1.3500,1.9400,3.6900,3.9800,9.3800,9.9500,41.5600,118.2600,118.2400,118.2800),(3192,88,393216.00,1.3500,1.9400,3.6900,3.9800,9.3800,10.0000,41.8700,118.2600,118.2500,118.3000),(3193,88,425984.00,1.3500,1.9400,3.6900,3.9800,9.3800,10.0200,42.2100,118.2600,118.2400,118.3000),(3194,88,458752.00,1.3500,1.9400,3.6900,3.9800,9.3800,10.0400,42.3100,118.2600,118.2600,118.3100),(3195,88,491520.00,1.3500,1.9400,3.6900,3.9800,9.3800,10.0500,42.5300,118.2600,118.2500,118.3000),(3196,88,524288.00,1.3500,1.9400,3.6900,3.9800,9.3800,10.0700,42.6300,118.3000,118.3000,118.4100),(3197,89,0.50,1.1500,1.1500,1.1500,1.1500,1.1500,1.1500,-1.0000,-1.0000,-1.0000,-1.0000),(3198,89,1.00,1.1500,1.1500,1.1500,1.1500,1.1500,1.1500,1.1500,-1.0000,-1.0000,-1.0000),(3199,89,2.00,1.1500,1.1500,1.1500,1.1500,1.1500,1.1500,1.1500,1.1500,-1.0000,-1.0000),(3200,89,3.00,1.1500,1.1500,1.1500,1.1500,1.1500,1.1500,1.1500,1.1500,-1.0000,-1.0000),(3201,89,4.00,1.1500,1.1500,1.1500,1.1500,1.1500,1.1500,1.1500,1.1500,1.1500,-1.0000),(3202,89,6.00,1.1500,1.1500,1.1500,1.1500,1.1500,1.1500,1.1500,1.1500,1.1500,-1.0000),(3203,89,8.00,1.1500,1.1500,1.1500,1.1500,1.1500,1.1500,1.1500,1.1500,1.1500,1.1500),(3204,89,10.00,1.1500,1.1500,1.1500,1.1500,1.1500,1.1500,1.1500,1.1500,1.1500,1.1500),(3205,89,12.00,1.1500,1.1500,1.1500,1.1500,1.1500,1.1500,1.1500,1.1500,1.1500,1.1500),(3206,89,14.00,1.1500,1.1500,1.1500,1.1500,1.1500,1.1500,1.1500,1.1500,1.1500,1.1500),(3207,89,15.99,1.1500,1.1500,1.1500,1.1500,1.1500,1.1500,1.1500,1.1500,1.1500,1.1500),(3208,89,18.00,1.1500,1.1500,1.1500,1.1500,1.1500,1.1500,1.1500,1.1500,1.1500,1.1500),(3209,89,20.00,1.1500,1.1500,1.1500,1.1500,1.1500,1.1500,1.1500,1.1500,1.1500,1.1500),(3210,89,22.00,1.1500,1.1500,1.1500,1.1500,1.1500,1.1500,1.1500,1.1500,1.1500,1.1500),(3211,89,24.00,1.1500,1.1500,1.1500,1.1500,1.1500,1.1500,1.1500,1.1500,1.1500,1.1500),(3212,89,26.00,1.1500,1.1500,1.1500,1.1500,1.1500,1.1500,1.1500,1.1500,1.1500,1.1500),(3213,89,28.00,1.1500,1.1500,1.1500,1.1500,1.1500,1.1500,1.1500,1.1500,1.1500,1.1500),(3214,89,30.00,1.1500,1.1500,1.1500,1.1500,1.1500,1.1500,1.1500,1.1500,1.1500,1.1500),(3215,89,32.00,1.1500,1.1500,1.1500,1.1500,1.1500,1.1500,1.1500,1.1500,1.1500,1.1500),(3216,89,36.00,1.1700,1.2100,1.6100,1.9000,2.0400,2.2500,2.5400,5.7700,1.7700,1.1500),(3217,89,40.00,1.1700,1.2100,1.6100,1.8900,2.0200,2.4100,2.7800,5.7700,5.7700,1.1500),(3218,89,44.00,1.1700,1.2000,1.6000,1.8800,2.0100,2.4200,2.8300,5.7700,5.7700,1.1500),(3219,89,48.01,1.1600,1.2000,1.6000,1.8700,1.9700,2.4000,2.7400,5.7700,5.7700,1.1500),(3220,89,52.00,1.1600,1.2000,1.5900,1.8700,1.9700,2.3900,2.6800,5.7700,5.7700,1.1500),(3221,89,56.00,1.1600,1.1900,1.5900,1.8500,1.9600,2.3100,2.6500,5.7700,5.7700,1.1500),(3222,89,60.00,1.1600,1.1900,1.5900,1.8500,1.9500,2.2800,2.6200,5.7700,5.7700,1.1500),(3223,89,64.00,1.1600,1.1900,1.5800,1.8400,1.9300,2.3000,2.5800,5.7700,5.7700,1.1500),(3224,89,72.00,1.1600,1.1800,1.5800,1.8300,1.9200,2.2900,2.5000,5.7700,5.7700,1.7700),(3225,89,79.99,1.1600,1.1800,1.5800,1.8300,1.9100,2.2600,2.4800,5.7700,5.7700,5.0200),(3226,89,88.00,1.1600,1.1800,1.5700,1.8200,1.9000,2.2300,2.4200,5.7700,5.7700,5.7700),(3227,89,96.00,1.1600,1.1800,1.5700,1.8200,1.8900,2.2100,2.4000,5.7700,5.7700,5.7700),(3228,89,104.00,1.1600,1.1800,1.5700,1.8100,1.8900,2.2000,2.3900,5.7700,5.7700,5.7700),(3229,89,112.01,1.1600,1.1700,1.5600,1.8100,1.8800,2.2000,2.3400,5.7700,5.7700,5.7700),(3230,89,120.00,1.1600,1.1700,1.5600,1.8000,1.8700,2.1900,2.3300,5.7700,5.7700,5.7700),(3231,89,128.00,1.1600,1.1700,1.5600,1.8000,1.8700,2.1700,2.3000,5.7700,5.7700,5.7700),(3232,89,143.99,1.1600,1.1700,1.5600,1.8000,1.8600,2.1600,2.2800,5.7700,5.7700,5.7700),(3233,89,160.00,1.1600,1.1700,1.5600,1.7900,1.8500,2.1300,2.2600,5.7700,5.7700,5.7700),(3234,89,176.01,1.1600,1.1700,1.5500,1.7900,1.8500,2.1300,2.2300,5.7700,5.7700,5.7700),(3235,89,192.00,1.1600,1.1700,1.5500,1.7900,1.8400,2.1300,2.2100,5.7700,5.7700,5.7700),(3236,89,207.99,1.1600,1.1600,1.5500,2.1200,1.8400,2.1200,2.2000,5.7700,5.7700,5.7700),(3237,89,224.00,1.1600,1.1600,1.5500,2.0900,1.8400,2.1100,3.5500,5.7700,5.7700,5.7700),(3238,89,240.01,1.1600,1.2300,1.5500,2.0800,1.8300,2.1100,3.1100,5.7700,5.7700,5.7700),(3239,89,256.00,1.1600,1.2200,1.5500,2.0600,1.8300,2.1000,2.1700,5.7700,5.7700,5.7700),(3240,89,288.00,1.1600,1.2300,1.5700,2.0900,1.6100,1.8900,3.8000,6.5500,7.3300,7.3100),(3241,89,320.00,1.2400,1.2200,1.8200,2.1900,2.1200,1.8800,3.3500,6.5500,10.8100,7.3100),(3242,89,352.00,1.2400,1.2200,1.8300,2.0400,2.0800,1.8700,2.9600,9.9900,10.4900,7.3100),(3243,89,384.00,1.2700,1.2500,1.8300,2.0800,2.2900,1.8600,3.8600,16.0400,10.2300,7.3100),(3244,89,416.00,1.2700,1.2500,1.9600,2.1900,2.4900,2.5800,3.9700,15.6300,12.6800,7.3100),(3245,89,448.00,1.2600,1.2600,1.9600,2.2600,2.6800,2.8200,3.6900,15.2800,12.8500,7.3100),(3246,89,480.00,1.2800,1.2600,2.1500,2.3000,2.8300,3.4700,4.8400,17.5100,17.3900,7.3100),(3247,89,512.00,1.2900,1.2500,2.1200,2.2500,2.9100,3.4100,5.1500,19.4600,23.7500,7.3100),(3248,89,576.00,1.2500,1.2500,2.1100,2.3900,3.1500,3.5100,5.8700,29.9600,30.9800,7.3300),(3249,89,640.00,1.2400,1.2200,2.1700,2.3500,3.2400,3.6800,6.1000,33.7500,32.4800,10.8100),(3250,89,704.00,1.2400,1.2000,2.1700,2.3400,3.3200,3.9500,5.7000,38.7000,35.4800,10.8500),(3251,89,768.00,1.1800,1.2100,2.2100,2.2800,3.3800,3.8800,6.8400,40.2200,38.2500,16.7000),(3252,89,832.00,1.1600,1.2100,2.2100,2.2800,3.4300,3.8800,6.3100,40.2200,38.2500,22.2400),(3253,89,896.00,1.1600,1.2100,2.2200,2.2900,3.4900,3.9200,14.8400,40.2200,38.2500,25.3100),(3254,89,960.00,1.1600,1.2100,2.2200,2.2700,3.4800,3.9000,14.8300,40.2200,38.2500,30.0300),(3255,89,1024.00,1.1600,1.2100,2.2200,2.2800,3.4700,3.9400,14.8200,40.2200,38.2500,30.5500),(3256,89,1152.00,1.1600,1.2100,2.2200,2.2700,3.4600,3.9200,14.8100,40.2200,38.2500,31.4000),(3257,89,1280.00,1.1600,1.2100,2.2200,2.2700,3.4500,3.9000,14.8000,40.2200,38.2500,32.0800),(3258,89,1408.00,1.1600,1.2100,2.2200,2.2700,3.4500,3.8700,14.7900,40.2200,38.2500,32.4700),(3259,89,1536.00,1.1600,1.2100,2.2100,2.2600,3.4500,3.8600,14.7800,40.2200,38.2500,33.1100),(3260,89,1664.00,1.1600,1.2100,2.2100,2.2600,3.4400,3.8500,14.7800,40.2200,38.2500,33.3600),(3261,89,1792.00,1.1600,1.2100,2.2100,2.2600,3.4400,3.8400,14.7700,40.2200,38.2500,33.8400),(3262,89,1920.00,1.1600,1.2100,2.2100,2.2500,3.4300,3.8300,14.7700,40.2200,38.2500,34.0100),(3263,89,2048.00,1.1600,1.2000,2.2100,2.2500,3.4300,3.8200,14.7700,40.2200,38.2500,34.3900),(3264,89,2304.00,1.1600,1.2000,2.2100,2.2500,3.4200,3.8100,14.7600,40.2200,38.2500,34.7200),(3265,89,2560.00,1.1600,1.2000,2.2100,2.2500,3.4200,3.8000,14.7600,40.2200,38.2500,35.0700),(3266,89,2816.00,1.1600,1.2000,2.2100,2.2500,3.4100,3.7900,14.7500,40.2200,38.2500,35.4400),(3267,89,3072.00,1.1600,1.2000,2.2100,2.2400,3.4100,3.7800,14.7500,40.2200,38.2500,35.6800),(3268,89,3328.00,1.1600,1.2000,2.2100,2.2400,3.4100,3.7800,14.7400,40.2200,38.2500,35.8000),(3269,89,3584.00,1.1600,1.2000,2.2100,2.2400,3.4100,3.7800,14.7400,40.2200,38.2500,36.0400),(3270,89,3840.00,1.1600,1.2000,2.2100,2.2400,3.4000,3.7700,14.7400,40.2200,38.2500,36.1900),(3271,89,4096.00,1.1600,1.2000,2.2100,2.2400,3.4000,3.7700,14.7400,40.2200,38.2500,36.3200),(3272,89,4608.00,1.1600,1.2000,2.2100,2.2400,3.4000,3.7600,14.7300,40.2200,38.2500,36.4800),(3273,89,5120.00,1.1600,1.2000,2.2100,2.2400,3.4000,3.7600,14.7300,40.2200,38.2500,36.7000),(3274,89,5632.00,1.1600,1.2000,2.2100,2.2400,3.3900,3.7500,14.7300,40.2100,38.2500,36.8000),(3275,89,6144.00,1.1600,1.2000,2.2100,2.2400,3.3900,3.7500,14.7300,40.2200,38.2500,36.9600),(3276,89,6656.00,1.1600,1.2000,2.2100,2.2400,3.3900,3.7500,14.7300,40.2200,38.2500,37.0200),(3277,89,7168.00,1.1600,1.2000,2.2100,2.2300,3.3900,3.7500,14.7200,40.2200,38.2500,37.1400),(3278,89,7680.00,1.1600,1.2000,2.2100,2.2300,3.3900,3.7500,14.7300,40.2200,38.2500,37.1900),(3279,89,8192.00,1.1600,1.2000,2.2100,2.2300,3.3900,3.7400,14.7200,40.2200,38.2500,37.2500),(3280,89,9216.00,1.1600,1.2000,2.2100,2.2300,3.3900,3.7400,14.7200,40.2200,38.2500,37.3900),(3281,89,10240.00,1.1600,1.2000,2.2100,2.2300,3.3900,3.7400,14.7200,40.2200,38.2500,37.4500),(3282,89,11264.00,1.1600,1.2000,2.2100,2.2300,3.3800,3.7400,14.7200,40.2200,38.2500,37.5400),(3283,89,12288.00,1.1600,1.2000,2.2100,2.2300,3.3800,3.7300,14.7200,40.2200,38.2500,37.6200),(3284,89,13312.00,1.1600,1.2000,2.2100,2.2300,3.3800,3.7300,14.7200,40.2100,38.2500,37.6700),(3285,89,14336.00,1.1600,1.2000,2.2100,2.2300,3.3800,3.7300,14.7200,40.2200,38.2500,37.7100),(3286,89,15360.00,1.1600,1.2000,2.2100,2.2300,3.3800,3.7300,14.7200,40.2200,38.2500,37.7500),(3287,89,16384.00,1.1600,1.2000,2.2100,2.2300,3.3800,3.7300,14.7200,40.2200,38.2500,37.7600),(3288,89,18432.00,1.1600,1.2000,2.2100,2.2300,3.3800,3.7300,14.7200,40.2200,38.2500,37.8300),(3289,89,20480.00,1.1600,1.2000,2.2100,2.2300,3.3800,3.7200,14.7200,40.2200,38.2500,37.8600),(3290,89,22528.00,1.1600,1.2000,2.2100,2.2300,3.3800,3.7200,14.7200,40.2200,38.2500,37.9100),(3291,89,24576.00,1.1600,1.2000,2.2100,2.2300,3.3800,3.7200,14.7100,40.2100,38.2500,37.9300),(3292,89,26624.00,1.1600,1.2000,2.2100,2.2300,3.3800,3.7200,14.7100,40.2200,38.2500,37.9600),(3293,89,28672.00,1.1600,1.2000,2.2100,2.2300,3.3800,3.7200,14.7100,40.2200,38.2500,37.9800),(3294,89,30720.00,1.1600,1.2000,2.2100,2.2300,3.3800,3.7200,14.7100,40.2200,38.2500,37.9800),(3295,89,32768.00,1.1600,1.2000,2.2100,2.2300,3.3800,3.7200,14.7100,40.2200,38.2500,38.0100),(3296,89,36864.00,1.1600,1.2300,2.2100,2.2300,3.4400,3.7200,14.7100,40.2200,38.2500,38.0400),(3297,89,40960.00,1.1600,1.2600,2.2100,2.2400,3.4400,3.7200,14.7200,40.2200,38.2500,38.0500),(3298,89,45056.00,1.1700,1.4000,2.2700,2.2900,3.4800,3.7600,14.7500,40.2200,38.2500,38.0800),(3299,89,49152.00,1.1900,1.5100,2.4000,2.4900,3.5600,3.8100,15.0000,40.2200,38.2500,38.0900),(3300,89,53248.00,1.2200,1.6100,2.7100,2.9600,3.8200,4.0300,15.6400,40.2200,38.2500,38.1000),(3301,89,57344.00,1.2300,1.6600,3.0100,3.6900,4.2800,4.5800,16.4000,40.2200,38.2800,38.1000),(3302,89,61440.00,1.2400,1.7000,3.1800,4.5000,4.8600,5.4900,17.9400,40.2400,38.2500,38.1200),(3303,89,65536.00,1.2600,1.7300,3.2300,4.6400,5.2700,6.4800,20.4800,40.2800,38.3300,38.1300),(3304,89,73728.00,1.2800,1.7800,3.3500,3.5900,6.0500,7.9200,24.6400,43.3500,39.3800,38.1400),(3305,89,81920.00,1.3000,1.8400,3.4800,3.7200,6.9200,8.6600,28.0800,51.7900,44.5700,38.1500),(3306,89,90112.00,1.3200,1.8900,3.5600,3.8100,7.7700,9.1100,31.3000,62.0400,59.7800,38.1600),(3307,89,98304.00,1.3300,1.9100,3.6300,3.8900,8.4300,9.5100,34.8600,74.6500,74.0300,38.1600),(3308,89,106496.00,1.3400,1.9300,3.6700,3.9700,9.0400,9.6400,36.6400,85.0900,85.2600,38.1800),(3309,89,114688.00,1.3500,1.9300,3.6900,3.9900,9.2900,9.7000,37.6000,93.3600,93.5200,38.2600),(3310,89,122880.00,1.3500,1.9400,3.6900,3.9900,9.3800,9.7100,38.0000,97.3500,97.4000,38.1900),(3311,89,131072.00,1.3500,1.9400,3.7000,3.9800,9.3800,9.7200,38.4000,108.9600,100.9700,38.9000),(3312,89,147456.00,1.3500,1.9400,3.6900,3.9800,9.3800,9.7500,40.0700,118.2500,118.2500,46.1900),(3313,89,163840.00,1.3500,1.9400,3.7000,3.9800,9.3800,9.7500,40.0400,118.2600,118.2500,56.9800),(3314,89,180224.00,1.3500,1.9400,3.6900,3.9800,9.3800,9.7500,40.0600,118.2500,118.2600,61.4400),(3315,89,196608.00,1.3500,1.9400,3.6900,3.9800,9.3800,9.7500,40.1100,118.2500,118.2600,73.8700),(3316,89,212992.00,1.3500,1.9400,3.6900,3.9800,9.3800,9.7600,40.1000,118.2600,118.2600,85.2000),(3317,89,229376.00,1.3500,1.9400,3.6900,3.9800,9.3800,9.7800,40.2300,118.2600,118.2600,92.5600),(3318,89,245760.00,1.3500,1.9400,3.6900,3.9800,9.3800,9.8100,40.3100,118.2600,118.2600,97.0000),(3319,89,262144.00,1.3500,1.9400,3.7000,3.9800,9.3800,9.8300,40.4900,118.2600,118.2600,108.7200),(3320,89,294912.00,1.3500,1.9400,3.6900,3.9800,9.3800,9.8700,40.8000,118.2600,118.2600,118.2700),(3321,89,327680.00,1.3500,1.9400,3.6900,3.9800,9.3800,9.9100,41.1900,118.2500,118.2600,118.2800),(3322,89,360448.00,1.3500,1.9400,3.6900,3.9800,9.3800,9.9500,41.5600,118.2600,118.2400,118.2800),(3323,89,393216.00,1.3500,1.9400,3.6900,3.9800,9.3800,10.0000,41.8700,118.2600,118.2500,118.3000),(3324,89,425984.00,1.3500,1.9400,3.6900,3.9800,9.3800,10.0200,42.2100,118.2600,118.2400,118.3000),(3325,89,458752.00,1.3500,1.9400,3.6900,3.9800,9.3800,10.0400,42.3100,118.2600,118.2600,118.3100),(3326,89,491520.00,1.3500,1.9400,3.6900,3.9800,9.3800,10.0500,42.5300,118.2600,118.2500,118.3000),(3327,89,524288.00,1.3500,1.9400,3.6900,3.9800,9.3800,10.0700,42.6300,118.3000,118.3000,118.4100),(3328,90,0.50,1.1500,1.1500,1.1500,1.1500,1.1500,1.1500,-1.0000,-1.0000,-1.0000,-1.0000),(3329,90,1.00,1.1500,1.1500,1.1500,1.1500,1.1500,1.1500,1.1500,-1.0000,-1.0000,-1.0000),(3330,90,2.00,1.1500,1.1500,1.1500,1.1500,1.1500,1.1500,1.1500,1.1500,-1.0000,-1.0000),(3331,90,3.00,1.1500,1.1500,1.1500,1.1500,1.1500,1.1500,1.1500,1.1500,-1.0000,-1.0000),(3332,90,4.00,1.1500,1.1500,1.1500,1.1500,1.1500,1.1500,1.1500,1.1500,1.1500,-1.0000),(3333,90,6.00,1.1500,1.1500,1.1500,1.1500,1.1500,1.1500,1.1500,1.1500,1.1500,-1.0000),(3334,90,8.00,1.1500,1.1500,1.1500,1.1500,1.1500,1.1500,1.1500,1.1500,1.1500,1.1500),(3335,90,10.00,1.1500,1.1500,1.1500,1.1500,1.1500,1.1500,1.1500,1.1500,1.1500,1.1500),(3336,90,12.00,1.1500,1.1500,1.1500,1.1500,1.1500,1.1500,1.1500,1.1500,1.1500,1.1500),(3337,90,14.00,1.1500,1.1500,1.1500,1.1500,1.1500,1.1500,1.1500,1.1500,1.1500,1.1500),(3338,90,15.99,1.1500,1.1500,1.1500,1.1500,1.1500,1.1500,1.1500,1.1500,1.1500,1.1500),(3339,90,18.00,1.1500,1.1500,1.1500,1.1500,1.1500,1.1500,1.1500,1.1500,1.1500,1.1500),(3340,90,20.00,1.1500,1.1500,1.1500,1.1500,1.1500,1.1500,1.1500,1.1500,1.1500,1.1500),(3341,90,22.00,1.1500,1.1500,1.1500,1.1500,1.1500,1.1500,1.1500,1.1500,1.1500,1.1500),(3342,90,24.00,1.1500,1.1500,1.1500,1.1500,1.1500,1.1500,1.1500,1.1500,1.1500,1.1500),(3343,90,26.00,1.1500,1.1500,1.1500,1.1500,1.1500,1.1500,1.1500,1.1500,1.1500,1.1500),(3344,90,28.00,1.1500,1.1500,1.1500,1.1500,1.1500,1.1500,1.1500,1.1500,1.1500,1.1500),(3345,90,30.00,1.1500,1.1500,1.1500,1.1500,1.1500,1.1500,1.1500,1.1500,1.1500,1.1500),(3346,90,32.00,1.1500,1.1500,1.1500,1.1500,1.1500,1.1500,1.1500,1.1500,1.1500,1.1500),(3347,90,36.00,1.1700,1.2100,1.6100,1.9000,2.0400,2.2500,2.5400,5.7700,1.7700,1.1500),(3348,90,40.00,1.1700,1.2100,1.6100,1.8900,2.0200,2.4100,2.7800,5.7700,5.7700,1.1500),(3349,90,44.00,1.1700,1.2000,1.6000,1.8800,2.0100,2.4200,2.8300,5.7700,5.7700,1.1500),(3350,90,48.01,1.1600,1.2000,1.6000,1.8700,1.9700,2.4000,2.7400,5.7700,5.7700,1.1500),(3351,90,52.00,1.1600,1.2000,1.5900,1.8700,1.9700,2.3900,2.6800,5.7700,5.7700,1.1500),(3352,90,56.00,1.1600,1.1900,1.5900,1.8500,1.9600,2.3100,2.6500,5.7700,5.7700,1.1500),(3353,90,60.00,1.1600,1.1900,1.5900,1.8500,1.9500,2.2800,2.6200,5.7700,5.7700,1.1500),(3354,90,64.00,1.1600,1.1900,1.5800,1.8400,1.9300,2.3000,2.5800,5.7700,5.7700,1.1500),(3355,90,72.00,1.1600,1.1800,1.5800,1.8300,1.9200,2.2900,2.5000,5.7700,5.7700,1.7700),(3356,90,79.99,1.1600,1.1800,1.5800,1.8300,1.9100,2.2600,2.4800,5.7700,5.7700,5.0200),(3357,90,88.00,1.1600,1.1800,1.5700,1.8200,1.9000,2.2300,2.4200,5.7700,5.7700,5.7700),(3358,90,96.00,1.1600,1.1800,1.5700,1.8200,1.8900,2.2100,2.4000,5.7700,5.7700,5.7700),(3359,90,104.00,1.1600,1.1800,1.5700,1.8100,1.8900,2.2000,2.3900,5.7700,5.7700,5.7700),(3360,90,112.01,1.1600,1.1700,1.5600,1.8100,1.8800,2.2000,2.3400,5.7700,5.7700,5.7700),(3361,90,120.00,1.1600,1.1700,1.5600,1.8000,1.8700,2.1900,2.3300,5.7700,5.7700,5.7700),(3362,90,128.00,1.1600,1.1700,1.5600,1.8000,1.8700,2.1700,2.3000,5.7700,5.7700,5.7700),(3363,90,143.99,1.1600,1.1700,1.5600,1.8000,1.8600,2.1600,2.2800,5.7700,5.7700,5.7700),(3364,90,160.00,1.1600,1.1700,1.5600,1.7900,1.8500,2.1300,2.2600,5.7700,5.7700,5.7700),(3365,90,176.01,1.1600,1.1700,1.5500,1.7900,1.8500,2.1300,2.2300,5.7700,5.7700,5.7700),(3366,90,192.00,1.1600,1.1700,1.5500,1.7900,1.8400,2.1300,2.2100,5.7700,5.7700,5.7700),(3367,90,207.99,1.1600,1.1600,1.5500,2.1200,1.8400,2.1200,2.2000,5.7700,5.7700,5.7700),(3368,90,224.00,1.1600,1.1600,1.5500,2.0900,1.8400,2.1100,3.5500,5.7700,5.7700,5.7700),(3369,90,240.01,1.1600,1.2300,1.5500,2.0800,1.8300,2.1100,3.1100,5.7700,5.7700,5.7700),(3370,90,256.00,1.1600,1.2200,1.5500,2.0600,1.8300,2.1000,2.1700,5.7700,5.7700,5.7700),(3371,90,288.00,1.1600,1.2300,1.5700,2.0900,1.6100,1.8900,3.8000,6.5500,7.3300,7.3100),(3372,90,320.00,1.2400,1.2200,1.8200,2.1900,2.1200,1.8800,3.3500,6.5500,10.8100,7.3100),(3373,90,352.00,1.2400,1.2200,1.8300,2.0400,2.0800,1.8700,2.9600,9.9900,10.4900,7.3100),(3374,90,384.00,1.2700,1.2500,1.8300,2.0800,2.2900,1.8600,3.8600,16.0400,10.2300,7.3100),(3375,90,416.00,1.2700,1.2500,1.9600,2.1900,2.4900,2.5800,3.9700,15.6300,12.6800,7.3100),(3376,90,448.00,1.2600,1.2600,1.9600,2.2600,2.6800,2.8200,3.6900,15.2800,12.8500,7.3100),(3377,90,480.00,1.2800,1.2600,2.1500,2.3000,2.8300,3.4700,4.8400,17.5100,17.3900,7.3100),(3378,90,512.00,1.2900,1.2500,2.1200,2.2500,2.9100,3.4100,5.1500,19.4600,23.7500,7.3100),(3379,90,576.00,1.2500,1.2500,2.1100,2.3900,3.1500,3.5100,5.8700,29.9600,30.9800,7.3300),(3380,90,640.00,1.2400,1.2200,2.1700,2.3500,3.2400,3.6800,6.1000,33.7500,32.4800,10.8100),(3381,90,704.00,1.2400,1.2000,2.1700,2.3400,3.3200,3.9500,5.7000,38.7000,35.4800,10.8500),(3382,90,768.00,1.1800,1.2100,2.2100,2.2800,3.3800,3.8800,6.8400,40.2200,38.2500,16.7000),(3383,90,832.00,1.1600,1.2100,2.2100,2.2800,3.4300,3.8800,6.3100,40.2200,38.2500,22.2400),(3384,90,896.00,1.1600,1.2100,2.2200,2.2900,3.4900,3.9200,14.8400,40.2200,38.2500,25.3100),(3385,90,960.00,1.1600,1.2100,2.2200,2.2700,3.4800,3.9000,14.8300,40.2200,38.2500,30.0300),(3386,90,1024.00,1.1600,1.2100,2.2200,2.2800,3.4700,3.9400,14.8200,40.2200,38.2500,30.5500),(3387,90,1152.00,1.1600,1.2100,2.2200,2.2700,3.4600,3.9200,14.8100,40.2200,38.2500,31.4000),(3388,90,1280.00,1.1600,1.2100,2.2200,2.2700,3.4500,3.9000,14.8000,40.2200,38.2500,32.0800),(3389,90,1408.00,1.1600,1.2100,2.2200,2.2700,3.4500,3.8700,14.7900,40.2200,38.2500,32.4700),(3390,90,1536.00,1.1600,1.2100,2.2100,2.2600,3.4500,3.8600,14.7800,40.2200,38.2500,33.1100),(3391,90,1664.00,1.1600,1.2100,2.2100,2.2600,3.4400,3.8500,14.7800,40.2200,38.2500,33.3600),(3392,90,1792.00,1.1600,1.2100,2.2100,2.2600,3.4400,3.8400,14.7700,40.2200,38.2500,33.8400),(3393,90,1920.00,1.1600,1.2100,2.2100,2.2500,3.4300,3.8300,14.7700,40.2200,38.2500,34.0100),(3394,90,2048.00,1.1600,1.2000,2.2100,2.2500,3.4300,3.8200,14.7700,40.2200,38.2500,34.3900),(3395,90,2304.00,1.1600,1.2000,2.2100,2.2500,3.4200,3.8100,14.7600,40.2200,38.2500,34.7200),(3396,90,2560.00,1.1600,1.2000,2.2100,2.2500,3.4200,3.8000,14.7600,40.2200,38.2500,35.0700),(3397,90,2816.00,1.1600,1.2000,2.2100,2.2500,3.4100,3.7900,14.7500,40.2200,38.2500,35.4400),(3398,90,3072.00,1.1600,1.2000,2.2100,2.2400,3.4100,3.7800,14.7500,40.2200,38.2500,35.6800),(3399,90,3328.00,1.1600,1.2000,2.2100,2.2400,3.4100,3.7800,14.7400,40.2200,38.2500,35.8000),(3400,90,3584.00,1.1600,1.2000,2.2100,2.2400,3.4100,3.7800,14.7400,40.2200,38.2500,36.0400),(3401,90,3840.00,1.1600,1.2000,2.2100,2.2400,3.4000,3.7700,14.7400,40.2200,38.2500,36.1900),(3402,90,4096.00,1.1600,1.2000,2.2100,2.2400,3.4000,3.7700,14.7400,40.2200,38.2500,36.3200),(3403,90,4608.00,1.1600,1.2000,2.2100,2.2400,3.4000,3.7600,14.7300,40.2200,38.2500,36.4800),(3404,90,5120.00,1.1600,1.2000,2.2100,2.2400,3.4000,3.7600,14.7300,40.2200,38.2500,36.7000),(3405,90,5632.00,1.1600,1.2000,2.2100,2.2400,3.3900,3.7500,14.7300,40.2100,38.2500,36.8000),(3406,90,6144.00,1.1600,1.2000,2.2100,2.2400,3.3900,3.7500,14.7300,40.2200,38.2500,36.9600),(3407,90,6656.00,1.1600,1.2000,2.2100,2.2400,3.3900,3.7500,14.7300,40.2200,38.2500,37.0200),(3408,90,7168.00,1.1600,1.2000,2.2100,2.2300,3.3900,3.7500,14.7200,40.2200,38.2500,37.1400),(3409,90,7680.00,1.1600,1.2000,2.2100,2.2300,3.3900,3.7500,14.7300,40.2200,38.2500,37.1900),(3410,90,8192.00,1.1600,1.2000,2.2100,2.2300,3.3900,3.7400,14.7200,40.2200,38.2500,37.2500),(3411,90,9216.00,1.1600,1.2000,2.2100,2.2300,3.3900,3.7400,14.7200,40.2200,38.2500,37.3900),(3412,90,10240.00,1.1600,1.2000,2.2100,2.2300,3.3900,3.7400,14.7200,40.2200,38.2500,37.4500),(3413,90,11264.00,1.1600,1.2000,2.2100,2.2300,3.3800,3.7400,14.7200,40.2200,38.2500,37.5400),(3414,90,12288.00,1.1600,1.2000,2.2100,2.2300,3.3800,3.7300,14.7200,40.2200,38.2500,37.6200),(3415,90,13312.00,1.1600,1.2000,2.2100,2.2300,3.3800,3.7300,14.7200,40.2100,38.2500,37.6700),(3416,90,14336.00,1.1600,1.2000,2.2100,2.2300,3.3800,3.7300,14.7200,40.2200,38.2500,37.7100),(3417,90,15360.00,1.1600,1.2000,2.2100,2.2300,3.3800,3.7300,14.7200,40.2200,38.2500,37.7500),(3418,90,16384.00,1.1600,1.2000,2.2100,2.2300,3.3800,3.7300,14.7200,40.2200,38.2500,37.7600),(3419,90,18432.00,1.1600,1.2000,2.2100,2.2300,3.3800,3.7300,14.7200,40.2200,38.2500,37.8300),(3420,90,20480.00,1.1600,1.2000,2.2100,2.2300,3.3800,3.7200,14.7200,40.2200,38.2500,37.8600),(3421,90,22528.00,1.1600,1.2000,2.2100,2.2300,3.3800,3.7200,14.7200,40.2200,38.2500,37.9100),(3422,90,24576.00,1.1600,1.2000,2.2100,2.2300,3.3800,3.7200,14.7100,40.2100,38.2500,37.9300),(3423,90,26624.00,1.1600,1.2000,2.2100,2.2300,3.3800,3.7200,14.7100,40.2200,38.2500,37.9600),(3424,90,28672.00,1.1600,1.2000,2.2100,2.2300,3.3800,3.7200,14.7100,40.2200,38.2500,37.9800),(3425,90,30720.00,1.1600,1.2000,2.2100,2.2300,3.3800,3.7200,14.7100,40.2200,38.2500,37.9800),(3426,90,32768.00,1.1600,1.2000,2.2100,2.2300,3.3800,3.7200,14.7100,40.2200,38.2500,38.0100),(3427,90,36864.00,1.1600,1.2300,2.2100,2.2300,3.4400,3.7200,14.7100,40.2200,38.2500,38.0400),(3428,90,40960.00,1.1600,1.2600,2.2100,2.2400,3.4400,3.7200,14.7200,40.2200,38.2500,38.0500),(3429,90,45056.00,1.1700,1.4000,2.2700,2.2900,3.4800,3.7600,14.7500,40.2200,38.2500,38.0800),(3430,90,49152.00,1.1900,1.5100,2.4000,2.4900,3.5600,3.8100,15.0000,40.2200,38.2500,38.0900),(3431,90,53248.00,1.2200,1.6100,2.7100,2.9600,3.8200,4.0300,15.6400,40.2200,38.2500,38.1000),(3432,90,57344.00,1.2300,1.6600,3.0100,3.6900,4.2800,4.5800,16.4000,40.2200,38.2800,38.1000),(3433,90,61440.00,1.2400,1.7000,3.1800,4.5000,4.8600,5.4900,17.9400,40.2400,38.2500,38.1200),(3434,90,65536.00,1.2600,1.7300,3.2300,4.6400,5.2700,6.4800,20.4800,40.2800,38.3300,38.1300),(3435,90,73728.00,1.2800,1.7800,3.3500,3.5900,6.0500,7.9200,24.6400,43.3500,39.3800,38.1400),(3436,90,81920.00,1.3000,1.8400,3.4800,3.7200,6.9200,8.6600,28.0800,51.7900,44.5700,38.1500),(3437,90,90112.00,1.3200,1.8900,3.5600,3.8100,7.7700,9.1100,31.3000,62.0400,59.7800,38.1600),(3438,90,98304.00,1.3300,1.9100,3.6300,3.8900,8.4300,9.5100,34.8600,74.6500,74.0300,38.1600),(3439,90,106496.00,1.3400,1.9300,3.6700,3.9700,9.0400,9.6400,36.6400,85.0900,85.2600,38.1800),(3440,90,114688.00,1.3500,1.9300,3.6900,3.9900,9.2900,9.7000,37.6000,93.3600,93.5200,38.2600),(3441,90,122880.00,1.3500,1.9400,3.6900,3.9900,9.3800,9.7100,38.0000,97.3500,97.4000,38.1900),(3442,90,131072.00,1.3500,1.9400,3.7000,3.9800,9.3800,9.7200,38.4000,108.9600,100.9700,38.9000),(3443,90,147456.00,1.3500,1.9400,3.6900,3.9800,9.3800,9.7500,40.0700,118.2500,118.2500,46.1900),(3444,90,163840.00,1.3500,1.9400,3.7000,3.9800,9.3800,9.7500,40.0400,118.2600,118.2500,56.9800),(3445,90,180224.00,1.3500,1.9400,3.6900,3.9800,9.3800,9.7500,40.0600,118.2500,118.2600,61.4400),(3446,90,196608.00,1.3500,1.9400,3.6900,3.9800,9.3800,9.7500,40.1100,118.2500,118.2600,73.8700),(3447,90,212992.00,1.3500,1.9400,3.6900,3.9800,9.3800,9.7600,40.1000,118.2600,118.2600,85.2000),(3448,90,229376.00,1.3500,1.9400,3.6900,3.9800,9.3800,9.7800,40.2300,118.2600,118.2600,92.5600),(3449,90,245760.00,1.3500,1.9400,3.6900,3.9800,9.3800,9.8100,40.3100,118.2600,118.2600,97.0000),(3450,90,262144.00,1.3500,1.9400,3.7000,3.9800,9.3800,9.8300,40.4900,118.2600,118.2600,108.7200),(3451,90,294912.00,1.3500,1.9400,3.6900,3.9800,9.3800,9.8700,40.8000,118.2600,118.2600,118.2700),(3452,90,327680.00,1.3500,1.9400,3.6900,3.9800,9.3800,9.9100,41.1900,118.2500,118.2600,118.2800),(3453,90,360448.00,1.3500,1.9400,3.6900,3.9800,9.3800,9.9500,41.5600,118.2600,118.2400,118.2800),(3454,90,393216.00,1.3500,1.9400,3.6900,3.9800,9.3800,10.0000,41.8700,118.2600,118.2500,118.3000),(3455,90,425984.00,1.3500,1.9400,3.6900,3.9800,9.3800,10.0200,42.2100,118.2600,118.2400,118.3000),(3456,90,458752.00,1.3500,1.9400,3.6900,3.9800,9.3800,10.0400,42.3100,118.2600,118.2600,118.3100),(3457,90,491520.00,1.3500,1.9400,3.6900,3.9800,9.3800,10.0500,42.5300,118.2600,118.2500,118.3000),(3458,90,524288.00,1.3500,1.9400,3.6900,3.9800,9.3800,10.0700,42.6300,118.3000,118.3000,118.4100),(3459,91,0.50,1.1500,1.1500,1.1500,1.1500,1.1500,1.1500,-1.0000,-1.0000,-1.0000,-1.0000),(3460,91,1.00,1.1500,1.1500,1.1500,1.1500,1.1500,1.1500,1.1500,-1.0000,-1.0000,-1.0000),(3461,91,2.00,1.1500,1.1500,1.1500,1.1500,1.1500,1.1500,1.1500,1.1500,-1.0000,-1.0000),(3462,91,3.00,1.1500,1.1500,1.1500,1.1500,1.1500,1.1500,1.1500,1.1500,-1.0000,-1.0000),(3463,91,4.00,1.1500,1.1500,1.1500,1.1500,1.1500,1.1500,1.1500,1.1500,1.1500,-1.0000),(3464,91,6.00,1.1500,1.1500,1.1500,1.1500,1.1500,1.1500,1.1500,1.1500,1.1500,-1.0000),(3465,91,8.00,1.1500,1.1500,1.1500,1.1500,1.1500,1.1500,1.1500,1.1500,1.1500,1.1500),(3466,91,10.00,1.1500,1.1500,1.1500,1.1500,1.1500,1.1500,1.1500,1.1500,1.1500,1.1500),(3467,91,12.00,1.1500,1.1500,1.1500,1.1500,1.1500,1.1500,1.1500,1.1500,1.1500,1.1500),(3468,91,14.00,1.1500,1.1500,1.1500,1.1500,1.1500,1.1500,1.1500,1.1500,1.1500,1.1500),(3469,91,15.99,1.1500,1.1500,1.1500,1.1500,1.1500,1.1500,1.1500,1.1500,1.1500,1.1500),(3470,91,18.00,1.1500,1.1500,1.1500,1.1500,1.1500,1.1500,1.1500,1.1500,1.1500,1.1500),(3471,91,20.00,1.1500,1.1500,1.1500,1.1500,1.1500,1.1500,1.1500,1.1500,1.1500,1.1500),(3472,91,22.00,1.1500,1.1500,1.1500,1.1500,1.1500,1.1500,1.1500,1.1500,1.1500,1.1500),(3473,91,24.00,1.1500,1.1500,1.1500,1.1500,1.1500,1.1500,1.1500,1.1500,1.1500,1.1500),(3474,91,26.00,1.1500,1.1500,1.1500,1.1500,1.1500,1.1500,1.1500,1.1500,1.1500,1.1500),(3475,91,28.00,1.1500,1.1500,1.1500,1.1500,1.1500,1.1500,1.1500,1.1500,1.1500,1.1500),(3476,91,30.00,1.1500,1.1500,1.1500,1.1500,1.1500,1.1500,1.1500,1.1500,1.1500,1.1500),(3477,91,32.00,1.1500,1.1500,1.1500,1.1500,1.1500,1.1500,1.1500,1.1500,1.1500,1.1500),(3478,91,36.00,1.1700,1.2100,1.6100,1.9000,2.0400,2.2500,2.5400,5.7700,1.7700,1.1500),(3479,91,40.00,1.1700,1.2100,1.6100,1.8900,2.0200,2.4100,2.7800,5.7700,5.7700,1.1500),(3480,91,44.00,1.1700,1.2000,1.6000,1.8800,2.0100,2.4200,2.8300,5.7700,5.7700,1.1500),(3481,91,48.01,1.1600,1.2000,1.6000,1.8700,1.9700,2.4000,2.7400,5.7700,5.7700,1.1500),(3482,91,52.00,1.1600,1.2000,1.5900,1.8700,1.9700,2.3900,2.6800,5.7700,5.7700,1.1500),(3483,91,56.00,1.1600,1.1900,1.5900,1.8500,1.9600,2.3100,2.6500,5.7700,5.7700,1.1500),(3484,91,60.00,1.1600,1.1900,1.5900,1.8500,1.9500,2.2800,2.6200,5.7700,5.7700,1.1500),(3485,91,64.00,1.1600,1.1900,1.5800,1.8400,1.9300,2.3000,2.5800,5.7700,5.7700,1.1500),(3486,91,72.00,1.1600,1.1800,1.5800,1.8300,1.9200,2.2900,2.5000,5.7700,5.7700,1.7700),(3487,91,79.99,1.1600,1.1800,1.5800,1.8300,1.9100,2.2600,2.4800,5.7700,5.7700,5.0200),(3488,91,88.00,1.1600,1.1800,1.5700,1.8200,1.9000,2.2300,2.4200,5.7700,5.7700,5.7700),(3489,91,96.00,1.1600,1.1800,1.5700,1.8200,1.8900,2.2100,2.4000,5.7700,5.7700,5.7700),(3490,91,104.00,1.1600,1.1800,1.5700,1.8100,1.8900,2.2000,2.3900,5.7700,5.7700,5.7700),(3491,91,112.01,1.1600,1.1700,1.5600,1.8100,1.8800,2.2000,2.3400,5.7700,5.7700,5.7700),(3492,91,120.00,1.1600,1.1700,1.5600,1.8000,1.8700,2.1900,2.3300,5.7700,5.7700,5.7700),(3493,91,128.00,1.1600,1.1700,1.5600,1.8000,1.8700,2.1700,2.3000,5.7700,5.7700,5.7700),(3494,91,143.99,1.1600,1.1700,1.5600,1.8000,1.8600,2.1600,2.2800,5.7700,5.7700,5.7700),(3495,91,160.00,1.1600,1.1700,1.5600,1.7900,1.8500,2.1300,2.2600,5.7700,5.7700,5.7700),(3496,91,176.01,1.1600,1.1700,1.5500,1.7900,1.8500,2.1300,2.2300,5.7700,5.7700,5.7700),(3497,91,192.00,1.1600,1.1700,1.5500,1.7900,1.8400,2.1300,2.2100,5.7700,5.7700,5.7700),(3498,91,207.99,1.1600,1.1600,1.5500,2.1200,1.8400,2.1200,2.2000,5.7700,5.7700,5.7700),(3499,91,224.00,1.1600,1.1600,1.5500,2.0900,1.8400,2.1100,3.5500,5.7700,5.7700,5.7700),(3500,91,240.01,1.1600,1.2300,1.5500,2.0800,1.8300,2.1100,3.1100,5.7700,5.7700,5.7700),(3501,91,256.00,1.1600,1.2200,1.5500,2.0600,1.8300,2.1000,2.1700,5.7700,5.7700,5.7700),(3502,91,288.00,1.1600,1.2300,1.5700,2.0900,1.6100,1.8900,3.8000,6.5500,7.3300,7.3100),(3503,91,320.00,1.2400,1.2200,1.8200,2.1900,2.1200,1.8800,3.3500,6.5500,10.8100,7.3100),(3504,91,352.00,1.2400,1.2200,1.8300,2.0400,2.0800,1.8700,2.9600,9.9900,10.4900,7.3100),(3505,91,384.00,1.2700,1.2500,1.8300,2.0800,2.2900,1.8600,3.8600,16.0400,10.2300,7.3100),(3506,91,416.00,1.2700,1.2500,1.9600,2.1900,2.4900,2.5800,3.9700,15.6300,12.6800,7.3100),(3507,91,448.00,1.2600,1.2600,1.9600,2.2600,2.6800,2.8200,3.6900,15.2800,12.8500,7.3100),(3508,91,480.00,1.2800,1.2600,2.1500,2.3000,2.8300,3.4700,4.8400,17.5100,17.3900,7.3100),(3509,91,512.00,1.2900,1.2500,2.1200,2.2500,2.9100,3.4100,5.1500,19.4600,23.7500,7.3100),(3510,91,576.00,1.2500,1.2500,2.1100,2.3900,3.1500,3.5100,5.8700,29.9600,30.9800,7.3300),(3511,91,640.00,1.2400,1.2200,2.1700,2.3500,3.2400,3.6800,6.1000,33.7500,32.4800,10.8100),(3512,91,704.00,1.2400,1.2000,2.1700,2.3400,3.3200,3.9500,5.7000,38.7000,35.4800,10.8500),(3513,91,768.00,1.1800,1.2100,2.2100,2.2800,3.3800,3.8800,6.8400,40.2200,38.2500,16.7000),(3514,91,832.00,1.1600,1.2100,2.2100,2.2800,3.4300,3.8800,6.3100,40.2200,38.2500,22.2400),(3515,91,896.00,1.1600,1.2100,2.2200,2.2900,3.4900,3.9200,14.8400,40.2200,38.2500,25.3100),(3516,91,960.00,1.1600,1.2100,2.2200,2.2700,3.4800,3.9000,14.8300,40.2200,38.2500,30.0300),(3517,91,1024.00,1.1600,1.2100,2.2200,2.2800,3.4700,3.9400,14.8200,40.2200,38.2500,30.5500),(3518,91,1152.00,1.1600,1.2100,2.2200,2.2700,3.4600,3.9200,14.8100,40.2200,38.2500,31.4000),(3519,91,1280.00,1.1600,1.2100,2.2200,2.2700,3.4500,3.9000,14.8000,40.2200,38.2500,32.0800),(3520,91,1408.00,1.1600,1.2100,2.2200,2.2700,3.4500,3.8700,14.7900,40.2200,38.2500,32.4700),(3521,91,1536.00,1.1600,1.2100,2.2100,2.2600,3.4500,3.8600,14.7800,40.2200,38.2500,33.1100),(3522,91,1664.00,1.1600,1.2100,2.2100,2.2600,3.4400,3.8500,14.7800,40.2200,38.2500,33.3600),(3523,91,1792.00,1.1600,1.2100,2.2100,2.2600,3.4400,3.8400,14.7700,40.2200,38.2500,33.8400),(3524,91,1920.00,1.1600,1.2100,2.2100,2.2500,3.4300,3.8300,14.7700,40.2200,38.2500,34.0100),(3525,91,2048.00,1.1600,1.2000,2.2100,2.2500,3.4300,3.8200,14.7700,40.2200,38.2500,34.3900),(3526,91,2304.00,1.1600,1.2000,2.2100,2.2500,3.4200,3.8100,14.7600,40.2200,38.2500,34.7200),(3527,91,2560.00,1.1600,1.2000,2.2100,2.2500,3.4200,3.8000,14.7600,40.2200,38.2500,35.0700),(3528,91,2816.00,1.1600,1.2000,2.2100,2.2500,3.4100,3.7900,14.7500,40.2200,38.2500,35.4400),(3529,91,3072.00,1.1600,1.2000,2.2100,2.2400,3.4100,3.7800,14.7500,40.2200,38.2500,35.6800),(3530,91,3328.00,1.1600,1.2000,2.2100,2.2400,3.4100,3.7800,14.7400,40.2200,38.2500,35.8000),(3531,91,3584.00,1.1600,1.2000,2.2100,2.2400,3.4100,3.7800,14.7400,40.2200,38.2500,36.0400),(3532,91,3840.00,1.1600,1.2000,2.2100,2.2400,3.4000,3.7700,14.7400,40.2200,38.2500,36.1900),(3533,91,4096.00,1.1600,1.2000,2.2100,2.2400,3.4000,3.7700,14.7400,40.2200,38.2500,36.3200),(3534,91,4608.00,1.1600,1.2000,2.2100,2.2400,3.4000,3.7600,14.7300,40.2200,38.2500,36.4800),(3535,91,5120.00,1.1600,1.2000,2.2100,2.2400,3.4000,3.7600,14.7300,40.2200,38.2500,36.7000),(3536,91,5632.00,1.1600,1.2000,2.2100,2.2400,3.3900,3.7500,14.7300,40.2100,38.2500,36.8000),(3537,91,6144.00,1.1600,1.2000,2.2100,2.2400,3.3900,3.7500,14.7300,40.2200,38.2500,36.9600),(3538,91,6656.00,1.1600,1.2000,2.2100,2.2400,3.3900,3.7500,14.7300,40.2200,38.2500,37.0200),(3539,91,7168.00,1.1600,1.2000,2.2100,2.2300,3.3900,3.7500,14.7200,40.2200,38.2500,37.1400),(3540,91,7680.00,1.1600,1.2000,2.2100,2.2300,3.3900,3.7500,14.7300,40.2200,38.2500,37.1900),(3541,91,8192.00,1.1600,1.2000,2.2100,2.2300,3.3900,3.7400,14.7200,40.2200,38.2500,37.2500),(3542,91,9216.00,1.1600,1.2000,2.2100,2.2300,3.3900,3.7400,14.7200,40.2200,38.2500,37.3900),(3543,91,10240.00,1.1600,1.2000,2.2100,2.2300,3.3900,3.7400,14.7200,40.2200,38.2500,37.4500),(3544,91,11264.00,1.1600,1.2000,2.2100,2.2300,3.3800,3.7400,14.7200,40.2200,38.2500,37.5400),(3545,91,12288.00,1.1600,1.2000,2.2100,2.2300,3.3800,3.7300,14.7200,40.2200,38.2500,37.6200),(3546,91,13312.00,1.1600,1.2000,2.2100,2.2300,3.3800,3.7300,14.7200,40.2100,38.2500,37.6700),(3547,91,14336.00,1.1600,1.2000,2.2100,2.2300,3.3800,3.7300,14.7200,40.2200,38.2500,37.7100),(3548,91,15360.00,1.1600,1.2000,2.2100,2.2300,3.3800,3.7300,14.7200,40.2200,38.2500,37.7500),(3549,91,16384.00,1.1600,1.2000,2.2100,2.2300,3.3800,3.7300,14.7200,40.2200,38.2500,37.7600),(3550,91,18432.00,1.1600,1.2000,2.2100,2.2300,3.3800,3.7300,14.7200,40.2200,38.2500,37.8300),(3551,91,20480.00,1.1600,1.2000,2.2100,2.2300,3.3800,3.7200,14.7200,40.2200,38.2500,37.8600),(3552,91,22528.00,1.1600,1.2000,2.2100,2.2300,3.3800,3.7200,14.7200,40.2200,38.2500,37.9100),(3553,91,24576.00,1.1600,1.2000,2.2100,2.2300,3.3800,3.7200,14.7100,40.2100,38.2500,37.9300),(3554,91,26624.00,1.1600,1.2000,2.2100,2.2300,3.3800,3.7200,14.7100,40.2200,38.2500,37.9600),(3555,91,28672.00,1.1600,1.2000,2.2100,2.2300,3.3800,3.7200,14.7100,40.2200,38.2500,37.9800),(3556,91,30720.00,1.1600,1.2000,2.2100,2.2300,3.3800,3.7200,14.7100,40.2200,38.2500,37.9800),(3557,91,32768.00,1.1600,1.2000,2.2100,2.2300,3.3800,3.7200,14.7100,40.2200,38.2500,38.0100),(3558,91,36864.00,1.1600,1.2300,2.2100,2.2300,3.4400,3.7200,14.7100,40.2200,38.2500,38.0400),(3559,91,40960.00,1.1600,1.2600,2.2100,2.2400,3.4400,3.7200,14.7200,40.2200,38.2500,38.0500),(3560,91,45056.00,1.1700,1.4000,2.2700,2.2900,3.4800,3.7600,14.7500,40.2200,38.2500,38.0800),(3561,91,49152.00,1.1900,1.5100,2.4000,2.4900,3.5600,3.8100,15.0000,40.2200,38.2500,38.0900),(3562,91,53248.00,1.2200,1.6100,2.7100,2.9600,3.8200,4.0300,15.6400,40.2200,38.2500,38.1000),(3563,91,57344.00,1.2300,1.6600,3.0100,3.6900,4.2800,4.5800,16.4000,40.2200,38.2800,38.1000),(3564,91,61440.00,1.2400,1.7000,3.1800,4.5000,4.8600,5.4900,17.9400,40.2400,38.2500,38.1200),(3565,91,65536.00,1.2600,1.7300,3.2300,4.6400,5.2700,6.4800,20.4800,40.2800,38.3300,38.1300),(3566,91,73728.00,1.2800,1.7800,3.3500,3.5900,6.0500,7.9200,24.6400,43.3500,39.3800,38.1400),(3567,91,81920.00,1.3000,1.8400,3.4800,3.7200,6.9200,8.6600,28.0800,51.7900,44.5700,38.1500),(3568,91,90112.00,1.3200,1.8900,3.5600,3.8100,7.7700,9.1100,31.3000,62.0400,59.7800,38.1600),(3569,91,98304.00,1.3300,1.9100,3.6300,3.8900,8.4300,9.5100,34.8600,74.6500,74.0300,38.1600),(3570,91,106496.00,1.3400,1.9300,3.6700,3.9700,9.0400,9.6400,36.6400,85.0900,85.2600,38.1800),(3571,91,114688.00,1.3500,1.9300,3.6900,3.9900,9.2900,9.7000,37.6000,93.3600,93.5200,38.2600),(3572,91,122880.00,1.3500,1.9400,3.6900,3.9900,9.3800,9.7100,38.0000,97.3500,97.4000,38.1900),(3573,91,131072.00,1.3500,1.9400,3.7000,3.9800,9.3800,9.7200,38.4000,108.9600,100.9700,38.9000),(3574,91,147456.00,1.3500,1.9400,3.6900,3.9800,9.3800,9.7500,40.0700,118.2500,118.2500,46.1900),(3575,91,163840.00,1.3500,1.9400,3.7000,3.9800,9.3800,9.7500,40.0400,118.2600,118.2500,56.9800),(3576,91,180224.00,1.3500,1.9400,3.6900,3.9800,9.3800,9.7500,40.0600,118.2500,118.2600,61.4400),(3577,91,196608.00,1.3500,1.9400,3.6900,3.9800,9.3800,9.7500,40.1100,118.2500,118.2600,73.8700),(3578,91,212992.00,1.3500,1.9400,3.6900,3.9800,9.3800,9.7600,40.1000,118.2600,118.2600,85.2000),(3579,91,229376.00,1.3500,1.9400,3.6900,3.9800,9.3800,9.7800,40.2300,118.2600,118.2600,92.5600),(3580,91,245760.00,1.3500,1.9400,3.6900,3.9800,9.3800,9.8100,40.3100,118.2600,118.2600,97.0000),(3581,91,262144.00,1.3500,1.9400,3.7000,3.9800,9.3800,9.8300,40.4900,118.2600,118.2600,108.7200),(3582,91,294912.00,1.3500,1.9400,3.6900,3.9800,9.3800,9.8700,40.8000,118.2600,118.2600,118.2700),(3583,91,327680.00,1.3500,1.9400,3.6900,3.9800,9.3800,9.9100,41.1900,118.2500,118.2600,118.2800),(3584,91,360448.00,1.3500,1.9400,3.6900,3.9800,9.3800,9.9500,41.5600,118.2600,118.2400,118.2800),(3585,91,393216.00,1.3500,1.9400,3.6900,3.9800,9.3800,10.0000,41.8700,118.2600,118.2500,118.3000),(3586,91,425984.00,1.3500,1.9400,3.6900,3.9800,9.3800,10.0200,42.2100,118.2600,118.2400,118.3000),(3587,91,458752.00,1.3500,1.9400,3.6900,3.9800,9.3800,10.0400,42.3100,118.2600,118.2600,118.3100),(3588,91,491520.00,1.3500,1.9400,3.6900,3.9800,9.3800,10.0500,42.5300,118.2600,118.2500,118.3000),(3589,91,524288.00,1.3500,1.9400,3.6900,3.9800,9.3800,10.0700,42.6300,118.3000,118.3000,118.4100);
/*!40000 ALTER TABLE `lmbench_latency` ENABLE KEYS */;
UNLOCK TABLES;

--
-- Table structure for table `lmbench_stream`
--

DROP TABLE IF EXISTS `lmbench_stream`;
/*!40101 SET @saved_cs_client     = @@character_set_client */;
/*!40101 SET character_set_client = utf8 */;
CREATE TABLE `lmbench_stream` (
  `id` int(10) unsigned NOT NULL AUTO_INCREMENT,
  `lmbench_id` int(10) unsigned NOT NULL,
  `process` varchar(4) NOT NULL,
  `size` varchar(8) NOT NULL,
  `operator` varchar(32) NOT NULL,
  `average` decimal(16,4) DEFAULT NULL,
  PRIMARY KEY (`id`),
  KEY `fk_lmbench_stream` (`lmbench_id`),
  CONSTRAINT `fk_lmbench_stream` FOREIGN KEY (`lmbench_id`) REFERENCES `lmbench` (`id`) ON DELETE CASCADE
) ENGINE=InnoDB AUTO_INCREMENT=1317 DEFAULT CHARSET=latin1;
/*!40101 SET character_set_client = @saved_cs_client */;

--
-- Dumping data for table `lmbench_stream`
--

LOCK TABLES `lmbench_stream` WRITE;
/*!40000 ALTER TABLE `lmbench_stream` DISABLE KEYS */;
INSERT INTO `lmbench_stream` VALUES (965,60,'24','16K','stream_copy_bandwidth',963783.5900),(966,60,'24','16K','stream_scale_bandwidth',960831.4920),(967,60,'24','16K','stream_add_bandwidth',975964.0280),(968,60,'24','16K','stream_triad_bandwidth',1159683.9520),(969,60,'24','16K','stream2_fill_bandwidth',482692.9460),(970,60,'24','16K','stream2_copy_bandwidth',963779.6700),(971,60,'24','16K','stream2_daxpy_bandwidth',1163845.5820),(972,60,'24','16K','stream2_sum_bandwidth',325323.6800),(973,60,'24','128K','stream_copy_bandwidth',993026.1340),(974,60,'24','128K','stream_scale_bandwidth',988663.9320),(975,60,'24','128K','stream_add_bandwidth',992669.9420),(976,60,'24','128K','stream_triad_bandwidth',1188619.4960),(977,60,'24','128K','stream2_fill_bandwidth',496962.8040),(978,60,'24','128K','stream2_copy_bandwidth',992931.0640),(979,60,'24','128K','stream2_daxpy_bandwidth',1184404.1920),(980,60,'24','128K','stream2_sum_bandwidth',330944.0240),(981,60,'24','16M','stream_copy_bandwidth',92359.9360),(982,60,'24','16M','stream_scale_bandwidth',101054.3160),(983,60,'24','16M','stream_add_bandwidth',337956.7840),(984,60,'24','16M','stream_triad_bandwidth',107212.9780),(985,60,'24','16M','stream2_fill_bandwidth',99972.9880),(986,60,'24','16M','stream2_copy_bandwidth',93014.8940),(987,60,'24','16M','stream2_daxpy_bandwidth',109454.9340),(988,60,'24','16M','stream2_sum_bandwidth',112803.1660),(989,60,'24','256M','stream_copy_bandwidth',102313.6320),(990,60,'24','256M','stream_scale_bandwidth',102498.5220),(991,60,'24','256M','stream_add_bandwidth',338378.3520),(992,60,'24','256M','stream_triad_bandwidth',109008.6760),(993,60,'24','256M','stream2_fill_bandwidth',83216.6440),(994,60,'24','256M','stream2_copy_bandwidth',99964.7520),(995,60,'24','256M','stream2_daxpy_bandwidth',104161.1080),(996,60,'24','256M','stream2_sum_bandwidth',112749.4780),(997,62,'24','16K','stream_copy_bandwidth',963728.8840),(998,62,'24','16K','stream_scale_bandwidth',960778.3500),(999,62,'24','16K','stream_add_bandwidth',975907.0880),(1000,62,'24','16K','stream_triad_bandwidth',1161316.4660),(1001,62,'24','16K','stream2_fill_bandwidth',482648.0580),(1002,62,'24','16K','stream2_copy_bandwidth',963709.1380),(1003,62,'24','16K','stream2_daxpy_bandwidth',1163745.6620),(1004,62,'24','16K','stream2_sum_bandwidth',325299.3300),(1005,62,'24','128K','stream_copy_bandwidth',992733.6800),(1006,62,'24','128K','stream_scale_bandwidth',988384.0160),(1007,62,'24','128K','stream_add_bandwidth',992528.7960),(1008,62,'24','128K','stream_triad_bandwidth',1187620.7040),(1009,62,'24','128K','stream2_fill_bandwidth',496925.1140),(1010,62,'24','128K','stream2_copy_bandwidth',992581.8180),(1011,62,'24','128K','stream2_daxpy_bandwidth',1184820.5460),(1012,62,'24','128K','stream2_sum_bandwidth',330845.8640),(1013,62,'24','16M','stream_copy_bandwidth',89184.5540),(1014,62,'24','16M','stream_scale_bandwidth',98766.7800),(1015,62,'24','16M','stream_add_bandwidth',337359.0140),(1016,62,'24','16M','stream_triad_bandwidth',110118.0720),(1017,62,'24','16M','stream2_fill_bandwidth',133877.0580),(1018,62,'24','16M','stream2_copy_bandwidth',92461.3100),(1019,62,'24','16M','stream2_daxpy_bandwidth',112795.8200),(1020,62,'24','16M','stream2_sum_bandwidth',112352.8120),(1021,62,'24','256M','stream_copy_bandwidth',95162.1020),(1022,62,'24','256M','stream_scale_bandwidth',103250.4740),(1023,62,'24','256M','stream_add_bandwidth',337535.7180),(1024,62,'24','256M','stream_triad_bandwidth',107205.2940),(1025,62,'24','256M','stream2_fill_bandwidth',96992.6600),(1026,62,'24','256M','stream2_copy_bandwidth',96792.1040),(1027,62,'24','256M','stream2_daxpy_bandwidth',103468.3760),(1028,62,'24','256M','stream2_sum_bandwidth',112408.3400),(1029,64,'24','16K','stream_copy_bandwidth',963770.8480),(1030,64,'24','16K','stream_scale_bandwidth',960826.7280),(1031,64,'24','16K','stream_add_bandwidth',975951.6920),(1032,64,'24','16K','stream_triad_bandwidth',1161381.0380),(1033,64,'24','16K','stream2_fill_bandwidth',482677.1360),(1034,64,'24','16K','stream2_copy_bandwidth',963763.8380),(1035,64,'24','16K','stream2_daxpy_bandwidth',1163805.7940),(1036,64,'24','16K','stream2_sum_bandwidth',325318.4220),(1037,64,'24','128K','stream_copy_bandwidth',966595.4040),(1038,64,'24','128K','stream_scale_bandwidth',931239.2000),(1039,64,'24','128K','stream_add_bandwidth',979354.7500),(1040,64,'24','128K','stream_triad_bandwidth',1116033.6340),(1041,64,'24','128K','stream2_fill_bandwidth',496949.8740),(1042,64,'24','128K','stream2_copy_bandwidth',949801.3440),(1043,64,'24','128K','stream2_daxpy_bandwidth',1070752.8500),(1044,64,'24','128K','stream2_sum_bandwidth',324737.2220),(1045,64,'24','16M','stream_copy_bandwidth',91249.5940),(1046,64,'24','16M','stream_scale_bandwidth',101097.0540),(1047,64,'24','16M','stream_add_bandwidth',334191.4940),(1048,64,'24','16M','stream_triad_bandwidth',109484.1980),(1049,64,'24','16M','stream2_fill_bandwidth',110640.8100),(1050,64,'24','16M','stream2_copy_bandwidth',81868.5980),(1051,64,'24','16M','stream2_daxpy_bandwidth',103775.0800),(1052,64,'24','16M','stream2_sum_bandwidth',111254.8600),(1053,64,'24','256M','stream_copy_bandwidth',104319.4180),(1054,64,'24','256M','stream_scale_bandwidth',101814.8460),(1055,64,'24','256M','stream_add_bandwidth',334551.1620),(1056,64,'24','256M','stream_triad_bandwidth',102868.3760),(1057,64,'24','256M','stream2_fill_bandwidth',91044.0120),(1058,64,'24','256M','stream2_copy_bandwidth',98246.6400),(1059,64,'24','256M','stream2_daxpy_bandwidth',103956.2760),(1060,64,'24','256M','stream2_sum_bandwidth',111253.0080),(1253,77,'24','16K','stream_copy_bandwidth',963804.5080),(1254,77,'24','16K','stream_scale_bandwidth',960852.9300),(1255,77,'24','16K','stream_add_bandwidth',975989.7680),(1256,77,'24','16K','stream_triad_bandwidth',1161401.0300),(1257,77,'24','16K','stream2_fill_bandwidth',482687.1440),(1258,77,'24','16K','stream2_copy_bandwidth',963781.5480),(1259,77,'24','16K','stream2_daxpy_bandwidth',1163840.5320),(1260,77,'24','16K','stream2_sum_bandwidth',325331.7740),(1261,77,'24','128K','stream_copy_bandwidth',992951.8260),(1262,77,'24','128K','stream_scale_bandwidth',988116.5960),(1263,77,'24','128K','stream_add_bandwidth',992635.6000),(1264,77,'24','128K','stream_triad_bandwidth',1188410.5840),(1265,77,'24','128K','stream2_fill_bandwidth',496960.3200),(1266,77,'24','128K','stream2_copy_bandwidth',993021.5280),(1267,77,'24','128K','stream2_daxpy_bandwidth',1187512.0540),(1268,77,'24','128K','stream2_sum_bandwidth',330937.3340),(1269,77,'24','16M','stream_copy_bandwidth',87444.5280),(1270,77,'24','16M','stream_scale_bandwidth',100921.9640),(1271,77,'24','16M','stream_add_bandwidth',337264.1800),(1272,77,'24','16M','stream_triad_bandwidth',94542.9360),(1273,77,'24','16M','stream2_fill_bandwidth',103482.6900),(1274,77,'24','16M','stream2_copy_bandwidth',90430.3620),(1275,77,'24','16M','stream2_daxpy_bandwidth',110782.9100),(1276,77,'24','16M','stream2_sum_bandwidth',112398.8380),(1277,77,'24','256M','stream_copy_bandwidth',100056.5940),(1278,77,'24','256M','stream_scale_bandwidth',101972.0560),(1279,77,'24','256M','stream_add_bandwidth',336320.7820),(1280,77,'24','256M','stream_triad_bandwidth',104342.7620),(1281,77,'24','256M','stream2_fill_bandwidth',93462.6100),(1282,77,'24','256M','stream2_copy_bandwidth',101024.3320),(1283,77,'24','256M','stream2_daxpy_bandwidth',110289.3440),(1284,77,'24','256M','stream2_sum_bandwidth',112107.5980),(1285,79,'24','16K','stream_copy_bandwidth',963794.6240),(1286,79,'24','16K','stream_scale_bandwidth',960857.0020),(1287,79,'24','16K','stream_add_bandwidth',975978.1060),(1288,79,'24','16K','stream_triad_bandwidth',1161396.7060),(1289,79,'24','16K','stream2_fill_bandwidth',482699.6240),(1290,79,'24','16K','stream2_copy_bandwidth',963776.4460),(1291,79,'24','16K','stream2_daxpy_bandwidth',1163823.0140),(1292,79,'24','16K','stream2_sum_bandwidth',325319.9720),(1293,79,'24','128K','stream_copy_bandwidth',992907.0880),(1294,79,'24','128K','stream_scale_bandwidth',988175.6220),(1295,79,'24','128K','stream_add_bandwidth',992564.6940),(1296,79,'24','128K','stream_triad_bandwidth',1188429.0560),(1297,79,'24','128K','stream2_fill_bandwidth',496965.3160),(1298,79,'24','128K','stream2_copy_bandwidth',992998.4020),(1299,79,'24','128K','stream2_daxpy_bandwidth',1187497.4620),(1300,79,'24','128K','stream2_sum_bandwidth',330950.8200),(1301,79,'24','16M','stream_copy_bandwidth',89046.0320),(1302,79,'24','16M','stream_scale_bandwidth',100154.5960),(1303,79,'24','16M','stream_add_bandwidth',336926.0580),(1304,79,'24','16M','stream_triad_bandwidth',103180.1660),(1305,79,'24','16M','stream2_fill_bandwidth',105671.2540),(1306,79,'24','16M','stream2_copy_bandwidth',94517.3760),(1307,79,'24','16M','stream2_daxpy_bandwidth',107295.9460),(1308,79,'24','16M','stream2_sum_bandwidth',112217.3320),(1309,79,'24','256M','stream_copy_bandwidth',103525.1880),(1310,79,'24','256M','stream_scale_bandwidth',102287.8500),(1311,79,'24','256M','stream_add_bandwidth',336172.8160),(1312,79,'24','256M','stream_triad_bandwidth',109443.4260),(1313,79,'24','256M','stream2_fill_bandwidth',99768.7960),(1314,79,'24','256M','stream2_copy_bandwidth',101978.4040),(1315,79,'24','256M','stream2_daxpy_bandwidth',114129.2320),(1316,79,'24','256M','stream2_sum_bandwidth',111927.1240);
/*!40000 ALTER TABLE `lmbench_stream` ENABLE KEYS */;
UNLOCK TABLES;

--
-- Table structure for table `lmbench_stream_bw`
--

DROP TABLE IF EXISTS `lmbench_stream_bw`;
/*!40101 SET @saved_cs_client     = @@character_set_client */;
/*!40101 SET character_set_client = utf8 */;
CREATE TABLE `lmbench_stream_bw` (
  `id` int(10) unsigned NOT NULL AUTO_INCREMENT,
  `lmbench_stream_id` int(10) unsigned NOT NULL,
  `bandwidth` decimal(16,4) NOT NULL,
  PRIMARY KEY (`id`),
  KEY `fk_lmbench_stream_bw` (`lmbench_stream_id`),
  CONSTRAINT `fk_lmbench_stream_bw` FOREIGN KEY (`lmbench_stream_id`) REFERENCES `lmbench_stream` (`id`) ON DELETE CASCADE
) ENGINE=InnoDB AUTO_INCREMENT=6561 DEFAULT CHARSET=latin1;
/*!40101 SET character_set_client = @saved_cs_client */;

--
-- Dumping data for table `lmbench_stream_bw`
--

LOCK TABLES `lmbench_stream_bw` WRITE;
/*!40000 ALTER TABLE `lmbench_stream_bw` DISABLE KEYS */;
INSERT INTO `lmbench_stream_bw` VALUES (4801,965,963787.2800),(4802,965,963771.0700),(4803,965,963795.3900),(4804,965,963786.9900),(4805,965,963777.2200),(4806,966,960838.4200),(4807,966,960826.5700),(4808,966,960827.0700),(4809,966,960837.4600),(4810,966,960827.9400),(4811,967,975952.0000),(4812,967,975979.8500),(4813,967,975920.0000),(4814,967,975964.5700),(4815,967,976003.7200),(4816,968,1161382.7700),(4817,968,1161377.8800),(4818,968,1161351.8100),(4819,968,1161393.6300),(4820,968,1152913.6700),(4821,969,482717.0700),(4822,969,482676.4700),(4823,969,482693.9300),(4824,969,482681.4300),(4825,969,482695.8300),(4826,970,963772.1900),(4827,970,963793.8100),(4828,970,963783.8400),(4829,970,963765.3300),(4830,970,963783.1800),(4831,971,1163876.1000),(4832,971,1163832.0600),(4833,971,1163847.3600),(4834,971,1163830.0500),(4835,971,1163842.3400),(4836,972,325328.3800),(4837,972,325322.1000),(4838,972,325321.2400),(4839,972,325324.4900),(4840,972,325322.1900),(4841,973,992907.3300),(4842,973,992992.0800),(4843,973,992791.1200),(4844,973,993198.1100),(4845,973,993242.0300),(4846,974,988681.5300),(4847,974,988605.4800),(4848,974,988351.4000),(4849,974,989036.9200),(4850,974,988644.3300),(4851,975,992684.9100),(4852,975,992637.8900),(4853,975,992429.2900),(4854,975,992851.9100),(4855,975,992745.7100),(4856,976,1188701.1700),(4857,976,1188542.4700),(4858,976,1188204.2800),(4859,976,1189101.6100),(4860,976,1188547.9500),(4861,977,496961.7100),(4862,977,496970.9000),(4863,977,496953.2700),(4864,977,496969.9000),(4865,977,496958.2400),(4866,978,992649.4700),(4867,978,992775.2800),(4868,978,993218.2200),(4869,978,993233.5800),(4870,978,992778.7700),(4871,979,1184395.5700),(4872,979,1184099.3700),(4873,979,1184309.4600),(4874,979,1184541.3800),(4875,979,1184675.1800),(4876,980,330793.2900),(4877,980,330890.6300),(4878,980,331040.4900),(4879,980,331044.7700),(4880,980,330950.9400),(4881,981,97269.4600),(4882,981,90737.2900),(4883,981,85388.5500),(4884,981,97351.9300),(4885,981,91052.4500),(4886,982,99029.1100),(4887,982,101634.3300),(4888,982,101526.8800),(4889,982,101834.7300),(4890,982,101246.5300),(4891,983,338169.9600),(4892,983,337553.3300),(4893,983,337576.0500),(4894,983,337987.4500),(4895,983,338497.1300),(4896,984,96364.9500),(4897,984,109806.9600),(4898,984,110268.7000),(4899,984,109951.7200),(4900,984,109672.5600),(4901,985,90829.5000),(4902,985,117213.7600),(4903,985,96274.3200),(4904,985,90127.7900),(4905,985,105419.5700),(4906,986,91110.2300),(4907,986,94075.3500),(4908,986,97405.8000),(4909,986,100889.6700),(4910,986,81593.4200),(4911,987,114637.7800),(4912,987,99980.5200),(4913,987,110478.2800),(4914,987,109855.2200),(4915,987,112322.8700),(4916,988,112840.0200),(4917,988,112888.6900),(4918,988,112846.0100),(4919,988,112580.9800),(4920,988,112860.1300),(4921,989,109558.1000),(4922,989,101282.1700),(4923,989,105569.4100),(4924,989,87562.5600),(4925,989,107595.9200),(4926,990,104244.6900),(4927,990,101973.3500),(4928,990,100245.3000),(4929,990,101888.7600),(4930,990,104140.5100),(4931,991,338574.4200),(4932,991,337841.0800),(4933,991,338338.0600),(4934,991,338851.8400),(4935,991,338286.3600),(4936,992,112808.8300),(4937,992,112674.7800),(4938,992,114514.3700),(4939,992,102464.9800),(4940,992,102580.4200),(4941,993,79323.3000),(4942,993,76862.9000),(4943,993,108177.8500),(4944,993,79142.0100),(4945,993,72577.1600),(4946,994,107630.4100),(4947,994,95453.3000),(4948,994,95595.2800),(4949,994,95573.4200),(4950,994,105571.3500),(4951,995,113034.0900),(4952,995,98948.5200),(4953,995,98654.4300),(4954,995,104761.8600),(4955,995,105406.6400),(4956,996,112753.0300),(4957,996,112922.2700),(4958,996,112821.6600),(4959,996,112659.4100),(4960,996,112591.0200),(4961,997,963746.7500),(4962,997,963712.0200),(4963,997,963735.3200),(4964,997,963712.6000),(4965,997,963737.7300),(4966,998,960779.5100),(4967,998,960774.4900),(4968,998,960775.8200),(4969,998,960772.5700),(4970,998,960789.3600),(4971,999,975910.2700),(4972,999,975873.0100),(4973,999,975893.5400),(4974,999,975932.9900),(4975,999,975925.6300),(4976,1000,1161348.7300),(4977,1000,1161303.0300),(4978,1000,1161291.4200),(4979,1000,1161312.7900),(4980,1000,1161326.3600),(4981,1001,482648.4700),(4982,1001,482644.7000),(4983,1001,482645.3400),(4984,1001,482652.0200),(4985,1001,482649.7600),(4986,1002,963704.0800),(4987,1002,963744.5400),(4988,1002,963709.4200),(4989,1002,963684.0200),(4990,1002,963703.6300),(4991,1003,1163717.5700),(4992,1003,1163763.9100),(4993,1003,1163758.6000),(4994,1003,1163731.8900),(4995,1003,1163756.3400),(4996,1004,325293.4300),(4997,1004,325305.9400),(4998,1004,325300.5900),(4999,1004,325296.6100),(5000,1004,325300.0800),(5001,1005,992402.0900),(5002,1005,992571.0700),(5003,1005,992726.6100),(5004,1005,993182.2000),(5005,1005,992786.4300),(5006,1006,987940.1800),(5007,1006,988645.4500),(5008,1006,988239.6300),(5009,1006,988546.1300),(5010,1006,988548.6900),(5011,1007,992123.6900),(5012,1007,992264.7500),(5013,1007,992814.9300),(5014,1007,992903.8500),(5015,1007,992536.7600),(5016,1008,1187932.8100),(5017,1008,1186722.6500),(5018,1008,1186796.0600),(5019,1008,1188299.7300),(5020,1008,1188352.2700),(5021,1009,496909.8900),(5022,1009,496921.7500),(5023,1009,496929.2800),(5024,1009,496944.1400),(5025,1009,496920.5100),(5026,1010,992351.5100),(5027,1010,992740.5800),(5028,1010,992831.9200),(5029,1010,992280.0900),(5030,1010,992704.9900),(5031,1011,1184538.9600),(5032,1011,1184778.4100),(5033,1011,1185289.1200),(5034,1011,1184962.2400),(5035,1011,1184534.0000),(5036,1012,330792.6300),(5037,1012,330794.0200),(5038,1012,330897.7300),(5039,1012,330814.8100),(5040,1012,330930.1300),(5041,1013,90761.4400),(5042,1013,97192.7200),(5043,1013,69397.1900),(5044,1013,87879.5900),(5045,1013,100691.8300),(5046,1014,101138.0200),(5047,1014,99082.8400),(5048,1014,95760.5400),(5049,1014,101562.4100),(5050,1014,96290.0900),(5051,1015,337486.6700),(5052,1015,337068.4800),(5053,1015,337653.3700),(5054,1015,337531.8200),(5055,1015,337054.7300),(5056,1016,109159.5400),(5057,1016,112059.3200),(5058,1016,111795.8600),(5059,1016,110498.2000),(5060,1016,107077.4400),(5061,1017,132363.5800),(5062,1017,136108.9500),(5063,1017,135781.9500),(5064,1017,134526.9800),(5065,1017,130603.8300),(5066,1018,100985.5700),(5067,1018,93986.2700),(5068,1018,97179.3500),(5069,1018,69515.4200),(5070,1018,100639.9400),(5071,1019,113097.9900),(5072,1019,112543.6200),(5073,1019,113183.0800),(5074,1019,111064.6500),(5075,1019,114089.7600),(5076,1020,112509.0700),(5077,1020,112265.3300),(5078,1020,112440.6700),(5079,1020,112209.5700),(5080,1020,112339.4200),(5081,1021,108063.7400),(5082,1021,83795.0700),(5083,1021,94650.2700),(5084,1021,94527.2400),(5085,1021,94774.1900),(5086,1022,101838.3700),(5087,1022,104561.0500),(5088,1022,101368.8800),(5089,1022,104124.6900),(5090,1022,104359.3800),(5091,1023,337480.5600),(5092,1023,337432.0900),(5093,1023,337654.2900),(5094,1023,337639.7800),(5095,1023,337471.8700),(5096,1024,113839.9700),(5097,1024,102016.0700),(5098,1024,114881.7400),(5099,1024,112302.7600),(5100,1024,92985.9300),(5101,1025,65983.6100),(5102,1025,119190.5300),(5103,1025,121327.4700),(5104,1025,66918.5000),(5105,1025,111543.1900),(5106,1026,108201.8900),(5107,1026,103468.6100),(5108,1026,83859.0000),(5109,1026,93985.8500),(5110,1026,94445.1700),(5111,1027,104411.6800),(5112,1027,110529.3500),(5113,1027,99530.2200),(5114,1027,104672.8500),(5115,1027,98197.7800),(5116,1028,112501.6100),(5117,1028,112286.2600),(5118,1028,112301.5800),(5119,1028,112508.3200),(5120,1028,112443.9300),(5121,1029,963767.3700),(5122,1029,963774.2800),(5123,1029,963754.1800),(5124,1029,963802.5500),(5125,1029,963755.8600),(5126,1030,960789.0900),(5127,1030,960840.4700),(5128,1030,960842.8200),(5129,1030,960843.4200),(5130,1030,960817.8400),(5131,1031,975953.4900),(5132,1031,975950.1100),(5133,1031,975962.2800),(5134,1031,975960.5600),(5135,1031,975932.0200),(5136,1032,1161364.9900),(5137,1032,1161388.7600),(5138,1032,1161356.3800),(5139,1032,1161423.4200),(5140,1032,1161371.6400),(5141,1033,482675.7800),(5142,1033,482680.3400),(5143,1033,482676.7300),(5144,1033,482677.5400),(5145,1033,482675.2900),(5146,1034,963742.7000),(5147,1034,963774.9700),(5148,1034,963755.2300),(5149,1034,963740.2600),(5150,1034,963806.0300),(5151,1035,1163826.1200),(5152,1035,1163803.3700),(5153,1035,1163772.5000),(5154,1035,1163791.5600),(5155,1035,1163835.4200),(5156,1036,325316.7000),(5157,1036,325316.3400),(5158,1036,325318.4800),(5159,1036,325316.8600),(5160,1036,325323.7300),(5161,1037,992618.7000),(5162,1037,992840.3500),(5163,1037,992968.1300),(5164,1037,992889.1500),(5165,1037,861660.6900),(5166,1038,988865.8300),(5167,1038,908715.9300),(5168,1038,988525.9400),(5169,1038,988547.5700),(5170,1038,781540.7300),(5171,1039,992432.6600),(5172,1039,992970.4400),(5173,1039,992847.5400),(5174,1039,992912.0400),(5175,1039,925611.0700),(5176,1040,1188410.3800),(5177,1040,1055146.8600),(5178,1040,1188133.6000),(5179,1040,1188669.5700),(5180,1040,959807.7600),(5181,1041,496949.2400),(5182,1041,496945.0000),(5183,1041,496946.8200),(5184,1041,496947.7700),(5185,1041,496960.5400),(5186,1042,993104.0200),(5187,1042,904023.2200),(5188,1042,992884.3500),(5189,1042,992842.6500),(5190,1042,866152.4800),(5191,1043,1121532.3600),(5192,1043,966453.6800),(5193,1043,1184100.0000),(5194,1043,1185356.6200),(5195,1043,896321.5900),(5196,1044,330964.8000),(5197,1044,318431.0100),(5198,1044,330822.9100),(5199,1044,330964.2200),(5200,1044,312503.1700),(5201,1045,88911.2600),(5202,1045,86144.0400),(5203,1045,94305.4000),(5204,1045,97986.8700),(5205,1045,88900.4000),(5206,1046,101283.9400),(5207,1046,101051.9800),(5208,1046,101458.9800),(5209,1046,100394.7500),(5210,1046,101295.6200),(5211,1047,333956.0800),(5212,1047,334030.0400),(5213,1047,335373.1200),(5214,1047,333051.3900),(5215,1047,334546.8400),(5216,1048,112875.3000),(5217,1048,102843.3700),(5218,1048,113493.2500),(5219,1048,112807.3000),(5220,1048,105401.7700),(5221,1049,104614.1200),(5222,1049,105886.5700),(5223,1049,102005.1300),(5224,1049,97613.3500),(5225,1049,143084.8800),(5226,1050,94254.0400),(5227,1050,72221.9600),(5228,1050,72653.8700),(5229,1050,72386.3200),(5230,1050,97826.8000),(5231,1051,109410.1200),(5232,1051,97545.8500),(5233,1051,97862.9300),(5234,1051,109396.3400),(5235,1051,104660.1600),(5236,1052,111700.1800),(5237,1052,111171.8800),(5238,1052,111142.7800),(5239,1052,111105.3000),(5240,1052,111154.1600),(5241,1053,107657.0700),(5242,1053,102804.7300),(5243,1053,97523.0800),(5244,1053,106073.4600),(5245,1053,107538.7500),(5246,1054,100297.3100),(5247,1054,101815.5200),(5248,1054,100512.8400),(5249,1054,103099.0800),(5250,1054,103349.4800),(5251,1055,334730.0200),(5252,1055,333751.7500),(5253,1055,335137.0700),(5254,1055,334125.8200),(5255,1055,335011.1500),(5256,1056,96367.9100),(5257,1056,103575.9800),(5258,1056,97643.0400),(5259,1056,112652.6400),(5260,1056,104102.3100),(5261,1057,99938.2700),(5262,1057,73042.0200),(5263,1057,93492.1600),(5264,1057,92994.5700),(5265,1057,95753.0400),(5266,1058,97497.2000),(5267,1058,89776.9000),(5268,1058,107143.4100),(5269,1058,89990.6900),(5270,1058,106825.0000),(5271,1059,104468.5600),(5272,1059,104635.7200),(5273,1059,98913.3700),(5274,1059,99627.3600),(5275,1059,112136.3700),(5276,1060,111341.1600),(5277,1060,111675.4300),(5278,1060,111059.8000),(5279,1060,111084.5700),(5280,1060,111104.0800),(6241,1253,963806.3400),(6242,1253,963787.2500),(6243,1253,963805.5700),(6244,1253,963839.2500),(6245,1253,963784.1300),(6246,1254,960837.7700),(6247,1254,960874.5800),(6248,1254,960846.7500),(6249,1254,960861.1700),(6250,1254,960844.3800),(6251,1255,975977.3700),(6252,1255,976007.7400),(6253,1255,975979.5400),(6254,1255,976007.7900),(6255,1255,975976.4000),(6256,1256,1161401.7600),(6257,1256,1161407.6300),(6258,1256,1161399.2100),(6259,1256,1161412.2100),(6260,1256,1161384.3400),(6261,1257,482681.2700),(6262,1257,482682.3400),(6263,1257,482696.2000),(6264,1257,482688.2300),(6265,1257,482687.6800),(6266,1258,963788.0000),(6267,1258,963798.4000),(6268,1258,963767.6400),(6269,1258,963774.9200),(6270,1258,963778.7800),(6271,1259,1163844.6600),(6272,1259,1163833.1000),(6273,1259,1163842.1100),(6274,1259,1163847.3600),(6275,1259,1163835.4300),(6276,1260,325320.2500),(6277,1260,325357.0200),(6278,1260,325327.3200),(6279,1260,325329.7700),(6280,1260,325324.5100),(6281,1261,992886.1800),(6282,1261,992882.4500),(6283,1261,993025.1300),(6284,1261,992758.1600),(6285,1261,993207.2100),(6286,1262,988132.9200),(6287,1262,988102.4800),(6288,1262,988024.5500),(6289,1262,987674.2800),(6290,1262,988648.7500),(6291,1263,992707.5900),(6292,1263,992713.1100),(6293,1263,992689.5000),(6294,1263,992380.0700),(6295,1263,992687.7300),(6296,1264,1188166.8400),(6297,1264,1188197.3200),(6298,1264,1188803.0000),(6299,1264,1187947.7300),(6300,1264,1188938.0300),(6301,1265,496956.8500),(6302,1265,496965.2600),(6303,1265,496954.2600),(6304,1265,496964.4900),(6305,1265,496960.7400),(6306,1266,993270.3000),(6307,1266,992773.4700),(6308,1266,992765.2100),(6309,1266,993268.4800),(6310,1266,993030.1800),(6311,1267,1187819.2400),(6312,1267,1186737.7700),(6313,1267,1187358.0300),(6314,1267,1187781.0200),(6315,1267,1187864.2100),(6316,1268,331052.5500),(6317,1268,330946.6900),(6318,1268,330947.1300),(6319,1268,330917.3500),(6320,1268,330822.9500),(6321,1269,85713.0200),(6322,1269,85987.9100),(6323,1269,94464.8300),(6324,1269,88592.1600),(6325,1269,82464.7200),(6326,1270,101943.1100),(6327,1270,98702.0400),(6328,1270,101684.9800),(6329,1270,100753.3200),(6330,1270,101526.3700),(6331,1271,336875.9400),(6332,1271,337126.6100),(6333,1271,337610.4000),(6334,1271,337310.3500),(6335,1271,337397.6000),(6336,1272,95785.6200),(6337,1272,95508.3900),(6338,1272,101527.0300),(6339,1272,83726.6700),(6340,1272,96166.9700),(6341,1273,93230.7400),(6342,1273,132501.9900),(6343,1273,70769.3200),(6344,1273,133347.2500),(6345,1273,87564.1500),(6346,1274,97663.2900),(6347,1274,97530.2400),(6348,1274,97544.8600),(6349,1274,70790.7600),(6350,1274,88622.6600),(6351,1275,112907.2100),(6352,1275,110534.3000),(6353,1275,111297.4600),(6354,1275,106511.1300),(6355,1275,112664.4500),(6356,1276,112501.6800),(6357,1276,112276.7100),(6358,1276,112229.0500),(6359,1276,112554.2900),(6360,1276,112432.4600),(6361,1277,103862.0300),(6362,1277,97562.4000),(6363,1277,99622.7100),(6364,1277,97572.3300),(6365,1277,101663.5000),(6366,1278,101302.8000),(6367,1278,103093.9500),(6368,1278,101911.7700),(6369,1278,102102.1100),(6370,1278,101449.6500),(6371,1279,335998.1300),(6372,1279,336695.3700),(6373,1279,336568.5500),(6374,1279,336426.3800),(6375,1279,335915.4800),(6376,1280,90830.9600),(6377,1280,109634.1600),(6378,1280,93629.9400),(6379,1280,116593.7800),(6380,1280,111024.9700),(6381,1281,86046.5400),(6382,1281,101861.4400),(6383,1281,98388.4400),(6384,1281,77908.3100),(6385,1281,103108.3200),(6386,1282,94939.6700),(6387,1282,108261.5300),(6388,1282,106209.1100),(6389,1282,108547.5900),(6390,1282,87163.7600),(6391,1283,113127.7400),(6392,1283,111143.5300),(6393,1283,109163.2800),(6394,1283,104937.2900),(6395,1283,113074.8800),(6396,1284,112171.5900),(6397,1284,112097.1200),(6398,1284,112080.6100),(6399,1284,112142.9300),(6400,1284,112045.7400),(6401,1285,963827.0400),(6402,1285,963794.8400),(6403,1285,963791.8600),(6404,1285,963770.4200),(6405,1285,963788.9600),(6406,1286,960865.5200),(6407,1286,960843.2200),(6408,1286,960880.3300),(6409,1286,960843.4200),(6410,1286,960852.5200),(6411,1287,975965.7300),(6412,1287,975989.3400),(6413,1287,975968.8700),(6414,1287,975989.1500),(6415,1287,975977.4400),(6416,1288,1161383.6900),(6417,1288,1161397.6900),(6418,1288,1161409.7300),(6419,1288,1161400.6000),(6420,1288,1161391.8200),(6421,1289,482692.2100),(6422,1289,482719.3600),(6423,1289,482695.0300),(6424,1289,482687.7300),(6425,1289,482703.7900),(6426,1290,963768.8900),(6427,1290,963767.2600),(6428,1290,963792.6800),(6429,1290,963779.3200),(6430,1290,963774.0800),(6431,1291,1163805.1600),(6432,1291,1163813.1600),(6433,1291,1163831.7800),(6434,1291,1163836.5200),(6435,1291,1163828.4500),(6436,1292,325327.0800),(6437,1292,325313.7700),(6438,1292,325327.4400),(6439,1292,325322.0200),(6440,1292,325309.5500),(6441,1293,992884.3500),(6442,1293,992927.9500),(6443,1293,992801.6200),(6444,1293,993027.9700),(6445,1293,992893.5500),(6446,1294,988111.1600),(6447,1294,988433.9800),(6448,1294,987960.8800),(6449,1294,988281.6900),(6450,1294,988090.4000),(6451,1295,992566.6300),(6452,1295,992466.9100),(6453,1295,992623.0200),(6454,1295,992618.2400),(6455,1295,992548.6700),(6456,1296,1188124.0600),(6457,1296,1188905.3500),(6458,1296,1188615.0500),(6459,1296,1188374.8600),(6460,1296,1188125.9600),(6461,1297,496971.1500),(6462,1297,496958.5100),(6463,1297,496971.7500),(6464,1297,496961.9900),(6465,1297,496963.1800),(6466,1298,992761.2400),(6467,1298,992805.9100),(6468,1298,992883.6900),(6469,1298,993272.2900),(6470,1298,993268.8800),(6471,1299,1187347.6300),(6472,1299,1187641.2600),(6473,1299,1186922.7500),(6474,1299,1187810.9300),(6475,1299,1187764.7400),(6476,1300,330884.9900),(6477,1300,330864.7400),(6478,1300,330892.5300),(6479,1300,331056.8900),(6480,1300,331054.9500),(6481,1301,91366.7700),(6482,1301,91495.8200),(6483,1301,88455.3300),(6484,1301,91539.9100),(6485,1301,82372.3300),(6486,1302,101178.3000),(6487,1302,101863.1400),(6488,1302,101076.1600),(6489,1302,100644.5200),(6490,1302,96010.8600),(6491,1303,336873.1200),(6492,1303,337066.9800),(6493,1303,336330.6700),(6494,1303,337108.8200),(6495,1303,337250.7000),(6496,1304,104171.7300),(6497,1304,104319.9700),(6498,1304,107597.9100),(6499,1304,112675.2300),(6500,1304,87135.9900),(6501,1305,101380.8000),(6502,1305,70759.7300),(6503,1305,114877.8500),(6504,1305,123585.3300),(6505,1305,117752.5600),(6506,1306,88373.7200),(6507,1306,91504.6100),(6508,1306,94299.9500),(6509,1306,100834.7200),(6510,1306,97573.8800),(6511,1307,96392.1900),(6512,1307,104638.3100),(6513,1307,111284.2300),(6514,1307,109390.7700),(6515,1307,114774.2300),(6516,1308,112326.3900),(6517,1308,112092.5100),(6518,1308,112107.5000),(6519,1308,112266.4700),(6520,1308,112293.7900),(6521,1309,108370.3600),(6522,1309,103937.9200),(6523,1309,101767.1000),(6524,1309,99632.9100),(6525,1309,103917.6500),(6526,1310,103163.4100),(6527,1310,103143.6400),(6528,1310,103194.7400),(6529,1310,100902.9400),(6530,1310,101034.5200),(6531,1311,336312.1600),(6532,1311,336460.0900),(6533,1311,336551.2300),(6534,1311,335835.4400),(6535,1311,335705.1600),(6536,1312,102310.9600),(6537,1312,111399.5600),(6538,1312,113881.4500),(6539,1312,114106.8100),(6540,1312,105518.3500),(6541,1313,118241.9800),(6542,1313,117528.8700),(6543,1313,98292.0300),(6544,1313,101684.9500),(6545,1313,63096.1500),(6546,1314,85133.5600),(6547,1314,106321.0400),(6548,1314,104014.3900),(6549,1314,106217.3900),(6550,1314,108205.6400),(6551,1315,114349.1400),(6552,1315,114968.7000),(6553,1315,114434.9200),(6554,1315,112211.3800),(6555,1315,114682.0200),(6556,1316,111867.3500),(6557,1316,112033.2200),(6558,1316,111799.5500),(6559,1316,111885.8700),(6560,1316,112049.6300);
/*!40000 ALTER TABLE `lmbench_stream_bw` ENABLE KEYS */;
UNLOCK TABLES;

--
-- Table structure for table `platform`
--

DROP TABLE IF EXISTS `platform`;
/*!40101 SET @saved_cs_client     = @@character_set_client */;
/*!40101 SET character_set_client = utf8 */;
CREATE TABLE `platform` (
  `id` smallint(5) unsigned NOT NULL AUTO_INCREMENT,
  `name` varchar(32) NOT NULL,
  PRIMARY KEY (`id`)
) ENGINE=InnoDB AUTO_INCREMENT=4 DEFAULT CHARSET=latin1;
/*!40101 SET character_set_client = @saved_cs_client */;

--
-- Dumping data for table `platform`
--

LOCK TABLES `platform` WRITE;
/*!40000 ALTER TABLE `platform` DISABLE KEYS */;
INSERT INTO `platform` VALUES (1,'REP1'),(2,'REP2'),(3,'DELL_R740');
/*!40000 ALTER TABLE `platform` ENABLE KEYS */;
UNLOCK TABLES;

--
-- Table structure for table `release_platform_relation`
--

DROP TABLE IF EXISTS `release_platform_relation`;
/*!40101 SET @saved_cs_client     = @@character_set_client */;
/*!40101 SET character_set_client = utf8 */;
CREATE TABLE `release_platform_relation` (
  `id` int(10) unsigned NOT NULL AUTO_INCREMENT,
  `release_id` smallint(5) unsigned NOT NULL,
  `platform_id` smallint(5) unsigned NOT NULL,
  `full` enum('true','false') NOT NULL DEFAULT 'false',
  PRIMARY KEY (`id`),
  UNIQUE KEY `u_release_soc` (`release_id`,`platform_id`),
  KEY `fk_platform_relation` (`platform_id`),
  CONSTRAINT `fk_platform_relation` FOREIGN KEY (`platform_id`) REFERENCES `platform` (`id`) ON DELETE CASCADE ON UPDATE CASCADE,
  CONSTRAINT `fk_release_platform_relation` FOREIGN KEY (`release_id`) REFERENCES `release_version` (`id`) ON DELETE CASCADE ON UPDATE CASCADE
) ENGINE=InnoDB AUTO_INCREMENT=12 DEFAULT CHARSET=latin1;
/*!40101 SET character_set_client = @saved_cs_client */;

--
-- Dumping data for table `release_platform_relation`
--

LOCK TABLES `release_platform_relation` WRITE;
/*!40000 ALTER TABLE `release_platform_relation` DISABLE KEYS */;
INSERT INTO `release_platform_relation` VALUES (1,7,1,'true'),(2,8,1,'true'),(3,9,1,'true'),(4,10,2,'true'),(5,11,1,'false'),(6,11,2,'true'),(7,12,1,'false'),(8,12,2,'true'),(9,13,3,'false'),(10,14,1,'false'),(11,14,2,'true');
/*!40000 ALTER TABLE `release_platform_relation` ENABLE KEYS */;
UNLOCK TABLES;

--
-- Table structure for table `release_soc_relation`
--

DROP TABLE IF EXISTS `release_soc_relation`;
/*!40101 SET @saved_cs_client     = @@character_set_client */;
/*!40101 SET character_set_client = utf8 */;
CREATE TABLE `release_soc_relation` (
  `id` int(10) unsigned NOT NULL AUTO_INCREMENT,
  `release_id` smallint(5) unsigned NOT NULL,
  `soc_id` smallint(5) unsigned NOT NULL,
  `full` enum('true','false') NOT NULL DEFAULT 'false',
  PRIMARY KEY (`id`),
  UNIQUE KEY `u_release_soc` (`release_id`,`soc_id`),
  KEY `fk_soc_relation` (`soc_id`),
  CONSTRAINT `fk_release_soc_relation` FOREIGN KEY (`release_id`) REFERENCES `release_version` (`id`) ON DELETE CASCADE ON UPDATE CASCADE,
  CONSTRAINT `fk_soc_relation` FOREIGN KEY (`soc_id`) REFERENCES `soc` (`id`) ON DELETE CASCADE ON UPDATE CASCADE
) ENGINE=InnoDB AUTO_INCREMENT=15 DEFAULT CHARSET=latin1;
/*!40101 SET character_set_client = @saved_cs_client */;

--
-- Dumping data for table `release_soc_relation`
--

LOCK TABLES `release_soc_relation` WRITE;
/*!40000 ALTER TABLE `release_soc_relation` DISABLE KEYS */;
INSERT INTO `release_soc_relation` VALUES (1,7,1,'false'),(2,7,2,'true'),(3,8,2,'true'),(4,9,3,'true'),(5,10,3,'true'),(6,10,4,'false'),(7,11,3,'true'),(8,11,4,'false'),(9,12,5,'true'),(10,12,4,'false'),(11,12,6,'false'),(12,13,7,'false'),(13,14,5,'true'),(14,14,6,'false');
/*!40000 ALTER TABLE `release_soc_relation` ENABLE KEYS */;
UNLOCK TABLES;

--
-- Table structure for table `release_version`
--

DROP TABLE IF EXISTS `release_version`;
/*!40101 SET @saved_cs_client     = @@character_set_client */;
/*!40101 SET character_set_client = utf8 */;
CREATE TABLE `release_version` (
  `id` smallint(5) unsigned NOT NULL AUTO_INCREMENT,
  `version` varchar(16) NOT NULL,
  `description` varchar(2048) DEFAULT NULL,
  `standard_link` varchar(256) DEFAULT NULL,
  `app_link` varchar(256) DEFAULT NULL,
  `release_time` datetime DEFAULT NULL,
  PRIMARY KEY (`id`),
  UNIQUE KEY `version` (`version`)
) ENGINE=InnoDB AUTO_INCREMENT=15 DEFAULT CHARSET=latin1;
/*!40101 SET character_set_client = @saved_cs_client */;

--
-- Dumping data for table `release_version`
--

LOCK TABLES `release_version` WRITE;
/*!40000 ALTER TABLE `release_version` DISABLE KEYS */;
INSERT INTO `release_version` VALUES (7,'hsrp_v1.0',NULL,NULL,NULL,'2017-11-30 00:00:00'),(8,'hsrp_v1.1',NULL,'http://releases.hxt-semitech.com/download/HXT%20Software%20Reference%20Platform%20v1.1/OS/HSRP%20V1.1%20Kernel&OS%20Standard%20Benchmark.pptx',NULL,'2018-03-30 00:00:00'),(9,'hsrp_v1.2',NULL,'http://releases.hxt-semitech.com/download/HXT%20Software%20Reference%20Platform%20v1.2/OS/HSRP%20V1.2%20Kernel&OS%20Standard%20Benchmark.pptx',NULL,'2018-06-29 00:00:00'),(10,'hsrp_v1.3',NULL,'http://releases.hxt-semitech.com/download/HXT%20Software%20Reference%20Platform%20v1.3/OS/HSRP%20V1.3%20Kernel&OS%20Standard%20Benchmark.pptx',NULL,'2018-07-25 00:00:00'),(11,'hsrp_v1.4',NULL,'http://releases.hxt-semitech.com/download/HXT%20Software%20Reference%20Platform%20v1.4/OS/HSRP%20V1.4%20Kernel&OS%20Standard%20Benchmark.pptx',NULL,'2018-10-30 00:00:00'),(12,'hsrp_v1.5',NULL,'http://releases.hxt-semitech.com/download/HXT%20Software%20Reference%20Platform%20v1.5/OS/HSRP%20V1.5%20Kernel&OS%20Standard%20Benchmark.pptx',NULL,'2018-12-29 00:00:00'),(13,'x86-5118',NULL,NULL,NULL,NULL),(14,'hsrp_v1.6',NULL,NULL,NULL,NULL);
/*!40000 ALTER TABLE `release_version` ENABLE KEYS */;
UNLOCK TABLES;

--
-- Table structure for table `role`
--

DROP TABLE IF EXISTS `role`;
/*!40101 SET @saved_cs_client     = @@character_set_client */;
/*!40101 SET character_set_client = utf8 */;
CREATE TABLE `role` (
  `id` tinyint(3) unsigned NOT NULL AUTO_INCREMENT,
  `role_name` varchar(32) NOT NULL,
  `permission` bit(32) NOT NULL,
  `last_update` timestamp NOT NULL DEFAULT CURRENT_TIMESTAMP ON UPDATE CURRENT_TIMESTAMP,
  PRIMARY KEY (`id`),
  UNIQUE KEY `role_name` (`role_name`),
  UNIQUE KEY `permission` (`permission`)
) ENGINE=InnoDB DEFAULT CHARSET=latin1;
/*!40101 SET character_set_client = @saved_cs_client */;

--
-- Dumping data for table `role`
--

LOCK TABLES `role` WRITE;
/*!40000 ALTER TABLE `role` DISABLE KEYS */;
/*!40000 ALTER TABLE `role` ENABLE KEYS */;
UNLOCK TABLES;

--
-- Table structure for table `soc`
--

DROP TABLE IF EXISTS `soc`;
/*!40101 SET @saved_cs_client     = @@character_set_client */;
/*!40101 SET character_set_client = utf8 */;
CREATE TABLE `soc` (
  `id` smallint(5) unsigned NOT NULL AUTO_INCREMENT,
  `name` varchar(32) NOT NULL,
  PRIMARY KEY (`id`)
) ENGINE=InnoDB AUTO_INCREMENT=8 DEFAULT CHARSET=latin1;
/*!40101 SET character_set_client = @saved_cs_client */;

--
-- Dumping data for table `soc`
--

LOCK TABLES `soc` WRITE;
/*!40000 ALTER TABLE `soc` DISABLE KEYS */;
INSERT INTO `soc` VALUES (1,'AW1.1'),(2,'AW2.0'),(3,'HXT1.0'),(4,'AW2.1'),(5,'HXT1.1'),(6,'AW2.2'),(7,'XEON_GOLD_5118');
/*!40000 ALTER TABLE `soc` ENABLE KEYS */;
UNLOCK TABLES;

--
-- Table structure for table `software_conf`
--

DROP TABLE IF EXISTS `software_conf`;
/*!40101 SET @saved_cs_client     = @@character_set_client */;
/*!40101 SET character_set_client = utf8 */;
CREATE TABLE `software_conf` (
  `id` int(10) unsigned NOT NULL AUTO_INCREMENT,
  `os` varchar(32) NOT NULL,
  `kernel` varchar(64) NOT NULL,
  `bios` varchar(32) NOT NULL,
  `gcc` varchar(16) NOT NULL,
  `glibc` varchar(16) NOT NULL,
  `jdk` varchar(32) DEFAULT NULL,
  `spec_cpu` varchar(16) DEFAULT NULL,
  `spec_jbb` varchar(16) DEFAULT NULL,
  `lmbench` varchar(16) DEFAULT NULL,
  `iperf` varchar(16) DEFAULT NULL,
  `fio` varchar(16) DEFAULT NULL,
  PRIMARY KEY (`id`)
) ENGINE=InnoDB AUTO_INCREMENT=317 DEFAULT CHARSET=latin1;
/*!40101 SET character_set_client = @saved_cs_client */;

--
-- Dumping data for table `software_conf`
--

LOCK TABLES `software_conf` WRITE;
/*!40000 ALTER TABLE `software_conf` DISABLE KEYS */;
INSERT INTO `software_conf` VALUES (208,'Centos7.5','4.14.81-1','0ACJA565 12/24/2018','4.8.5_20150623','2.17-222.el7','openjdk_1.8.0.191','2006','2015','','3','3.3'),(211,'Centos7.5','4.14.81-1','0ACJA565 12/24/2018','4.8.5_20150623','2.17-222.el7','openjdk_1.8.0.191','2006','2015','','3','3.3'),(215,'Centos7.5','4.14.81-1','0ACJA565 12/17/2018','4.8.5_20150623','2.17-222.el7','openjdk_1.8.0.191','2006','2015','','3','3.3'),(218,'Centos7.5','4.14.81-1','0ACJA565 12/17/2018','4.8.5_20150623','2.17-222.el7','openjdk_1.8.0.191','2006','2015','','3','3.3'),(219,'Centos7.5','4.14.81-1','0ACJA565 11/22/2018','4.8.5_20150623','2.17-222.el7','openjdk_1.8.0.191','2006','2015','','3','3.3'),(220,'Centos7.5','4.14.81-1','0ACJA565 11/22/2018','4.8.5_20150623','2.17-222.el7','openjdk_1.8.0.191','2006','2015','','3','3.3'),(221,'Centos7.5','4.14.81-1','0ACJA565 11/22/2018','4.8.5_20150623','2.17-222.el7','openjdk_1.8.0.191','2006','2015','','3','3.3'),(223,'Centos7.5','4.14.81-1','0ACJA565 11/22/2018','4.8.5_20150623','2.17-222.el7','openjdk_1.8.0.191','2006','2015','','3','3.3'),(224,'Centos7.5','4.14.62-4','0ACJA560 09/07/2018','4.8.5_20150623','2.17-222.el7','openjdk_1.8.0.171','2006','2015','','3','3.3'),(225,'Centos7.5','4.14.62-4','0ACJA560 09/07/2018','4.8.5_20150623','2.17-222.el7','openjdk_1.8.0.171','2006','2015','','3','3.3'),(227,'Centos7.5','4.14.62-4','0ACJA560 09/07/2018','4.8.5_20150623','2.17-222.el7','openjdk_1.8.0.171','2006','2015','','3','3.3'),(228,'Centos7.5','4.14.62-4','0ACJA560 09/07/2018','4.8.5_20150623','2.17-222.el7','openjdk_1.8.0.171','2006','2015','','3','3.3'),(229,'Centos7.5','4.14.62-4','0ACJA560 09/07/2018','4.8.5_20150623','2.17-222.el7','openjdk_1.8.0.171','2006','2015','','3','3.3'),(230,'Centos7.5','4.14.62-4','0ACJA560 09/07/2018','4.8.5_20150623','2.17-222.el7','openjdk_1.8.0.171','2006','2015','','3','3.3'),(231,'Centos7.5','4.14.62-4','0ACJA560 09/07/2018','4.8.5_20150623','2.17-222.el7','openjdk_1.8.0.171','2006','2015','','3','3.3'),(237,'Centos7.5','4.14.36','0ACJA541 07/03/2018','4.8.5_20150623','2.17-222.el7','openjdk_1.8.0.171','2006','2015','','3','3.3'),(239,'Centos7.5','4.14.36','0ACJA541 07/03/2018','4.8.5_20150623','2.17-222.el7','openjdk_1.8.0.171','2006','2015','','3','3.3'),(242,'Centos7.4','4.14.15','0ACJA541 07/03/2018','4.8.5_20150623','2.17-222.el7','openjdk_1.8.0.171','2006','2015','','3','3.3'),(246,'Centos7.4','4.14.15','0ACJA541 07/03/2018','4.8.5_20150623','2.17-222.el7','openjdk_1.8.0.171','2006','2015','','3','3.3'),(248,'Centos7.4','4.14.15','0ACJA541 07/03/2018','4.8.5_20150623','2.17-222.el7','openjdk_1.8.0.171','2006','2015','','3','3.3'),(253,'Centos7.4','4.14.15','0ACJA541 07/03/2018','4.8.5_20150623','2.17-222.el7','openjdk_1.8.0.171','2006','2015','','3','3.3'),(257,'Centos7.5','4.14.36','0ACJA541 07/03/2018','4.8.5_20150623','2.17-222.el7','openjdk_1.8.0.171','2006','2015','','3','3.3'),(258,'Centos7.5','4.14.36-5','0ACJA541 07/03/2018','4.8.5_20150623','2.17-222.el7','openjdk_1.8.0.171','2006','2015','','3','3.3'),(260,'Centos7.5','4.14.36-5','0ACJA541 07/03/2018','4.8.5_20150623','2.17-222.el7','openjdk_1.8.0.171','2006','2015','','3','3.3'),(262,'Centos7.5','4.14.62-4','0ACJA560 09/07/2018','4.8.5_20150623','2.17-222.el7','openjdk_1.8.0.171','2006','2015','','3','3.3'),(263,'Centos7.5','4.14.62-4','0ACJA560 09/07/2018','4.8.5_20150623','2.17-222.el7','openjdk_1.8.0.171','2006','2015','','3','3.3'),(264,'Centos7.5','4.14.81-1','0ACJA565 11/22/2018','4.8.5_20150623','2.17-222.el7','openjdk_1.8.0.191','2006','2015','','3','3.3'),(265,'Centos7.5','4.14.81-1','0ACJA565 11/22/2018','4.8.5_20150623','2.17-222.el7','openjdk_1.8.0.191','2006','2015','','3','3.3'),(266,'Centos7.5','4.14.81-1','0ACJA565 11/22/2018','4.8.5_20150623','2.17-222.el7','openjdk_1.8.0.191','2006','2015','','3','3.3'),(267,'Centos7.5','4.14.36-5','0ACJA541 07/03/2018','4.8.5_20150623','2.17-222.el7','openjdk_1.8.0.171','2006','2015','','3','3.3'),(269,'Centos7.5','4.14.36-5','0ACJA541 07/03/2018','4.8.5_20150623','2.17-222.el7','openjdk_1.8.0.171','2006','2015','','3','3.3'),(270,'Centos7.5','4.14.36-5','0ACJA541 07/03/2018','4.8.5_20150623','2.17-222.el7','openjdk_1.8.0.171','2006','2015','','3','3.3'),(271,'Centos7.4','4.14','','4.8.5_20150623','2.27','openjdk_1.8.0.191','2006','2015','','3','3.3'),(273,'Centos7.4','4.14','','4.8.5_20150623','2.27','openjdk_1.8.0.191','2006','2015','','3','3.3'),(274,'Centos7.4','4.14','','4.8.5_20150623','2.27','openjdk_1.8.0.191','2006','2015','','3','3.3'),(277,'Centos7.5','4.14.81-3','0ACJA565 02/20/2019','4.8.5_20150623','2.17-222.el7','openjdk_1.8.0.191','2006','2015','','3','3.3'),(278,'Centos7.5','4.14.81-3','0ACJA565 02/20/2019','4.8.5_20150623','2.17-222.el7','openjdk_1.8.0.191','2006','2015','','3','3.3'),(280,'Centos7.5','4.14.81-3','0ACJA565 02/20/2019','4.8.5_20150623','2.17-222.el7','openjdk_1.8.0.191','2006','2015','','3','3.3'),(285,'Centos7.5','4.14.81-3','0ACJA565 02/20/2019','4.8.5_20150623','2.17-222.el7','openjdk_1.8.0.191','2006','2015','','3','3.3'),(286,'Centos7.5','4.14.81-3','0ACJA565 02/20/2019','4.8.5_20150623','2.17-222.el7','openjdk_1.8.0.191','2006','2015','','3','3.3'),(288,'Centos7.5','4.14.81-3','0ACJA565 02/20/2019','4.8.5_20150623','2.17-222.el7','openjdk_1.8.0.191','2006','2015','','3','3.3'),(289,'Centos7.5','4.14.81-3','0ACJA565 02/20/2019','4.8.5_20150623','2.17-222.el7','openjdk_1.8.0.191','2006','2015','','3','3.3'),(290,'Centos7.5','4.14.81-3','0ACJA565 02/20/2019','4.8.5_20150623','2.17-222.el7','openjdk_1.8.0.191','2006','2015','','3','3.3'),(291,'Centos7.5','4.14.81-3','0ACJA565 02/20/2019','4.8.5_20150623','2.17-222.el7','openjdk_1.8.0.191','2006','2015','','3','3.3'),(292,'Centos7.5','4.14.81-3','0ACJA565 02/20/2019','4.8.5_20150623','2.17-222.el7','openjdk_1.8.0.191','2006','2015','','3','3.3'),(293,'Centos7.5','4.14.81-3','0ACJA565 02/20/2019','4.8.5_20150623','2.17-222.el7','openjdk_1.8.0.191','2006','2015','','3','3.3'),(295,'Centos7.5','4.14.81-3','0ACJA565 02/20/2019','4.8.5_20150623','2.17-222.el7','openjdk_1.8.0.191','2006','2015','','3','3.3'),(297,'Centos7.5','4.14.81-3','0ACJA565 02/20/2019','4.8.5_20150623','2.17-222.el7','openjdk_1.8.0.191','2006','2015','','3','3.3'),(298,'Centos7.5','4.14.81-3','0ACJA565 02/20/2019','4.8.5_20150623','2.17-222.el7','openjdk_1.8.0.191','2006','2015','','3','3.3'),(300,'Centos7.5','4.14.81-3','0ACJA565 02/20/2019','4.8.5_20150623','2.17-222.el7','openjdk_1.8.0.191','2006','2015','','3','3.3'),(301,'Centos7.5','4.14.81-3','0ACJA565 02/20/2019','4.8.5_20150623','2.17-222.el7','openjdk_1.8.0.191','2006','2015','','3','3.3'),(305,'Centos7.5','4.14.81-3','0ACJA565 02/20/2019','4.8.5_20150623','2.17-222.el7','openjdk_1.8.0.191','2006','2015','','3','3.3'),(306,'Centos7.5','4.14.81-3','0ACJA565 02/20/2019','4.8.5_20150623','2.17-222.el7','openjdk_1.8.0.191','2006','2015','','3','3.3'),(307,'Centos7.5','4.14.81-3','0ACJA565 02/20/2019','4.8.5_20150623','2.17-222.el7','openjdk_1.8.0.191','2006','2015','','3','3.3'),(308,'Centos7.5','4.14.81-3','0ACJA565 02/20/2019','4.8.5_20150623','2.17-222.el7','openjdk_1.8.0.191','2006','2015','','3','3.3'),(310,'Centos7.5','4.14.81-3','0ACJA565 02/20/2019','4.8.5_20150623','2.17-222.el7','openjdk_1.8.0.191','2006','2015','','3','3.3'),(311,'Centos7.5','4.14.81-3','0ACJA565 02/20/2019','4.8.5_20150623','2.17-222.el7','openjdk_1.8.0.191','2006','2015','','3','3.3'),(312,'Centos7.5','4.14.81-3','0ACJA565 02/20/2019','4.8.5_20150623','2.17-222.el7','openjdk_1.8.0.191','2006','2015','','3','3.3'),(313,'Centos7.5','4.14.81-3','0ACJA565 02/20/2019','4.8.5_20150623','2.17-222.el7','openjdk_1.8.0.191','2006','2015','','3','3.3'),(314,'Centos7.5','4.14.81-3','0ACJA565 02/20/2019','4.8.5_20150623','2.17-222.el7','openjdk_1.8.0.191','2006','2015','','3','3.3'),(315,'Centos7.5','4.14.81-3','0ACJA565 02/20/2019','4.8.5_20150623','2.17-222.el7','openjdk_1.8.0.191','2006','2015','','3','3.3'),(316,'Centos7.5','4.14.81-3','0ACJA565 02/20/2019','4.8.5_20150623','2.17-222.el7','openjdk_1.8.0.191','2006','2015','','3','3.3');
/*!40000 ALTER TABLE `software_conf` ENABLE KEYS */;
UNLOCK TABLES;

--
-- Table structure for table `spec_cpu_fp`
--

DROP TABLE IF EXISTS `spec_cpu_fp`;
/*!40101 SET @saved_cs_client     = @@character_set_client */;
/*!40101 SET character_set_client = utf8 */;
CREATE TABLE `spec_cpu_fp` (
  `id` int(10) unsigned NOT NULL AUTO_INCREMENT,
  `testcase_execution_id` int(10) unsigned NOT NULL,
  `specfp_score` decimal(16,2) NOT NULL,
  `410_bwaves` decimal(16,2) NOT NULL,
  `416_gamess` decimal(16,2) NOT NULL,
  `433_milc` decimal(16,2) NOT NULL,
  `434_zeusmp` decimal(16,2) NOT NULL,
  `435_gromacs` decimal(16,2) NOT NULL,
  `436_cactusADM` decimal(16,2) NOT NULL,
  `437_leslie3d` decimal(16,2) NOT NULL,
  `444_namd` decimal(16,2) NOT NULL,
  `447_dealll` decimal(16,2) NOT NULL,
  `450_soplex` decimal(16,2) NOT NULL,
  `453_poveray` decimal(16,2) NOT NULL,
  `454_calculix` decimal(16,2) NOT NULL,
  `459_gemsfdtd` decimal(16,2) NOT NULL,
  `465_tonto` decimal(16,2) NOT NULL,
  `470_lbm` decimal(16,2) NOT NULL,
  `481_wrf` decimal(16,2) NOT NULL,
  `482_spinx3` decimal(16,2) NOT NULL,
  PRIMARY KEY (`id`),
  KEY `fk_fp_testcase_execution` (`testcase_execution_id`),
  CONSTRAINT `fk_fp_testcase_execution` FOREIGN KEY (`testcase_execution_id`) REFERENCES `testcase_execution` (`id`) ON DELETE CASCADE
) ENGINE=InnoDB AUTO_INCREMENT=45 DEFAULT CHARSET=latin1;
/*!40101 SET character_set_client = @saved_cs_client */;

--
-- Dumping data for table `spec_cpu_fp`
--

LOCK TABLES `spec_cpu_fp` WRITE;
/*!40000 ALTER TABLE `spec_cpu_fp` DISABLE KEYS */;
INSERT INTO `spec_cpu_fp` VALUES (27,203,594.00,566.00,891.00,291.00,735.00,791.00,748.00,349.00,690.00,1270.00,391.00,1200.00,721.00,312.00,676.00,337.00,651.00,475.00),(28,213,606.00,566.00,927.00,292.00,743.00,821.00,759.00,349.00,718.00,1300.00,392.00,1260.00,757.00,312.00,702.00,337.00,655.00,477.00),(29,216,663.00,569.00,1110.00,301.00,832.00,980.00,861.00,352.00,861.00,1400.00,402.00,1480.00,894.00,320.00,822.00,336.00,687.00,500.00),(31,222,607.00,569.00,759.00,300.00,813.00,849.00,806.00,351.00,713.00,1240.00,390.00,1270.00,798.00,316.00,683.00,336.00,663.00,483.00),(32,225,621.00,569.00,793.00,301.00,824.00,885.00,883.00,352.00,744.00,1280.00,395.00,1250.00,830.00,319.00,711.00,336.00,672.00,490.00),(34,234,597.00,566.00,765.00,292.00,760.00,877.00,737.00,352.00,712.00,1250.00,333.00,1170.00,799.00,320.00,691.00,335.00,689.00,504.00),(36,243,645.00,568.00,1060.00,298.00,817.00,936.00,832.00,350.00,821.00,1380.00,395.00,1350.00,857.00,318.00,789.00,336.00,680.00,491.00),(37,264,645.00,568.00,1060.00,298.00,817.00,936.00,832.00,350.00,821.00,1380.00,395.00,1350.00,857.00,318.00,789.00,336.00,680.00,491.00),(38,268,671.00,826.00,706.00,523.00,756.00,430.00,1000.00,537.00,651.00,1330.00,581.00,1120.00,538.00,520.00,431.00,539.00,974.00,598.00),(41,280,666.00,571.00,1090.00,306.00,851.00,924.00,904.00,357.00,857.00,1400.00,408.00,1500.00,891.00,326.00,820.00,336.00,690.00,511.00),(42,286,654.00,570.00,1050.00,304.00,837.00,886.00,883.00,356.00,824.00,1400.00,405.00,1450.00,855.00,324.00,789.00,336.00,683.00,505.00),(43,287,610.00,566.00,912.00,296.00,766.00,790.00,812.00,355.00,715.00,1320.00,397.00,1260.00,748.00,320.00,699.00,337.00,655.00,488.00),(44,292,599.00,566.00,877.00,295.00,758.00,748.00,800.00,355.00,689.00,1290.00,396.00,1210.00,723.00,318.00,674.00,336.00,652.00,485.00);
/*!40000 ALTER TABLE `spec_cpu_fp` ENABLE KEYS */;
UNLOCK TABLES;

--
-- Table structure for table `spec_cpu_int`
--

DROP TABLE IF EXISTS `spec_cpu_int`;
/*!40101 SET @saved_cs_client     = @@character_set_client */;
/*!40101 SET character_set_client = utf8 */;
CREATE TABLE `spec_cpu_int` (
  `id` int(10) unsigned NOT NULL AUTO_INCREMENT,
  `testcase_execution_id` int(10) unsigned NOT NULL,
  `specint_score` decimal(16,2) NOT NULL,
  `400_perlbench` decimal(16,2) NOT NULL,
  `401_bzip2` decimal(16,2) NOT NULL,
  `403_gcc` decimal(16,2) NOT NULL,
  `429_mcf` decimal(16,2) NOT NULL,
  `445_gobmk` decimal(16,2) NOT NULL,
  `456_hmmer` decimal(16,2) NOT NULL,
  `458_sjeng` decimal(16,2) NOT NULL,
  `462_libquantum` decimal(16,2) NOT NULL,
  `464_H264ref` decimal(16,2) NOT NULL,
  `471_omnetpp` decimal(16,2) NOT NULL,
  `473_astar` decimal(16,2) NOT NULL,
  `483_xalancbmk` decimal(16,2) NOT NULL,
  PRIMARY KEY (`id`),
  KEY `fk_int_testcase_execution` (`testcase_execution_id`),
  CONSTRAINT `fk_int_testcase_execution` FOREIGN KEY (`testcase_execution_id`) REFERENCES `testcase_execution` (`id`) ON DELETE CASCADE
) ENGINE=InnoDB AUTO_INCREMENT=49 DEFAULT CHARSET=latin1;
/*!40101 SET character_set_client = @saved_cs_client */;

--
-- Dumping data for table `spec_cpu_int`
--

LOCK TABLES `spec_cpu_int` WRITE;
/*!40000 ALTER TABLE `spec_cpu_int` DISABLE KEYS */;
INSERT INTO `spec_cpu_int` VALUES (31,203,610.00,808.00,502.00,493.00,401.00,792.00,1030.00,780.00,444.00,1150.00,341.00,427.00,705.00),(32,213,624.00,838.00,518.00,491.00,401.00,820.00,1070.00,809.00,444.00,1200.00,343.00,437.00,718.00),(33,216,705.00,999.00,604.00,563.00,425.00,981.00,1250.00,968.00,446.00,1430.00,367.00,468.00,807.00),(35,222,608.00,770.00,438.00,487.00,416.00,810.00,1180.00,797.00,446.00,1030.00,352.00,431.00,710.00),(36,225,629.00,819.00,456.00,504.00,422.00,847.00,1230.00,832.00,446.00,1070.00,358.00,440.00,732.00),(38,234,613.00,799.00,441.00,491.00,415.00,841.00,1180.00,799.00,446.00,1060.00,360.00,416.00,690.00),(40,243,682.00,942.00,578.00,544.00,418.00,938.00,1200.00,924.00,446.00,1370.00,361.00,459.00,785.00),(41,264,682.00,942.00,578.00,544.00,418.00,938.00,1200.00,924.00,446.00,1370.00,361.00,459.00,785.00),(42,268,682.00,868.00,478.00,712.00,570.00,625.00,679.00,670.00,713.00,1110.00,509.00,535.00,970.00),(45,280,697.00,963.00,597.00,528.00,418.00,978.00,1260.00,977.00,447.00,1420.00,358.00,486.00,779.00),(46,286,676.00,923.00,573.00,514.00,414.00,938.00,1210.00,937.00,446.00,1360.00,351.00,475.00,755.00),(47,287,614.00,807.00,511.00,461.00,397.00,818.00,1070.00,816.00,444.00,1190.00,331.00,445.00,686.00),(48,292,601.00,778.00,497.00,461.00,397.00,790.00,1030.00,788.00,444.00,1140.00,329.00,437.00,675.00);
/*!40000 ALTER TABLE `spec_cpu_int` ENABLE KEYS */;
UNLOCK TABLES;

--
-- Table structure for table `spec_jbb`
--

DROP TABLE IF EXISTS `spec_jbb`;
/*!40101 SET @saved_cs_client     = @@character_set_client */;
/*!40101 SET character_set_client = utf8 */;
CREATE TABLE `spec_jbb` (
  `id` int(10) unsigned NOT NULL AUTO_INCREMENT,
  `testcase_execution_id` int(10) unsigned NOT NULL,
  `max_jops` decimal(16,2) NOT NULL,
  `critical_jops` decimal(16,2) NOT NULL,
  PRIMARY KEY (`id`),
  KEY `fk_jbb_testcase_execution` (`testcase_execution_id`),
  CONSTRAINT `fk_jbb_testcase_execution` FOREIGN KEY (`testcase_execution_id`) REFERENCES `testcase_execution` (`id`) ON DELETE CASCADE
) ENGINE=InnoDB AUTO_INCREMENT=47 DEFAULT CHARSET=latin1;
/*!40101 SET character_set_client = @saved_cs_client */;

--
-- Dumping data for table `spec_jbb`
--

LOCK TABLES `spec_jbb` WRITE;
/*!40000 ALTER TABLE `spec_jbb` DISABLE KEYS */;
INSERT INTO `spec_jbb` VALUES (29,206,32393.00,15309.00),(30,210,32895.00,15802.00),(32,218,38471.00,20594.00),(33,226,35774.00,17340.00),(41,265,36185.00,17590.00),(42,269,56800.00,26018.00),(43,275,37485.00,19831.00),(44,288,31662.00,15436.00),(45,293,31689.00,15275.00),(46,305,38471.00,20594.00);
/*!40000 ALTER TABLE `spec_jbb` ENABLE KEYS */;
UNLOCK TABLES;

--
-- Table structure for table `testcase`
--

DROP TABLE IF EXISTS `testcase`;
/*!40101 SET @saved_cs_client     = @@character_set_client */;
/*!40101 SET character_set_client = utf8 */;
CREATE TABLE `testcase` (
  `id` smallint(5) unsigned NOT NULL AUTO_INCREMENT,
  `testcase_type` varchar(16) NOT NULL,
  `testcase_name` varchar(64) NOT NULL,
  `parent_id` smallint(5) unsigned DEFAULT NULL,
  PRIMARY KEY (`id`),
  UNIQUE KEY `testcase_name` (`testcase_name`)
) ENGINE=InnoDB AUTO_INCREMENT=10 DEFAULT CHARSET=latin1;
/*!40101 SET character_set_client = @saved_cs_client */;

--
-- Dumping data for table `testcase`
--

LOCK TABLES `testcase` WRITE;
/*!40000 ALTER TABLE `testcase` DISABLE KEYS */;
INSERT INTO `testcase` VALUES (1,'standard','speccpu',NULL),(2,'standard','specjbb',NULL),(3,'standard','lmbench',NULL),(4,'standard','iperf',NULL),(5,'standard','fio',NULL),(8,'standard','lmbench-stream',3),(9,'standard','lmbench-latency',3);
/*!40000 ALTER TABLE `testcase` ENABLE KEYS */;
UNLOCK TABLES;

--
-- Table structure for table `testcase_execution`
--

DROP TABLE IF EXISTS `testcase_execution`;
/*!40101 SET @saved_cs_client     = @@character_set_client */;
/*!40101 SET character_set_client = utf8 */;
CREATE TABLE `testcase_execution` (
  `id` int(10) unsigned NOT NULL AUTO_INCREMENT,
  `user_id` smallint(5) unsigned NOT NULL,
  `testcase_id` smallint(5) unsigned NOT NULL,
  `release_id` smallint(5) unsigned NOT NULL,
  `hw_config_id` int(10) unsigned NOT NULL,
  `sw_config_id` int(10) unsigned NOT NULL,
  `tune_config_id` int(10) unsigned NOT NULL,
  `filename` varchar(128) NOT NULL,
  `original_data_path` varchar(512) NOT NULL,
  `last_update` timestamp NOT NULL DEFAULT CURRENT_TIMESTAMP ON UPDATE CURRENT_TIMESTAMP,
  PRIMARY KEY (`id`),
  KEY `fk_testcase_user` (`user_id`),
  KEY `fk_testcase_id` (`testcase_id`),
  KEY `fk_testcase_release` (`release_id`),
  KEY `fk_testcase_hardware` (`hw_config_id`),
  KEY `fk_testcase_software` (`sw_config_id`),
  KEY `fk_testcase_tune` (`tune_config_id`),
  CONSTRAINT `fk_testcase_hardware` FOREIGN KEY (`hw_config_id`) REFERENCES `hardware_conf` (`id`) ON UPDATE CASCADE,
  CONSTRAINT `fk_testcase_id` FOREIGN KEY (`testcase_id`) REFERENCES `testcase` (`id`) ON UPDATE CASCADE,
  CONSTRAINT `fk_testcase_release` FOREIGN KEY (`release_id`) REFERENCES `release_version` (`id`) ON UPDATE CASCADE,
  CONSTRAINT `fk_testcase_software` FOREIGN KEY (`sw_config_id`) REFERENCES `software_conf` (`id`) ON UPDATE CASCADE,
  CONSTRAINT `fk_testcase_tune` FOREIGN KEY (`tune_config_id`) REFERENCES `tune_conf` (`id`) ON UPDATE CASCADE,
  CONSTRAINT `fk_testcase_user` FOREIGN KEY (`user_id`) REFERENCES `user` (`id`) ON UPDATE CASCADE
) ENGINE=InnoDB AUTO_INCREMENT=312 DEFAULT CHARSET=latin1;
/*!40101 SET character_set_client = @saved_cs_client */;

--
-- Dumping data for table `testcase_execution`
--

LOCK TABLES `testcase_execution` WRITE;
/*!40000 ALTER TABLE `testcase_execution` DISABLE KEYS */;
INSERT INTO `testcase_execution` VALUES (203,11,1,12,211,208,207,'TPM.7z','TPM.7z','2019-02-14 08:21:51'),(206,11,2,12,214,211,210,'TPM.7z','TPM.7z','2019-02-14 08:22:01'),(210,11,2,12,218,215,214,'TPM.7z','TPM.7z','2019-02-14 08:22:41'),(213,11,1,12,221,218,217,'TPM.7z','TPM.7z','2019-02-14 08:23:26'),(214,11,9,12,222,219,218,'TPM.7z','TPM.7z','2019-02-14 08:31:47'),(215,11,8,12,223,220,219,'TPM.7z','TPM.7z','2019-02-14 08:31:54'),(216,11,1,12,224,221,220,'TPM.7z','TPM.7z','2019-02-14 08:32:01'),(218,11,2,12,226,223,222,'TPM.7z','TPM.7z','2019-02-14 08:32:11'),(219,11,9,11,227,224,223,'TPM.7z','TPM.7z','2019-02-14 08:33:07'),(220,11,8,11,228,225,224,'TPM.7z','TPM.7z','2019-02-14 08:33:13'),(222,11,1,11,230,227,226,'TPM.7z','TPM.7z','2019-02-14 08:33:22'),(223,11,9,11,231,228,227,'TPM.7z','TPM.7z','2019-02-14 08:33:42'),(224,11,8,11,232,229,228,'TPM.7z','TPM.7z','2019-02-14 08:33:48'),(225,11,1,11,233,230,229,'TPM.7z','TPM.7z','2019-02-14 08:33:55'),(226,11,2,11,234,231,230,'TPM.7z','TPM.7z','2019-02-14 08:34:02'),(232,11,9,9,240,237,236,'TPM.7z','TPM.7z','2019-02-14 08:36:01'),(234,11,1,9,242,239,238,'TPM.7z','TPM.7z','2019-02-14 08:36:14'),(237,11,9,8,245,242,241,'TPM.7z','TPM.7z','2019-02-14 08:36:49'),(241,11,9,8,249,246,245,'TPM.7z','TPM.7z','2019-02-14 08:37:21'),(243,11,1,8,251,248,247,'TPM.7z','TPM.7z','2019-02-14 08:37:34'),(248,11,4,8,256,253,252,'TPM.7z','TPM.7z','2019-02-18 02:19:09'),(252,11,4,9,260,257,256,'TPM.7z','TPM.7z','2019-02-18 02:19:28'),(253,11,5,10,261,258,257,'TPM.7z','TPM.7z','2019-02-18 02:19:39'),(255,11,4,10,263,260,259,'TPM.7z','TPM.7z','2019-02-18 02:19:49'),(257,11,5,11,265,262,261,'TPM.7z','TPM.7z','2019-02-18 02:20:05'),(258,11,4,11,266,263,262,'TPM.7z','TPM.7z','2019-02-18 02:20:12'),(259,11,5,12,267,264,263,'TPM.7z','TPM.7z','2019-02-18 02:20:35'),(260,11,5,12,268,265,264,'TPM.7z','TPM.7z','2019-02-18 02:20:45'),(261,11,4,12,269,266,265,'TPM.7z','TPM.7z','2019-02-18 02:20:52'),(262,11,9,10,270,267,266,'TPM.7z','TPM.7z','2019-02-18 02:23:33'),(264,11,1,10,272,269,268,'TPM.7z','TPM.7z','2019-02-18 02:23:46'),(265,11,2,10,273,270,269,'TPM.7z','TPM.7z','2019-02-18 02:23:53'),(266,7,5,13,274,271,270,'TPM.7z','TPM.7z','2019-02-26 03:10:42'),(268,7,1,13,276,273,272,'TPM.7z','TPM.7z','2019-02-26 03:11:03'),(269,7,2,13,277,274,273,'TPM.7z','TPM.7z','2019-02-26 03:11:20'),(272,11,9,14,280,277,276,'TPM.7z','TPM.7z','2019-03-08 09:05:34'),(273,11,8,14,281,278,277,'TPM.7z','TPM.7z','2019-03-08 09:05:40'),(275,11,2,14,283,280,279,'TPM.7z','TPM.7z','2019-03-08 09:05:57'),(280,11,1,14,288,285,284,'TPM.7z','TPM.7z','2019-03-08 09:25:56'),(281,11,5,14,289,286,285,'TPM.7z','TPM.7z','2019-03-08 09:26:18'),(283,11,4,14,291,288,287,'TPM.7z','TPM.7z','2019-03-08 09:26:29'),(284,11,5,14,292,289,288,'TPM.7z','TPM.7z','2019-03-08 09:26:47'),(285,11,4,14,293,290,289,'TPM.7z','TPM.7z','2019-03-08 09:27:02'),(286,11,1,14,294,291,290,'TPM.7z','TPM.7z','2019-03-08 09:27:09'),(287,11,1,14,295,292,291,'TPM.7z','TPM.7z','2019-03-08 09:28:17'),(288,11,2,14,296,293,292,'TPM.7z','TPM.7z','2019-03-08 09:28:29'),(290,11,8,14,298,295,294,'TPM.7z','TPM.7z','2019-03-08 09:29:31'),(292,11,1,14,300,297,296,'TPM.7z','TPM.7z','2019-03-08 09:29:58'),(293,11,2,14,301,298,297,'TPM.7z','TPM.7z','2019-03-08 09:30:04'),(295,11,9,14,303,300,299,'TPM.7z','TPM.7z','2019-03-08 09:32:02'),(296,6,9,14,304,301,300,'HSRP1_5_TPM.7z','HSRP1_5_TPM.7z','2019-03-21 12:31:13'),(300,6,9,14,308,305,304,'HSRP1_5_TPM.7z','HSRP1_5_TPM.7z','2019-03-21 12:36:18'),(301,6,9,14,309,306,305,'HSRP1_5_TPM.7z','HSRP1_5_TPM.7z','2019-03-21 12:38:07'),(302,6,9,14,310,307,306,'HSRP1_5_TPM.7z','HSRP1_5_TPM.7z','2019-03-22 01:26:33'),(303,6,9,14,311,308,307,'HSRP1_5_TPM.7z','HSRP1_5_TPM.7z','2019-03-22 01:32:42'),(305,6,2,14,313,310,309,'REP1_HXT1.1_48_20190326060557.7z','std_bench/HSRP_V1.6/specjbb/REP1_HXT1.1_48_20190326060557.7z','2019-03-26 06:06:02'),(306,6,4,12,314,311,310,'REP1_HXT1.1_48_20190327055834.7z','std_bench/HSRP_V1.5/iperf/REP1_HXT1.1_48_20190327055834.7z','2019-03-27 05:58:44'),(307,6,4,12,315,312,311,'REP1_HXT1.1_48_20190327055955.7z','std_bench/HSRP_V1.5/iperf/REP1_HXT1.1_48_20190327055955.7z','2019-03-27 06:00:00'),(308,6,5,12,316,313,312,'REP1_HXT1.1_48_20190327060349.7z','std_bench/HSRP_V1.5/fio/REP1_HXT1.1_48_20190327060349.7z','2019-03-27 06:03:55'),(309,6,9,14,317,314,313,'REP1_HXT1.1_48_20190327141151.7z','std_bench/HSRP_V1.6/lmbench-latency/REP1_HXT1.1_48_20190327141151.7z','2019-03-27 06:11:57'),(310,6,5,12,318,315,314,'REP1_HXT1.1_48_20190328141523.7z','std_bench/HSRP_V1.5/fio/REP1_HXT1.1_48_20190328141523.7z','2019-03-28 06:15:28'),(311,6,5,12,319,316,315,'REP1_HXT1.1_48_20190328142133.7z','std_bench/HSRP_V1.5/fio/REP1_HXT1.1_48_20190328142133.7z','2019-03-28 06:21:37');
/*!40000 ALTER TABLE `testcase_execution` ENABLE KEYS */;
UNLOCK TABLES;

--
-- Table structure for table `testcase_keyword_relation`
--

DROP TABLE IF EXISTS `testcase_keyword_relation`;
/*!40101 SET @saved_cs_client     = @@character_set_client */;
/*!40101 SET character_set_client = utf8 */;
CREATE TABLE `testcase_keyword_relation` (
  `id` int(10) unsigned NOT NULL AUTO_INCREMENT,
  `testcase_id` smallint(5) unsigned NOT NULL,
  `keyword_id` smallint(5) unsigned NOT NULL,
  `default_keyword` enum('0','1') NOT NULL DEFAULT '0',
  PRIMARY KEY (`id`),
  UNIQUE KEY `u_keyword_testcase` (`testcase_id`,`keyword_id`),
  KEY `fk_keyword_relation` (`keyword_id`)
) ENGINE=InnoDB AUTO_INCREMENT=57 DEFAULT CHARSET=latin1;
/*!40101 SET character_set_client = @saved_cs_client */;

--
-- Dumping data for table `testcase_keyword_relation`
--

LOCK TABLES `testcase_keyword_relation` WRITE;
/*!40000 ALTER TABLE `testcase_keyword_relation` DISABLE KEYS */;
INSERT INTO `testcase_keyword_relation` VALUES (1,1,1,'1'),(2,1,2,'1'),(3,1,3,'1'),(4,1,4,'1'),(5,1,5,'0'),(6,1,6,'0'),(7,1,9,'0'),(8,1,10,'0'),(9,1,11,'0'),(10,2,1,'1'),(11,2,2,'1'),(12,2,3,'1'),(13,2,4,'1'),(14,2,5,'0'),(15,2,6,'0'),(16,2,9,'0'),(17,2,10,'0'),(18,2,11,'0'),(19,9,1,'1'),(20,9,2,'1'),(21,9,3,'1'),(22,9,4,'1'),(23,9,5,'0'),(24,9,6,'0'),(25,9,9,'0'),(26,9,10,'0'),(27,9,11,'0'),(28,4,1,'1'),(29,4,2,'1'),(30,4,3,'1'),(31,4,4,'1'),(32,4,5,'0'),(33,4,6,'0'),(34,4,7,'0'),(35,4,9,'0'),(36,4,10,'0'),(37,4,11,'0'),(38,5,1,'1'),(39,5,2,'1'),(40,5,3,'1'),(41,5,4,'1'),(42,5,5,'0'),(43,5,6,'0'),(44,5,8,'0'),(45,5,9,'0'),(46,5,10,'0'),(47,5,11,'0'),(48,8,1,'1'),(49,8,2,'1'),(50,8,3,'1'),(51,8,4,'1'),(52,8,5,'0'),(53,8,6,'0'),(54,8,9,'0'),(55,8,10,'0'),(56,8,11,'0');
/*!40000 ALTER TABLE `testcase_keyword_relation` ENABLE KEYS */;
UNLOCK TABLES;

--
-- Table structure for table `tune_conf`
--

DROP TABLE IF EXISTS `tune_conf`;
/*!40101 SET @saved_cs_client     = @@character_set_client */;
/*!40101 SET character_set_client = utf8 */;
CREATE TABLE `tune_conf` (
  `id` int(10) unsigned NOT NULL AUTO_INCREMENT,
  `cpu_avaiable_govorner` varchar(64) NOT NULL,
  `cpu_current_govorner` varchar(16) NOT NULL,
  `irq_balance_status` varchar(16) NOT NULL,
  `tuned_profile` varchar(16) NOT NULL,
  `firewall_status` varchar(12) NOT NULL,
  `auditd_status` varchar(12) NOT NULL,
  `customization` varchar(4096) DEFAULT NULL,
  PRIMARY KEY (`id`)
) ENGINE=InnoDB AUTO_INCREMENT=316 DEFAULT CHARSET=latin1;
/*!40101 SET character_set_client = @saved_cs_client */;

--
-- Dumping data for table `tune_conf`
--

LOCK TABLES `tune_conf` WRITE;
/*!40000 ALTER TABLE `tune_conf` DISABLE KEYS */;
INSERT INTO `tune_conf` VALUES (207,'conservative ondemand userspace powersave performance schedutil','conservative','active','balanced','inactive','inactive',' '),(210,'conservative ondemand userspace powersave performance schedutil','conservative','active','balanced','inactive','inactive',' '),(214,'conservative ondemand userspace powersave performance schedutil','conservative','active','balanced','inactive','inactive',' '),(217,'conservative ondemand userspace powersave performance schedutil','conservative','active','balanced','inactive','inactive',' '),(218,'conservative ondemand userspace powersave performance schedutil','conservative','active','balanced','inactive','inactive',' '),(219,'conservative ondemand userspace powersave performance schedutil','conservative','active','balanced','inactive','inactive',' '),(220,'conservative ondemand userspace powersave performance schedutil','conservative','active','balanced','inactive','inactive',' '),(222,'conservative ondemand userspace powersave performance schedutil','conservative','active','balanced','inactive','inactive',' '),(223,'conservative ondemand userspace powersave performance schedutil','conservative','active','balanced','inactive','inactive',' '),(224,'conservative ondemand userspace powersave performance schedutil','conservative','active','balanced','inactive','inactive',' '),(226,'conservative ondemand userspace powersave performance schedutil','conservative','active','balanced','inactive','inactive',' '),(227,'conservative ondemand userspace powersave performance schedutil','conservative','active','balanced','inactive','inactive',' '),(228,'conservative ondemand userspace powersave performance schedutil','conservative','active','balanced','inactive','inactive',' '),(229,'conservative ondemand userspace powersave performance schedutil','conservative','active','balanced','inactive','inactive',' '),(230,'conservative ondemand userspace powersave performance schedutil','conservative','active','balanced','inactive','inactive',' '),(236,'conservative ondemand userspace powersave performance schedutil','conservative','active','balanced','inactive','inactive',' '),(238,'conservative ondemand userspace powersave performance schedutil','conservative','active','balanced','inactive','inactive','N/A'),(241,'conservative ondemand userspace powersave performance schedutil','conservative','active','balanced','inactive','inactive',' '),(245,'conservative ondemand userspace powersave performance schedutil','conservative','active','balanced','inactive','inactive',' '),(247,'conservative ondemand userspace powersave performance schedutil','conservative','active','balanced','inactive','inactive',' '),(252,'conservative ondemand userspace powersave performance schedutil','conservative','active','balanced','inactive','inactive',' '),(256,'conservative ondemand userspace powersave performance schedutil','conservative','active','balanced','inactive','inactive',' '),(257,'conservative ondemand userspace powersave performance schedutil','conservative','active','balanced','inactive','inactive',' '),(259,'conservative ondemand userspace powersave performance schedutil','conservative','active','balanced','inactive','inactive',' '),(261,'conservative ondemand userspace powersave performance schedutil','conservative','active','balanced','inactive','inactive',' '),(262,'conservative ondemand userspace powersave performance schedutil','conservative','active','balanced','inactive','inactive',' '),(263,'conservative ondemand userspace powersave performance schedutil','conservative','active','balanced','inactive','inactive',' '),(264,'conservative ondemand userspace powersave performance schedutil','conservative','active','balanced','inactive','inactive',' '),(265,'conservative ondemand userspace powersave performance schedutil','conservative','active','balanced','inactive','inactive',' '),(266,'conservative ondemand userspace powersave performance schedutil','conservative','active','balanced','inactive','inactive',' '),(268,'conservative ondemand userspace powersave performance schedutil','conservative','active','balanced','inactive','inactive','Updated by Chi Xu'),(269,'conservative ondemand userspace powersave performance schedutil','conservative','active','balanced','inactive','inactive',' '),(270,'conservative ondemand userspace powersave performance schedutil','conservative','active','balanced','inactive','inactive',' '),(272,'conservative ondemand userspace powersave performance schedutil','conservative','active','balanced','inactive','inactive','Updated by Xu Chi'),(273,'conservative ondemand userspace powersave performance schedutil','conservative','active','balanced','inactive','inactive',' '),(276,'conservative ondemand userspace powersave performance schedutil','conservative','active','balanced','inactive','inactive',' '),(277,'conservative ondemand userspace powersave performance schedutil','conservative','active','balanced','inactive','inactive',' '),(279,'conservative ondemand userspace powersave performance schedutil','conservative','active','balanced','inactive','inactive',' '),(284,'conservative ondemand userspace powersave performance schedutil','conservative','active','balanced','inactive','inactive',' '),(285,'conservative ondemand userspace powersave performance schedutil','conservative','active','balanced','inactive','inactive',' '),(287,'conservative ondemand userspace powersave performance schedutil','conservative','active','balanced','inactive','inactive',' '),(288,'conservative ondemand userspace powersave performance schedutil','conservative','active','balanced','inactive','inactive',' '),(289,'conservative ondemand userspace powersave performance schedutil','conservative','active','balanced','inactive','inactive',' '),(290,'conservative ondemand userspace powersave performance schedutil','conservative','active','balanced','inactive','inactive',' '),(291,'conservative ondemand userspace powersave performance schedutil','conservative','active','balanced','inactive','inactive',' '),(292,'conservative ondemand userspace powersave performance schedutil','conservative','active','balanced','inactive','inactive',' '),(294,'conservative ondemand userspace powersave performance schedutil','conservative','active','balanced','inactive','inactive',' '),(296,'conservative ondemand userspace powersave performance schedutil','conservative','active','balanced','inactive','inactive',' '),(297,'conservative ondemand userspace powersave performance schedutil','conservative','active','balanced','inactive','inactive','N/Adddd'),(299,'conservative ondemand userspace powersave performance schedutil','conservative','active','balanced','inactive','inactive',' '),(300,'conservative ondemand userspace powersave performance schedutil','conservative','active','balanced','inactive','inactive',' '),(304,'conservative ondemand userspace powersave performance schedutil','conservative','active','balanced','inactive','inactive',' '),(305,'conservative ondemand userspace powersave performance schedutil','conservative','active','balanced','inactive','inactive',' '),(306,'conservative ondemand userspace powersave performance schedutil','conservative','active','balanced','inactive','inactive',' '),(307,'conservative ondemand userspace powersave performance schedutil','conservative','active','balanced','inactive','inactive',' '),(309,'conservative ondemand userspace powersave performance schedutil','conservative','active','balanced','inactive','inactive',' '),(310,'conservative ondemand userspace powersave performance schedutil','conservative','active','balanced','inactive','inactive',' '),(311,'conservative ondemand userspace powersave performance schedutil','conservative','active','balanced','inactive','inactive',' '),(312,'conservative ondemand userspace powersave performance schedutil','conservative','active','balanced','inactive','inactive',' '),(313,'conservative ondemand userspace powersave performance schedutil','conservative','active','balanced','inactive','inactive',' '),(314,'conservative ondemand userspace powersave performance schedutil','conservative','active','balanced','inactive','inactive',NULL),(315,'conservative ondemand userspace powersave performance schedutil','conservative','active','balanced','inactive','inactive',' ');
/*!40000 ALTER TABLE `tune_conf` ENABLE KEYS */;
UNLOCK TABLES;

--
-- Table structure for table `user`
--

DROP TABLE IF EXISTS `user`;
/*!40101 SET @saved_cs_client     = @@character_set_client */;
/*!40101 SET character_set_client = utf8 */;
CREATE TABLE `user` (
  `id` smallint(5) unsigned NOT NULL AUTO_INCREMENT,
  `role_id` tinyint(3) unsigned DEFAULT NULL,
  `employee_id` varchar(16) CHARACTER SET latin1 NOT NULL,
  `username` varchar(24) CHARACTER SET latin1 NOT NULL,
  `password` varchar(512) CHARACTER SET latin1 DEFAULT NULL,
  `mail_address` varchar(32) CHARACTER SET latin1 NOT NULL,
  `department` varchar(128) DEFAULT NULL,
  `last_update` timestamp NOT NULL DEFAULT CURRENT_TIMESTAMP ON UPDATE CURRENT_TIMESTAMP,
  PRIMARY KEY (`id`),
  UNIQUE KEY `employee_id` (`employee_id`),
  UNIQUE KEY `mail_address` (`mail_address`),
  KEY `fk_role` (`role_id`),
  CONSTRAINT `fk_role` FOREIGN KEY (`role_id`) REFERENCES `role` (`id`) ON UPDATE CASCADE
) ENGINE=InnoDB AUTO_INCREMENT=36 DEFAULT CHARSET=utf8;
/*!40101 SET character_set_client = @saved_cs_client */;

--
-- Dumping data for table `user`
--

LOCK TABLES `user` WRITE;
/*!40000 ALTER TABLE `user` DISABLE KEYS */;
INSERT INTO `user` VALUES (6,NULL,'1680320','Guo Yao',NULL,'yao.guo@hxt-semitech@com','SW/System-Software Testing','2018-12-19 02:31:26'),(7,NULL,'1680342','Yun Lei',NULL,'yun.lei@hxt-semitech.com','SW/System-Software Testing','2018-12-21 07:00:28'),(8,NULL,'1680509','Guanghai Yang',NULL,'guanghai.yang@hxt-semitech.com','SW/System-Server app and solution','2018-12-21 07:01:05'),(9,NULL,'1680210','Xiaoying Yan',NULL,'xiaoying.yan@hxt-semitech.com','SW/System-Software Testing','2018-12-21 09:23:45'),(10,NULL,'1680505','Chi Xu',NULL,'chi.xu@hxt-semitech.com','SW/System-Software Testing','2018-12-24 02:34:46'),(11,NULL,'1680191','Guoqi Liao',NULL,'guoqi.liao@hxt-semitech.com','SW/System-Software Testing','2018-12-24 06:56:06'),(12,NULL,'1680238','Xiaoyan Zhao',NULL,'xiaoyan.zhao@hxt-semitech.com','SW-Software Testing','2018-12-27 06:27:25'),(13,NULL,'1680158','Xiaoping Jiang',NULL,'xiaoping.jiang@hxt-semitech.com','SW/System-Software Testing','2018-12-27 09:01:49'),(14,NULL,'1680211','Liang Chi',NULL,'liang.chi@hxt-semitech.com','SW/System-Software Testing','2018-12-27 09:01:53'),(15,NULL,'1680461','Yawei Li',NULL,'yawei.li@hxt-semitech.com','SW/System-Software Testing','2018-12-27 09:03:37'),(16,NULL,'1680338','Peipei Ning',NULL,'peipei.ning@hxt-semitech.com','SW/System-Software Testing','2018-12-28 06:36:50'),(17,NULL,'1680273','Yongtao Li',NULL,'yongtao.li@hxt-semitech.com','SW/System-Software Testing','2019-01-09 06:43:22'),(18,NULL,'1680515','Zhengjie Li',NULL,'zhengjie.li@hxt-semitech.com','SW/System-Software Testing','2019-01-28 01:43:13'),(19,NULL,'1680313','Shuai Cheng',NULL,'shuai.cheng@hxt-semitech.com','SW/System-Software Testing','2019-01-29 08:30:57'),(20,NULL,'1680337','Wei Xu',NULL,'wei.xu@hxt-semitech.com','SW/System-Software Testing','2019-02-22 03:09:48'),(21,NULL,'1680305','Huanao Qiao',NULL,'huanao.qiao@hxt-semitech.com','SW/System-Software Testing','2019-02-28 13:58:05'),(22,NULL,'1680537','Liang Liang',NULL,'liang.liang@hxt-semitech.com','SW/System-Firmware & OS','2019-03-05 07:43:46'),(23,NULL,'1680506','Mi Liu',NULL,'mi.liu@hxt-semitech.com','SW/System-Enablement, firmware&OS','2019-03-05 08:13:27'),(24,NULL,'1680489','Yongqing Yu',NULL,'yongqing.yu@hxt-semitech.com','SW/System-Enablement, Firmware&OS','2019-03-05 08:21:40'),(25,NULL,'1680296','Xinxiu Yang',NULL,'xinxiu.yang@hxt-semitech.com','SW/System-Enablement, Firmware&OS','2019-03-05 08:37:38'),(26,NULL,'1680468','Ruixuan Li',NULL,'ruixuan.li@hxt-semitech.com','SW/System-System/Platform Design','2019-03-06 02:54:33'),(27,NULL,'1680513','Feiyan An',NULL,'feiyan.an@hxt-semitech.com','SW/System-Software Testing','2019-03-06 09:05:07'),(28,NULL,'1680565','Yu Qi',NULL,'yu.qi@hxt-semitech.com','SW/System-Software Testing','2019-03-06 09:09:51'),(29,NULL,'1680288','Jianhua Xie',NULL,'jianhua.xie@hxt-semitech.com','SW/System-Software Architect','2019-03-06 09:15:45'),(30,NULL,'1680128','Huitao Shen',NULL,'huitao.shen@hxt-semitech.com','IT','2019-03-06 10:06:31'),(31,NULL,'1680339','Junjie Peng',NULL,'junjie.peng@hxt-semitech.com','SW/System-Server Application and Solution','2019-03-06 10:18:03'),(32,NULL,'1680249','Jun Yang',NULL,'jun.yang@hxt-semitech.com','SW-Server Application&Solution','2019-03-07 06:56:55'),(33,NULL,'1680181','Hao Xu',NULL,'hao.xu@hxt-semitech.com','SW/System-Application Engineering','2019-03-07 09:43:39'),(34,NULL,'1680143','Yutang2 Jiang',NULL,'yutang2.jiang@hxt-semitech.com','S/W-','2019-03-08 06:54:54'),(35,NULL,'1680510','Mingfu Dai',NULL,'mingfu.dai@hxt-semitech.com','SW/System-SW Testing','2019-03-08 07:41:34');
/*!40000 ALTER TABLE `user` ENABLE KEYS */;
UNLOCK TABLES;

--
-- Temporary table structure for view `v_fio_filter`
--

DROP TABLE IF EXISTS `v_fio_filter`;
/*!50001 DROP VIEW IF EXISTS `v_fio_filter`*/;
SET @saved_cs_client     = @@character_set_client;
SET character_set_client = utf8;
/*!50001 CREATE VIEW `v_fio_filter` AS SELECT 
 1 AS `id`,
 1 AS `testcase_name`,
 1 AS `version`,
 1 AS `board_type`,
 1 AS `cpu_type`,
 1 AS `total_threads`,
 1 AS `os`,
 1 AS `kernel`,
 1 AS `gcc`,
 1 AS `username`,
 1 AS `last_update`,
 1 AS `disk_type`*/;
SET character_set_client = @saved_cs_client;

--
-- Temporary table structure for view `v_iperf_filter`
--

DROP TABLE IF EXISTS `v_iperf_filter`;
/*!50001 DROP VIEW IF EXISTS `v_iperf_filter`*/;
SET @saved_cs_client     = @@character_set_client;
SET character_set_client = utf8;
/*!50001 CREATE VIEW `v_iperf_filter` AS SELECT 
 1 AS `id`,
 1 AS `testcase_name`,
 1 AS `version`,
 1 AS `board_type`,
 1 AS `cpu_type`,
 1 AS `total_threads`,
 1 AS `os`,
 1 AS `kernel`,
 1 AS `gcc`,
 1 AS `username`,
 1 AS `last_update`,
 1 AS `speed`*/;
SET character_set_client = @saved_cs_client;

--
-- Temporary table structure for view `v_release_platform`
--

DROP TABLE IF EXISTS `v_release_platform`;
/*!50001 DROP VIEW IF EXISTS `v_release_platform`*/;
SET @saved_cs_client     = @@character_set_client;
SET character_set_client = utf8;
/*!50001 CREATE VIEW `v_release_platform` AS SELECT 
 1 AS `id`,
 1 AS `version`,
 1 AS `name`,
 1 AS `full`*/;
SET character_set_client = @saved_cs_client;

--
-- Temporary table structure for view `v_release_soc`
--

DROP TABLE IF EXISTS `v_release_soc`;
/*!50001 DROP VIEW IF EXISTS `v_release_soc`*/;
SET @saved_cs_client     = @@character_set_client;
SET character_set_client = utf8;
/*!50001 CREATE VIEW `v_release_soc` AS SELECT 
 1 AS `id`,
 1 AS `version`,
 1 AS `name`,
 1 AS `full`*/;
SET character_set_client = @saved_cs_client;

--
-- Temporary table structure for view `v_testcase_keyword`
--

DROP TABLE IF EXISTS `v_testcase_keyword`;
/*!50001 DROP VIEW IF EXISTS `v_testcase_keyword`*/;
SET @saved_cs_client     = @@character_set_client;
SET character_set_client = utf8;
/*!50001 CREATE VIEW `v_testcase_keyword` AS SELECT 
 1 AS `testcase_name`,
 1 AS `name`,
 1 AS `default_keyword`,
 1 AS `priority`*/;
SET character_set_client = @saved_cs_client;

--
-- Final view structure for view `filter_view`
--

/*!50001 DROP VIEW IF EXISTS `filter_view`*/;
/*!50001 SET @saved_cs_client          = @@character_set_client */;
/*!50001 SET @saved_cs_results         = @@character_set_results */;
/*!50001 SET @saved_col_connection     = @@collation_connection */;
/*!50001 SET character_set_client      = utf8 */;
/*!50001 SET character_set_results     = utf8 */;
/*!50001 SET collation_connection      = utf8_general_ci */;
/*!50001 CREATE ALGORITHM=UNDEFINED */
/*!50013 DEFINER=`root`@`localhost` SQL SECURITY DEFINER */
/*!50001 VIEW `filter_view` AS select `e`.`id` AS `id`,`t`.`testcase_name` AS `testcase_name`,`r`.`version` AS `version`,`h`.`board_type` AS `board_type`,`h`.`cpu_type` AS `cpu_type`,`h`.`total_threads` AS `total_threads`,`s`.`os` AS `os`,`s`.`kernel` AS `kernel`,`s`.`gcc` AS `gcc`,`u`.`username` AS `username`,`e`.`last_update` AS `last_update` from (((((`testcase_execution` `e` join `testcase` `t`) join `hardware_conf` `h`) join `software_conf` `s`) join `user` `u`) join `release_version` `r`) where ((`e`.`testcase_id` = `t`.`id`) and (`e`.`hw_config_id` = `h`.`id`) and (`e`.`sw_config_id` = `s`.`id`) and (`e`.`user_id` = `u`.`id`) and (`e`.`release_id` = `r`.`id`)) order by `t`.`testcase_name`,`r`.`version` */;
/*!50001 SET character_set_client      = @saved_cs_client */;
/*!50001 SET character_set_results     = @saved_cs_results */;
/*!50001 SET collation_connection      = @saved_col_connection */;

--
-- Final view structure for view `v_fio_filter`
--

/*!50001 DROP VIEW IF EXISTS `v_fio_filter`*/;
/*!50001 SET @saved_cs_client          = @@character_set_client */;
/*!50001 SET @saved_cs_results         = @@character_set_results */;
/*!50001 SET @saved_col_connection     = @@collation_connection */;
/*!50001 SET character_set_client      = utf8 */;
/*!50001 SET character_set_results     = utf8 */;
/*!50001 SET collation_connection      = utf8_general_ci */;
/*!50001 CREATE ALGORITHM=UNDEFINED */
/*!50013 DEFINER=`root`@`localhost` SQL SECURITY DEFINER */
/*!50001 VIEW `v_fio_filter` AS select `v`.`id` AS `id`,`v`.`testcase_name` AS `testcase_name`,`v`.`version` AS `version`,`v`.`board_type` AS `board_type`,`v`.`cpu_type` AS `cpu_type`,`v`.`total_threads` AS `total_threads`,`v`.`os` AS `os`,`v`.`kernel` AS `kernel`,`v`.`gcc` AS `gcc`,`v`.`username` AS `username`,`v`.`last_update` AS `last_update`,`f`.`disk_type` AS `disk_type` from (`filter_view` `v` join `fio` `f`) where (`v`.`id` = `f`.`testcase_execution_id`) */;
/*!50001 SET character_set_client      = @saved_cs_client */;
/*!50001 SET character_set_results     = @saved_cs_results */;
/*!50001 SET collation_connection      = @saved_col_connection */;

--
-- Final view structure for view `v_iperf_filter`
--

/*!50001 DROP VIEW IF EXISTS `v_iperf_filter`*/;
/*!50001 SET @saved_cs_client          = @@character_set_client */;
/*!50001 SET @saved_cs_results         = @@character_set_results */;
/*!50001 SET @saved_col_connection     = @@collation_connection */;
/*!50001 SET character_set_client      = utf8 */;
/*!50001 SET character_set_results     = utf8 */;
/*!50001 SET collation_connection      = utf8_general_ci */;
/*!50001 CREATE ALGORITHM=UNDEFINED */
/*!50013 DEFINER=`root`@`localhost` SQL SECURITY DEFINER */
/*!50001 VIEW `v_iperf_filter` AS select `v`.`id` AS `id`,`v`.`testcase_name` AS `testcase_name`,`v`.`version` AS `version`,`v`.`board_type` AS `board_type`,`v`.`cpu_type` AS `cpu_type`,`v`.`total_threads` AS `total_threads`,`v`.`os` AS `os`,`v`.`kernel` AS `kernel`,`v`.`gcc` AS `gcc`,`v`.`username` AS `username`,`v`.`last_update` AS `last_update`,`i`.`speed` AS `speed` from (`filter_view` `v` join `iperf` `i`) where (`v`.`id` = `i`.`testcase_execution_id`) */;
/*!50001 SET character_set_client      = @saved_cs_client */;
/*!50001 SET character_set_results     = @saved_cs_results */;
/*!50001 SET collation_connection      = @saved_col_connection */;

--
-- Final view structure for view `v_release_platform`
--

/*!50001 DROP VIEW IF EXISTS `v_release_platform`*/;
/*!50001 SET @saved_cs_client          = @@character_set_client */;
/*!50001 SET @saved_cs_results         = @@character_set_results */;
/*!50001 SET @saved_col_connection     = @@collation_connection */;
/*!50001 SET character_set_client      = utf8 */;
/*!50001 SET character_set_results     = utf8 */;
/*!50001 SET collation_connection      = utf8_general_ci */;
/*!50001 CREATE ALGORITHM=UNDEFINED */
/*!50013 DEFINER=`root`@`localhost` SQL SECURITY DEFINER */
/*!50001 VIEW `v_release_platform` AS select `r`.`id` AS `id`,`v`.`version` AS `version`,`p`.`name` AS `name`,`r`.`full` AS `full` from ((`release_version` `v` join `platform` `p`) join `release_platform_relation` `r`) where ((`r`.`release_id` = `v`.`id`) and (`r`.`platform_id` = `p`.`id`)) order by `r`.`id` */;
/*!50001 SET character_set_client      = @saved_cs_client */;
/*!50001 SET character_set_results     = @saved_cs_results */;
/*!50001 SET collation_connection      = @saved_col_connection */;

--
-- Final view structure for view `v_release_soc`
--

/*!50001 DROP VIEW IF EXISTS `v_release_soc`*/;
/*!50001 SET @saved_cs_client          = @@character_set_client */;
/*!50001 SET @saved_cs_results         = @@character_set_results */;
/*!50001 SET @saved_col_connection     = @@collation_connection */;
/*!50001 SET character_set_client      = utf8 */;
/*!50001 SET character_set_results     = utf8 */;
/*!50001 SET collation_connection      = utf8_general_ci */;
/*!50001 CREATE ALGORITHM=UNDEFINED */
/*!50013 DEFINER=`root`@`localhost` SQL SECURITY DEFINER */
/*!50001 VIEW `v_release_soc` AS select `r`.`id` AS `id`,`v`.`version` AS `version`,`s`.`name` AS `name`,`r`.`full` AS `full` from ((`release_version` `v` join `soc` `s`) join `release_soc_relation` `r`) where ((`r`.`release_id` = `v`.`id`) and (`r`.`soc_id` = `s`.`id`)) order by `r`.`id` */;
/*!50001 SET character_set_client      = @saved_cs_client */;
/*!50001 SET character_set_results     = @saved_cs_results */;
/*!50001 SET collation_connection      = @saved_col_connection */;

--
-- Final view structure for view `v_testcase_keyword`
--

/*!50001 DROP VIEW IF EXISTS `v_testcase_keyword`*/;
/*!50001 SET @saved_cs_client          = @@character_set_client */;
/*!50001 SET @saved_cs_results         = @@character_set_results */;
/*!50001 SET @saved_col_connection     = @@collation_connection */;
/*!50001 SET character_set_client      = utf8 */;
/*!50001 SET character_set_results     = utf8 */;
/*!50001 SET collation_connection      = utf8_general_ci */;
/*!50001 CREATE ALGORITHM=UNDEFINED */
/*!50013 DEFINER=`root`@`localhost` SQL SECURITY DEFINER */
/*!50001 VIEW `v_testcase_keyword` AS select `t`.`testcase_name` AS `testcase_name`,`k`.`name` AS `name`,`r`.`default_keyword` AS `default_keyword`,`k`.`priority` AS `priority` from ((`testcase` `t` join `keyword` `k`) join `testcase_keyword_relation` `r`) where ((`t`.`id` = `r`.`testcase_id`) and (`k`.`id` = `r`.`keyword_id`)) */;
/*!50001 SET character_set_client      = @saved_cs_client */;
/*!50001 SET character_set_results     = @saved_cs_results */;
/*!50001 SET collation_connection      = @saved_col_connection */;
/*!40103 SET TIME_ZONE=@OLD_TIME_ZONE */;

/*!40101 SET SQL_MODE=@OLD_SQL_MODE */;
/*!40014 SET FOREIGN_KEY_CHECKS=@OLD_FOREIGN_KEY_CHECKS */;
/*!40014 SET UNIQUE_CHECKS=@OLD_UNIQUE_CHECKS */;
/*!40101 SET CHARACTER_SET_CLIENT=@OLD_CHARACTER_SET_CLIENT */;
/*!40101 SET CHARACTER_SET_RESULTS=@OLD_CHARACTER_SET_RESULTS */;
/*!40101 SET COLLATION_CONNECTION=@OLD_COLLATION_CONNECTION */;
/*!40111 SET SQL_NOTES=@OLD_SQL_NOTES */;

-- Dump completed on 2019-04-04 15:09:51
